2025-11-12 16:48:38,082: nbed.utils: DEBUG: Logging initialised.
2025-11-12 16:49:18,342: h5py._conv: DEBUG: Creating converter from 5 to 3
2025-11-12 16:49:23,200: nbed.config: DEBUG: Input geometry does not match existing file
2025-11-12 16:49:23,200: nbed.embed: INFO: Running Nbed with:
	config	geometry='5\n\nP 0.0 0.0 0.0\nO 0.0 0.0 1.713\nO 0.0 1.615 -0.571\nO 1.399 -0.807 -0.571\nO -1.399 -0.807 -0.571' n_active_atoms=2 basis='sto-3g' xc_functional='b3lyp' projector=<ProjectorEnum.MU: 'mu'> localization=<LocalizerEnum.SPADE: 'spade'> convergence=1e-06 charge=0 spin=0 unit='angstrom' symmetry=False savefile=None run_ccsd_emb=False run_fci_emb=False run_virtual_localization=True run_dft_in_dft=False mm_coords=None mm_charges=None mm_radii=None n_mo_overwrite=(None, None) mu_level_shift=1000000.0 occupied_threshold=0.95 virtual_threshold=0.95 max_shells=4 init_huzinaga_rhf_with_mu=False force_unrestricted=False max_ram_memory=4000 max_hf_cycles=50 max_dft_cycles=50
	keywords	{}
2025-11-12 16:49:23,201: nbed.embed: INFO: Using validated config.
2025-11-12 16:49:23,201: nbed.driver: DEBUG: Initialising NbedDriver with config:
2025-11-12 16:49:23,201: nbed.driver: DEBUG: {"geometry":"5\n\nP 0.0 0.0 0.0\nO 0.0 0.0 1.713\nO 0.0 1.615 -0.571\nO 1.399 -0.807 -0.571\nO -1.399 -0.807 -0.571","n_active_atoms":2,"basis":"sto-3g","xc_functional":"b3lyp","projector":"mu","localization":"spade","convergence":1e-6,"charge":0,"spin":0,"unit":"angstrom","symmetry":false,"savefile":null,"run_ccsd_emb":false,"run_fci_emb":false,"run_virtual_localization":true,"run_dft_in_dft":false,"mm_coords":null,"mm_charges":null,"mm_radii":null,"n_mo_overwrite":[null,null],"mu_level_shift":1000000.0,"occupied_threshold":0.95,"virtual_threshold":0.95,"max_shells":4,"init_huzinaga_rhf_with_mu":false,"force_unrestricted":false,"max_ram_memory":4000,"max_hf_cycles":50,"max_dft_cycles":50}
2025-11-12 16:49:23,201: nbed.driver: DEBUG: Embedding molecule.
2025-11-12 16:49:23,201: nbed.driver: DEBUG: Running full system KS DFT.
2025-11-12 16:49:23,201: nbed.driver: DEBUG: Constructing molecule.
2025-11-12 16:49:23,201: nbed.driver: INFO: Molecule input geometry: 5

P 0.0 0.0 0.0
O 0.0 0.0 1.713
O 0.0 1.615 -0.571
O 1.399 -0.807 -0.571
O -1.399 -0.807 -0.571
2025-11-12 16:49:32,734: nbed.config: DEBUG: Input geometry does not match existing file
2025-11-12 16:49:32,734: nbed.embed: INFO: Running Nbed with:
	config	geometry='5\n\nP 0.0 0.0 0.0\nO 0.0 0.0 1.713\nO 0.0 1.615 -0.571\nO 1.399 -0.807 -0.571\nO -1.399 -0.807 -0.571' n_active_atoms=2 basis='sto-3g' xc_functional='b3lyp' projector=<ProjectorEnum.MU: 'mu'> localization=<LocalizerEnum.SPADE: 'spade'> convergence=1e-06 charge=0 spin=0 unit='angstrom' symmetry=False savefile=None run_ccsd_emb=False run_fci_emb=False run_virtual_localization=True run_dft_in_dft=False mm_coords=None mm_charges=None mm_radii=None n_mo_overwrite=(None, None) mu_level_shift=1000000.0 occupied_threshold=0.95 virtual_threshold=0.95 max_shells=4 init_huzinaga_rhf_with_mu=False force_unrestricted=False max_ram_memory=4000 max_hf_cycles=50 max_dft_cycles=50
	keywords	{}
2025-11-12 16:49:32,735: nbed.embed: INFO: Using validated config.
2025-11-12 16:49:32,735: nbed.driver: DEBUG: Initialising NbedDriver with config:
2025-11-12 16:49:32,735: nbed.driver: DEBUG: {"geometry":"5\n\nP 0.0 0.0 0.0\nO 0.0 0.0 1.713\nO 0.0 1.615 -0.571\nO 1.399 -0.807 -0.571\nO -1.399 -0.807 -0.571","n_active_atoms":2,"basis":"sto-3g","xc_functional":"b3lyp","projector":"mu","localization":"spade","convergence":1e-6,"charge":0,"spin":0,"unit":"angstrom","symmetry":false,"savefile":null,"run_ccsd_emb":false,"run_fci_emb":false,"run_virtual_localization":true,"run_dft_in_dft":false,"mm_coords":null,"mm_charges":null,"mm_radii":null,"n_mo_overwrite":[null,null],"mu_level_shift":1000000.0,"occupied_threshold":0.95,"virtual_threshold":0.95,"max_shells":4,"init_huzinaga_rhf_with_mu":false,"force_unrestricted":false,"max_ram_memory":4000,"max_hf_cycles":50,"max_dft_cycles":50}
2025-11-12 16:49:32,735: nbed.driver: DEBUG: Embedding molecule.
2025-11-12 16:49:32,735: nbed.driver: DEBUG: Running full system KS DFT.
2025-11-12 16:49:32,735: nbed.driver: DEBUG: Constructing molecule.
2025-11-12 16:49:32,735: nbed.driver: INFO: Molecule input geometry: 5

P 0.0 0.0 0.0
O 0.0 0.0 1.713
O 0.0 1.615 -0.571
O 1.399 -0.807 -0.571
O -1.399 -0.807 -0.571
2025-11-12 16:49:56,421: nbed.config: DEBUG: Input geometry does not match existing file
2025-11-12 16:49:56,422: nbed.embed: INFO: Running Nbed with:
	config	geometry='5\n\nP 0.0 0.0 0.0\nO 0.0 0.0 1.713\nO 0.0 1.615 -0.571\nO 1.399 -0.807 -0.571\nO -1.399 -0.807 -0.571' n_active_atoms=2 basis='sto-3g' xc_functional='b3lyp' projector=<ProjectorEnum.MU: 'mu'> localization=<LocalizerEnum.SPADE: 'spade'> convergence=1e-06 charge=0 spin=0 unit='angstrom' symmetry=False savefile=None run_ccsd_emb=False run_fci_emb=False run_virtual_localization=True run_dft_in_dft=False mm_coords=None mm_charges=None mm_radii=None n_mo_overwrite=(None, None) mu_level_shift=1000000.0 occupied_threshold=0.95 virtual_threshold=0.95 max_shells=4 init_huzinaga_rhf_with_mu=False force_unrestricted=False max_ram_memory=4000 max_hf_cycles=50 max_dft_cycles=50
	keywords	{}
2025-11-12 16:49:56,422: nbed.embed: INFO: Using validated config.
2025-11-12 16:49:56,422: nbed.driver: DEBUG: Initialising NbedDriver with config:
2025-11-12 16:49:56,422: nbed.driver: DEBUG: {"geometry":"5\n\nP 0.0 0.0 0.0\nO 0.0 0.0 1.713\nO 0.0 1.615 -0.571\nO 1.399 -0.807 -0.571\nO -1.399 -0.807 -0.571","n_active_atoms":2,"basis":"sto-3g","xc_functional":"b3lyp","projector":"mu","localization":"spade","convergence":1e-6,"charge":0,"spin":0,"unit":"angstrom","symmetry":false,"savefile":null,"run_ccsd_emb":false,"run_fci_emb":false,"run_virtual_localization":true,"run_dft_in_dft":false,"mm_coords":null,"mm_charges":null,"mm_radii":null,"n_mo_overwrite":[null,null],"mu_level_shift":1000000.0,"occupied_threshold":0.95,"virtual_threshold":0.95,"max_shells":4,"init_huzinaga_rhf_with_mu":false,"force_unrestricted":false,"max_ram_memory":4000,"max_hf_cycles":50,"max_dft_cycles":50}
2025-11-12 16:49:56,422: nbed.driver: DEBUG: Embedding molecule.
2025-11-12 16:49:56,423: nbed.driver: DEBUG: Running full system KS DFT.
2025-11-12 16:49:56,423: nbed.driver: DEBUG: Constructing molecule.
2025-11-12 16:49:56,423: nbed.driver: INFO: Molecule input geometry: 5

P 0.0 0.0 0.0
O 0.0 0.0 1.713
O 0.0 1.615 -0.571
O 1.399 -0.807 -0.571
O -1.399 -0.807 -0.571
2025-11-12 16:50:14,934: nbed.config: DEBUG: Input geometry does not match existing file
2025-11-12 16:50:14,934: nbed.embed: INFO: Running Nbed with:
	config	geometry='5\n\nP 0.0 0.0 0.0\nO 0.0 0.0 1.713\nO 0.0 1.615 -0.571\nO 1.399 -0.807 -0.571\nO -1.399 -0.807 -0.571' n_active_atoms=2 basis='sto-3g' xc_functional='b3lyp' projector=<ProjectorEnum.MU: 'mu'> localization=<LocalizerEnum.SPADE: 'spade'> convergence=1e-06 charge=0 spin=0 unit='angstrom' symmetry=False savefile=None run_ccsd_emb=False run_fci_emb=False run_virtual_localization=True run_dft_in_dft=False mm_coords=None mm_charges=None mm_radii=None n_mo_overwrite=(None, None) mu_level_shift=1000000.0 occupied_threshold=0.95 virtual_threshold=0.95 max_shells=4 init_huzinaga_rhf_with_mu=False force_unrestricted=False max_ram_memory=4000 max_hf_cycles=50 max_dft_cycles=50
	keywords	{}
2025-11-12 16:50:14,935: nbed.embed: INFO: Using validated config.
2025-11-12 16:50:14,935: nbed.driver: DEBUG: Initialising NbedDriver with config:
2025-11-12 16:50:14,935: nbed.driver: DEBUG: {"geometry":"5\n\nP 0.0 0.0 0.0\nO 0.0 0.0 1.713\nO 0.0 1.615 -0.571\nO 1.399 -0.807 -0.571\nO -1.399 -0.807 -0.571","n_active_atoms":2,"basis":"sto-3g","xc_functional":"b3lyp","projector":"mu","localization":"spade","convergence":1e-6,"charge":0,"spin":0,"unit":"angstrom","symmetry":false,"savefile":null,"run_ccsd_emb":false,"run_fci_emb":false,"run_virtual_localization":true,"run_dft_in_dft":false,"mm_coords":null,"mm_charges":null,"mm_radii":null,"n_mo_overwrite":[null,null],"mu_level_shift":1000000.0,"occupied_threshold":0.95,"virtual_threshold":0.95,"max_shells":4,"init_huzinaga_rhf_with_mu":false,"force_unrestricted":false,"max_ram_memory":4000,"max_hf_cycles":50,"max_dft_cycles":50}
2025-11-12 16:50:14,935: nbed.driver: DEBUG: Embedding molecule.
2025-11-12 16:50:14,935: nbed.driver: DEBUG: Running full system KS DFT.
2025-11-12 16:50:14,935: nbed.driver: DEBUG: Constructing molecule.
2025-11-12 16:50:14,935: nbed.driver: INFO: Molecule input geometry: 5

P 0.0 0.0 0.0
O 0.0 0.0 1.713
O 0.0 1.615 -0.571
O 1.399 -0.807 -0.571
O -1.399 -0.807 -0.571
2025-11-12 16:50:21,826: nbed.config: DEBUG: Input geometry does not match existing file
2025-11-12 16:50:21,827: nbed.embed: INFO: Running Nbed with:
	config	geometry='5\n\nP 0.0 0.0 0.0\nO 0.0 0.0 1.713\nO 0.0 1.615 -0.571\nO 1.399 -0.807 -0.571\nO -1.399 -0.807 -0.571' n_active_atoms=2 basis='sto-3g' xc_functional='b3lyp' projector=<ProjectorEnum.MU: 'mu'> localization=<LocalizerEnum.SPADE: 'spade'> convergence=1e-06 charge=0 spin=0 unit='angstrom' symmetry=False savefile=None run_ccsd_emb=False run_fci_emb=False run_virtual_localization=True run_dft_in_dft=False mm_coords=None mm_charges=None mm_radii=None n_mo_overwrite=(None, None) mu_level_shift=1000000.0 occupied_threshold=0.95 virtual_threshold=0.95 max_shells=4 init_huzinaga_rhf_with_mu=False force_unrestricted=False max_ram_memory=4000 max_hf_cycles=50 max_dft_cycles=50
	keywords	{}
2025-11-12 16:50:21,827: nbed.embed: INFO: Using validated config.
2025-11-12 16:50:21,827: nbed.driver: DEBUG: Initialising NbedDriver with config:
2025-11-12 16:50:21,828: nbed.driver: DEBUG: {"geometry":"5\n\nP 0.0 0.0 0.0\nO 0.0 0.0 1.713\nO 0.0 1.615 -0.571\nO 1.399 -0.807 -0.571\nO -1.399 -0.807 -0.571","n_active_atoms":2,"basis":"sto-3g","xc_functional":"b3lyp","projector":"mu","localization":"spade","convergence":1e-6,"charge":0,"spin":0,"unit":"angstrom","symmetry":false,"savefile":null,"run_ccsd_emb":false,"run_fci_emb":false,"run_virtual_localization":true,"run_dft_in_dft":false,"mm_coords":null,"mm_charges":null,"mm_radii":null,"n_mo_overwrite":[null,null],"mu_level_shift":1000000.0,"occupied_threshold":0.95,"virtual_threshold":0.95,"max_shells":4,"init_huzinaga_rhf_with_mu":false,"force_unrestricted":false,"max_ram_memory":4000,"max_hf_cycles":50,"max_dft_cycles":50}
2025-11-12 16:50:21,828: nbed.driver: DEBUG: Embedding molecule.
2025-11-12 16:50:21,828: nbed.driver: DEBUG: Running full system KS DFT.
2025-11-12 16:50:21,828: nbed.driver: DEBUG: Constructing molecule.
2025-11-12 16:50:21,828: nbed.driver: INFO: Molecule input geometry: 5

P 0.0 0.0 0.0
O 0.0 0.0 1.713
O 0.0 1.615 -0.571
O 1.399 -0.807 -0.571
O -1.399 -0.807 -0.571
2025-11-12 16:50:38,556: nbed.config: DEBUG: Input geometry does not match existing file
2025-11-12 16:50:48,911: nbed.config: DEBUG: Input geometry does not match existing file
2025-11-12 16:50:48,911: nbed.embed: INFO: Running Nbed with:
	config	geometry='5\n\nP 0.0 0.0 0.0\nO 0.0 0.0 1.713\nO 0.0 1.615 -0.571\nO 1.399 -0.807 -0.571\nO -1.399 -0.807 -0.571' n_active_atoms=2 basis='sto-3g' xc_functional='b3lyp' projector=<ProjectorEnum.MU: 'mu'> localization=<LocalizerEnum.SPADE: 'spade'> convergence=1e-06 charge=0 spin=0 unit='angstrom' symmetry=False savefile=None run_ccsd_emb=False run_fci_emb=False run_virtual_localization=True run_dft_in_dft=False mm_coords=None mm_charges=None mm_radii=None n_mo_overwrite=(None, None) mu_level_shift=1000000.0 occupied_threshold=0.95 virtual_threshold=0.95 max_shells=4 init_huzinaga_rhf_with_mu=False force_unrestricted=False max_ram_memory=4000 max_hf_cycles=50 max_dft_cycles=50
	keywords	{}
2025-11-12 16:50:48,911: nbed.embed: INFO: Using validated config.
2025-11-12 16:50:48,911: nbed.driver: DEBUG: Initialising NbedDriver with config:
2025-11-12 16:50:48,911: nbed.driver: DEBUG: {"geometry":"5\n\nP 0.0 0.0 0.0\nO 0.0 0.0 1.713\nO 0.0 1.615 -0.571\nO 1.399 -0.807 -0.571\nO -1.399 -0.807 -0.571","n_active_atoms":2,"basis":"sto-3g","xc_functional":"b3lyp","projector":"mu","localization":"spade","convergence":1e-6,"charge":0,"spin":0,"unit":"angstrom","symmetry":false,"savefile":null,"run_ccsd_emb":false,"run_fci_emb":false,"run_virtual_localization":true,"run_dft_in_dft":false,"mm_coords":null,"mm_charges":null,"mm_radii":null,"n_mo_overwrite":[null,null],"mu_level_shift":1000000.0,"occupied_threshold":0.95,"virtual_threshold":0.95,"max_shells":4,"init_huzinaga_rhf_with_mu":false,"force_unrestricted":false,"max_ram_memory":4000,"max_hf_cycles":50,"max_dft_cycles":50}
2025-11-12 16:50:48,912: nbed.driver: DEBUG: Embedding molecule.
2025-11-12 16:50:48,912: nbed.driver: DEBUG: Running full system KS DFT.
2025-11-12 16:50:48,912: nbed.driver: DEBUG: Constructing molecule.
2025-11-12 16:50:48,912: nbed.driver: INFO: Molecule input geometry: 5

P 0.0 0.0 0.0
O 0.0 0.0 1.713
O 0.0 1.615 -0.571
O 1.399 -0.807 -0.571
O -1.399 -0.807 -0.571
2025-11-12 16:50:56,622: nbed.config: DEBUG: Input geometry does not match existing file
2025-11-12 16:50:56,623: nbed.embed: INFO: Running Nbed with:
	config	geometry='5\n\nP 0.0 0.0 0.0\nO 0.0 0.0 1.713\nO 0.0 1.615 -0.571\nO 1.399 -0.807 -0.571\nO -1.399 -0.807 -0.571' n_active_atoms=2 basis='sto-3g' xc_functional='b3lyp' projector=<ProjectorEnum.MU: 'mu'> localization=<LocalizerEnum.SPADE: 'spade'> convergence=1e-06 charge=0 spin=1 unit='angstrom' symmetry=False savefile=None run_ccsd_emb=False run_fci_emb=False run_virtual_localization=True run_dft_in_dft=False mm_coords=None mm_charges=None mm_radii=None n_mo_overwrite=(None, None) mu_level_shift=1000000.0 occupied_threshold=0.95 virtual_threshold=0.95 max_shells=4 init_huzinaga_rhf_with_mu=False force_unrestricted=False max_ram_memory=4000 max_hf_cycles=50 max_dft_cycles=50
	keywords	{}
2025-11-12 16:50:56,623: nbed.embed: INFO: Using validated config.
2025-11-12 16:50:56,624: nbed.driver: DEBUG: Initialising NbedDriver with config:
2025-11-12 16:50:56,624: nbed.driver: DEBUG: {"geometry":"5\n\nP 0.0 0.0 0.0\nO 0.0 0.0 1.713\nO 0.0 1.615 -0.571\nO 1.399 -0.807 -0.571\nO -1.399 -0.807 -0.571","n_active_atoms":2,"basis":"sto-3g","xc_functional":"b3lyp","projector":"mu","localization":"spade","convergence":1e-6,"charge":0,"spin":1,"unit":"angstrom","symmetry":false,"savefile":null,"run_ccsd_emb":false,"run_fci_emb":false,"run_virtual_localization":true,"run_dft_in_dft":false,"mm_coords":null,"mm_charges":null,"mm_radii":null,"n_mo_overwrite":[null,null],"mu_level_shift":1000000.0,"occupied_threshold":0.95,"virtual_threshold":0.95,"max_shells":4,"init_huzinaga_rhf_with_mu":false,"force_unrestricted":false,"max_ram_memory":4000,"max_hf_cycles":50,"max_dft_cycles":50}
2025-11-12 16:50:56,624: nbed.driver: DEBUG: Embedding molecule.
2025-11-12 16:50:56,624: nbed.driver: DEBUG: Running full system KS DFT.
2025-11-12 16:50:56,625: nbed.driver: DEBUG: Constructing molecule.
2025-11-12 16:50:56,625: nbed.driver: INFO: Molecule input geometry: 5

P 0.0 0.0 0.0
O 0.0 0.0 1.713
O 0.0 1.615 -0.571
O 1.399 -0.807 -0.571
O -1.399 -0.807 -0.571
2025-11-12 16:50:56,627: nbed.driver: DEBUG: Molecule built.
2025-11-12 16:50:56,628: nbed.driver: DEBUG: type(global_ks)=<class 'pyscf.dft.uks.UKS'>
2025-11-12 16:50:58,521: nbed.driver: DEBUG: global_ks.mo_coeff.shape=(2, 29, 29)
2025-11-12 16:50:58,521: nbed.driver: DEBUG: global_ks.mo_occ.shape=(2, 29)
2025-11-12 16:50:58,566: nbed.driver: DEBUG: global_ks.get_veff().shape=(2, 29, 29)
2025-11-12 16:50:58,566: nbed.driver: DEBUG: global_ks.get_hcore().shape=(29, 29)
2025-11-12 16:50:58,566: nbed.driver: INFO: Global USK: -633.9058390179155
2025-11-12 16:50:58,566: nbed.driver: DEBUG: Setting n_mo_overwrite with value from config.
2025-11-12 16:50:58,566: nbed.driver: DEBUG: Getting localized system using LocalizerEnum.SPADE.
2025-11-12 16:50:58,566: nbed.localizers.occupied.base: DEBUG: Initialising LocalizerEnum.
2025-11-12 16:50:58,566: nbed.localizers.occupied.base: DEBUG: Global scf: <class 'pyscf.dft.uks.UKS'>
2025-11-12 16:50:58,566: nbed.localizers.occupied.spade: DEBUG: Localising with SPADE.
2025-11-12 16:50:58,567: nbed.localizers.occupied.spade: DEBUG: occupancy=array([1., 1., 1., 1., 1., 1., 1., 1., 1., 1., 1., 1., 1., 1., 1., 1., 1.,
       1., 1., 1., 1., 1., 1., 1., 0., 0., 0., 0., 0.])
2025-11-12 16:50:58,567: nbed.localizers.occupied.spade: DEBUG: 24 occupied AOs.
2025-11-12 16:50:58,567: nbed.localizers.occupied.spade: DEBUG: 14 active AOs.
2025-11-12 16:50:58,574: nbed.localizers.occupied.spade: DEBUG: Singular Values: [1.         1.         1.         1.         1.         1.
 1.         1.         1.         0.99848443 0.78994701 0.64370311
 0.63547837 0.31426242]
2025-11-12 16:50:58,574: nbed.localizers.occupied.spade: DEBUG: 13 active MOs.
2025-11-12 16:50:58,574: nbed.localizers.occupied.spade: DEBUG: 11 environment MOs.
2025-11-12 16:50:58,574: nbed.localizers.occupied.spade: DEBUG: Localising with SPADE.
2025-11-12 16:50:58,574: nbed.localizers.occupied.spade: DEBUG: occupancy=array([1., 1., 1., 1., 1., 1., 1., 1., 1., 1., 1., 1., 1., 1., 1., 1., 1.,
       1., 1., 1., 1., 1., 1., 0., 0., 0., 0., 0., 0.])
2025-11-12 16:50:58,574: nbed.localizers.occupied.spade: DEBUG: 23 occupied AOs.
2025-11-12 16:50:58,574: nbed.localizers.occupied.spade: DEBUG: 14 active AOs.
2025-11-12 16:50:58,575: nbed.localizers.occupied.spade: DEBUG: Singular Values: [1.         1.         1.         1.         1.         1.
 1.         1.         0.99952612 0.79801408 0.75765973 0.64587217
 0.38244984 0.232693  ]
2025-11-12 16:50:58,575: nbed.localizers.occupied.spade: DEBUG: 12 active MOs.
2025-11-12 16:50:58,575: nbed.localizers.occupied.spade: DEBUG: 11 environment MOs.
2025-11-12 16:50:58,575: nbed.localizers.occupied.base: DEBUG: Localization complete.
2025-11-12 16:50:58,575: nbed.localizers.occupied.base: DEBUG: Localized orbitals:
2025-11-12 16:50:58,575: nbed.localizers.occupied.base: DEBUG: Alpha spin
2025-11-12 16:50:58,575: nbed.localizers.occupied.base: DEBUG: self.active_MO_inds=array([ 0,  1,  2,  3,  4,  5,  6,  7,  8,  9, 10, 11, 12])
2025-11-12 16:50:58,575: nbed.localizers.occupied.base: DEBUG: self.enviro_MO_inds=array([13, 14, 15, 16, 17, 18, 19, 20, 21, 22, 23])
2025-11-12 16:50:58,575: nbed.localizers.occupied.base: DEBUG: self.c_active.shape=(29, 13)
2025-11-12 16:50:58,575: nbed.localizers.occupied.base: DEBUG: self.c_enviro.shape=(29, 11)
2025-11-12 16:50:58,575: nbed.localizers.occupied.base: DEBUG: self._c_loc_occ.shape=(29, 24)
2025-11-12 16:50:58,575: nbed.localizers.occupied.base: DEBUG: Beta spin
2025-11-12 16:50:58,575: nbed.localizers.occupied.base: DEBUG: self.beta_active_MO_inds=array([ 0,  1,  2,  3,  4,  5,  6,  7,  8,  9, 10, 11])
2025-11-12 16:50:58,575: nbed.localizers.occupied.base: DEBUG: self.beta_enviro_MO_inds=array([12, 13, 14, 15, 16, 17, 18, 19, 20, 21, 22])
2025-11-12 16:50:58,575: nbed.localizers.occupied.base: DEBUG: self.beta_c_enviro.shape=(29, 11)
2025-11-12 16:50:58,575: nbed.localizers.occupied.base: DEBUG: self.beta_c_active.shape=(29, 12)
2025-11-12 16:50:58,575: nbed.localizers.occupied.base: DEBUG: self._beta_c_loc_occ.shape=(29, 23)
2025-11-12 16:50:58,575: nbed.driver: INFO: Indices of embedded electrons:
2025-11-12 16:50:58,575: nbed.driver: INFO: [ 0  1  2  3  4  5  6  7  8  9 10 11 12]
2025-11-12 16:50:58,575: nbed.driver: INFO: [13 14 15 16 17 18 19 20 21 22 23]
2025-11-12 16:50:58,575: nbed.driver: DEBUG: Calculating active and environment subsystem terms.
2025-11-12 16:50:58,575: nbed.driver: DEBUG: Finding subsystem USK componenets.
2025-11-12 16:50:58,575: nbed.driver: DEBUG: subsystem_dm.shape=(2, 29, 29)
2025-11-12 16:50:58,612: nbed.driver: DEBUG: dm_tot.shape=(29, 29)
2025-11-12 16:50:58,613: nbed.driver: DEBUG: Subsystem USK components found.
2025-11-12 16:50:58,613: nbed.driver: DEBUG: e_act=np.float64(-617.1089986944719)
2025-11-12 16:50:58,613: nbed.driver: DEBUG: two_e_term=NPArrayWithTag([[[3.81591148e+01, 1.08435168e+01, 4.42889030e-01, ...,
                  6.87792375e-02, 3.96722041e-02, 2.81128207e-02],
                 [1.08435168e+01, 2.41908508e+01, 4.56353700e+00, ...,
                  3.71107122e-01, 2.14003655e-01, 1.52203020e-01],
                 [4.42889030e-01, 4.56353700e+00, 1.11580834e+01, ...,
                  1.53596716e+00, 8.83287226e-01, 6.64768813e-01],
                 ...,
                 [6.87792375e-02, 3.71107122e-01, 1.53596716e+00, ...,
                  6.74813142e+00, 8.76480106e-02, 8.16665106e-02],
                 [3.96722041e-02, 2.14003655e-01, 8.83287226e-01, ...,
                  8.76480106e-02, 6.63975184e+00, 3.73764787e-02],
                 [2.81128207e-02, 1.52203020e-01, 6.64768813e-01, ...,
                  8.16665106e-02, 3.73764787e-02, 6.62456376e+00]],

                [[3.81585533e+01, 1.08431122e+01, 4.42897233e-01, ...,
                  6.87689843e-02, 3.96653811e-02, 2.81178525e-02],
                 [1.08431122e+01, 2.41899395e+01, 4.56324952e+00, ...,
                  3.71105872e-01, 2.14011252e-01, 1.52180930e-01],
                 [4.42897233e-01, 4.56324952e+00, 1.11582491e+01, ...,
                  1.53664439e+00, 8.84696152e-01, 6.64351783e-01],
                 ...,
                 [6.87689843e-02, 3.71105872e-01, 1.53664439e+00, ...,
                  6.76630841e+00, 1.10219617e-01, 7.03496154e-02],
                 [3.96653811e-02, 2.14011252e-01, 8.84696152e-01, ...,
                  1.10219617e-01, 6.60289163e+00, 5.79386969e-02],
                 [2.81178525e-02, 1.52180930e-01, 6.64351783e-01, ...,
                  7.03496154e-02, 5.79386969e-02, 6.62791316e+00]]],
               shape=(2, 29, 29))
2025-11-12 16:50:58,613: nbed.driver: DEBUG: Finding subsystem USK componenets.
2025-11-12 16:50:58,613: nbed.driver: DEBUG: subsystem_dm.shape=(2, 29, 29)
2025-11-12 16:50:58,649: nbed.driver: DEBUG: dm_tot.shape=(29, 29)
2025-11-12 16:50:58,650: nbed.driver: DEBUG: Subsystem USK components found.
2025-11-12 16:50:58,650: nbed.driver: DEBUG: e_act=np.float64(-389.6688851340517)
2025-11-12 16:50:58,650: nbed.driver: DEBUG: two_e_term=NPArrayWithTag([[[ 5.29149054e+00,  1.87053485e+00,  8.22239750e-02,
                  ...,  1.20662953e-02,  6.95625091e-03,
                   4.85751811e-03],
                 [ 1.87053485e+00,  6.22327577e+00,  1.54226346e+00,
                  ...,  1.23669086e-01,  7.13872983e-02,
                   4.96447054e-02],
                 [ 8.22239750e-02,  1.54226346e+00,  6.34678977e+00,
                  ...,  1.14905886e+00,  6.65002793e-01,
                   4.30745459e-01],
                 ...,
                 [ 1.20662953e-02,  1.23669086e-01,  1.14905886e+00,
                  ...,  8.47191786e+00,  7.29933289e-02,
                   5.69899659e-03],
                 [ 6.95625091e-03,  7.13872983e-02,  6.65002793e-01,
                  ...,  7.29933289e-02,  8.40657315e+00,
                   3.68347646e-02],
                 [ 4.85751811e-03,  4.96447054e-02,  4.30745459e-01,
                  ...,  5.69899659e-03,  3.68347646e-02,
                   8.38808609e+00]],

                [[ 5.65309939e+00,  1.90800222e+00,  8.33011859e-02,
                  ...,  1.23061119e-02,  7.09474730e-03,
                   4.95732948e-03],
                 [ 1.90800222e+00,  6.19302975e+00,  1.54470527e+00,
                  ...,  1.23832355e-01,  7.14164513e-02,
                   4.98158742e-02],
                 [ 8.33011859e-02,  1.54470527e+00,  6.34793998e+00,
                  ...,  1.15102385e+00,  6.62814650e-01,
                   4.32723867e-01],
                 ...,
                 [ 1.23061119e-02,  1.23832355e-01,  1.15102385e+00,
                  ...,  8.53489259e+00, -1.10198133e-02,
                   4.45287352e-02],
                 [ 7.09474730e-03,  7.14164513e-02,  6.62814650e-01,
                  ..., -1.10198133e-02,  8.53344705e+00,
                  -3.27952230e-02],
                 [ 4.95732948e-03,  4.98158742e-02,  4.32723867e-01,
                  ...,  4.45287352e-02, -3.27952230e-02,
                   8.44567259e+00]]], shape=(2, 29, 29))
2025-11-12 16:50:58,650: nbed.driver: DEBUG: Calculating two electron cross subsystem energy.
2025-11-12 16:50:58,688: nbed.driver: DEBUG: total_dm.shape=(29, 29)
2025-11-12 16:50:58,688: nbed.driver: DEBUG: two_e_term_total.shape=(2, 29, 29)
2025-11-12 16:50:58,688: nbed.driver: DEBUG: j_cross=np.float64(153.05873491230344)
2025-11-12 16:50:58,688: nbed.driver: DEBUG: e_xc_total=np.float64(-57.610823051653654)
2025-11-12 16:50:58,688: nbed.driver: DEBUG: two_e_act.exc=np.float64(-32.60504132634295)
2025-11-12 16:50:58,688: nbed.driver: DEBUG: two_e_env.exc=np.float64(-24.077791889558064)
2025-11-12 16:50:58,688: nbed.driver: DEBUG: USK components
2025-11-12 16:50:58,688: nbed.driver: DEBUG: e_act: -617.1089986944719
2025-11-12 16:50:58,688: nbed.driver: DEBUG: e_env: -389.6688851340517
2025-11-12 16:50:58,688: nbed.driver: DEBUG: two_e_cross: 152.1307450765508
2025-11-12 16:50:58,688: nbed.driver: DEBUG: e_nuc: 220.92197934762925
2025-11-12 16:50:58,688: nbed.driver: DEBUG: Getting global DFT potential to optimize embedded calc in.
2025-11-12 16:50:58,688: nbed.driver: DEBUG: Adding beta spin density matrix
2025-11-12 16:50:58,731: nbed.driver: DEBUG: self._global_ks.get_veff().shape=(2, 29, 29)
2025-11-12 16:50:58,768: nbed.driver: DEBUG: self._global_ks.get_veff(dm=total_dm).shape=(2, 29, 29)
2025-11-12 16:50:58,807: nbed.driver: DEBUG: total_dm.shape=(2, 29, 29)
2025-11-12 16:50:58,807: nbed.driver: DEBUG: g_act_and_env.shape=(2, 29, 29)
2025-11-12 16:50:58,843: nbed.driver: INFO: DFT potential average 0.3314280813560882.
2025-11-12 16:50:58,843: nbed.driver: DEBUG: Beginning Projection.
2025-11-12 16:50:58,843: nbed.driver: DEBUG: Constructing localised HF object.
2025-11-12 16:50:58,843: nbed.driver: DEBUG: Constructing molecule.
2025-11-12 16:50:58,843: nbed.driver: INFO: Molecule input geometry: 5

P 0.0 0.0 0.0
O 0.0 0.0 1.713
O 0.0 1.615 -0.571
O 1.399 -0.807 -0.571
O -1.399 -0.807 -0.571
2025-11-12 16:50:58,845: nbed.driver: DEBUG: Molecule built.
2025-11-12 16:50:58,845: nbed.driver: DEBUG: embedded_mol.nelectron=25
2025-11-12 16:50:58,845: nbed.driver: DEBUG: embedded_mol.spin=1
2025-11-12 16:50:58,845: nbed.driver: DEBUG: Running mu embedded scf calculation.
2025-11-12 16:50:58,845: nbed.driver: DEBUG: Getting Environment Projector.
2025-11-12 16:50:58,845: nbed.driver: DEBUG: s_mat.shape=(29, 29)
2025-11-12 16:50:58,845: nbed.driver: DEBUG: env_projector.shape=(2, 29, 29)
2025-11-12 16:50:58,845: nbed.driver: DEBUG: v_emb.shape=(2, 29, 29)
2025-11-12 16:50:58,845: nbed.driver: DEBUG: v_emb.shape=(2, 29, 29)
2025-11-12 16:50:58,845: nbed.driver: DEBUG: self._env_projector.shape=(2, 29, 29)
2025-11-12 16:50:58,845: nbed.driver: DEBUG: embedding_potential.shape=(2, 29, 29)
2025-11-12 16:50:58,845: nbed.driver: DEBUG: hcore_std().shape=(29, 29)
2025-11-12 16:50:58,846: nbed.driver: DEBUG: embedded hcore shape (2, 29, 29)
2025-11-12 16:50:58,884: nbed.scf.embedded_hcore_funcs: DEBUG: Running spin-aware energy_elec
2025-11-12 16:50:58,884: nbed.scf.embedded_hcore_funcs: DEBUG: h1e.shape=(2, 29, 29)
2025-11-12 16:50:58,884: nbed.scf.embedded_hcore_funcs: DEBUG: dm.shape=(2, 29, 29)
2025-11-12 16:50:58,884: nbed.scf.embedded_hcore_funcs: DEBUG: vhf.shape=(2, 29, 29)
2025-11-12 16:50:58,886: nbed.scf.embedded_hcore_funcs: DEBUG: Running spin-aware energy_elec
2025-11-12 16:50:58,886: nbed.scf.embedded_hcore_funcs: DEBUG: h1e.shape=(2, 29, 29)
2025-11-12 16:50:58,886: nbed.scf.embedded_hcore_funcs: DEBUG: dm.shape=(2, 29, 29)
2025-11-12 16:50:58,886: nbed.scf.embedded_hcore_funcs: DEBUG: vhf.shape=(2, 29, 29)
2025-11-12 16:50:58,888: nbed.scf.embedded_hcore_funcs: DEBUG: Running spin-aware energy_elec
2025-11-12 16:50:58,888: nbed.scf.embedded_hcore_funcs: DEBUG: h1e.shape=(2, 29, 29)
2025-11-12 16:50:58,888: nbed.scf.embedded_hcore_funcs: DEBUG: dm.shape=(2, 29, 29)
2025-11-12 16:50:58,888: nbed.scf.embedded_hcore_funcs: DEBUG: vhf.shape=(2, 29, 29)
2025-11-12 16:50:58,890: nbed.scf.embedded_hcore_funcs: DEBUG: Running spin-aware energy_elec
2025-11-12 16:50:58,890: nbed.scf.embedded_hcore_funcs: DEBUG: h1e.shape=(2, 29, 29)
2025-11-12 16:50:58,890: nbed.scf.embedded_hcore_funcs: DEBUG: dm.shape=(2, 29, 29)
2025-11-12 16:50:58,890: nbed.scf.embedded_hcore_funcs: DEBUG: vhf.shape=(2, 29, 29)
2025-11-12 16:50:58,891: nbed.scf.embedded_hcore_funcs: DEBUG: Running spin-aware energy_elec
2025-11-12 16:50:58,891: nbed.scf.embedded_hcore_funcs: DEBUG: h1e.shape=(2, 29, 29)
2025-11-12 16:50:58,891: nbed.scf.embedded_hcore_funcs: DEBUG: dm.shape=(2, 29, 29)
2025-11-12 16:50:58,891: nbed.scf.embedded_hcore_funcs: DEBUG: vhf.shape=(2, 29, 29)
2025-11-12 16:50:58,893: nbed.scf.embedded_hcore_funcs: DEBUG: Running spin-aware energy_elec
2025-11-12 16:50:58,893: nbed.scf.embedded_hcore_funcs: DEBUG: h1e.shape=(2, 29, 29)
2025-11-12 16:50:58,893: nbed.scf.embedded_hcore_funcs: DEBUG: dm.shape=(2, 29, 29)
2025-11-12 16:50:58,893: nbed.scf.embedded_hcore_funcs: DEBUG: vhf.shape=(2, 29, 29)
2025-11-12 16:50:58,895: nbed.scf.embedded_hcore_funcs: DEBUG: Running spin-aware energy_elec
2025-11-12 16:50:58,895: nbed.scf.embedded_hcore_funcs: DEBUG: h1e.shape=(2, 29, 29)
2025-11-12 16:50:58,895: nbed.scf.embedded_hcore_funcs: DEBUG: dm.shape=(2, 29, 29)
2025-11-12 16:50:58,895: nbed.scf.embedded_hcore_funcs: DEBUG: vhf.shape=(2, 29, 29)
2025-11-12 16:50:58,896: nbed.scf.embedded_hcore_funcs: DEBUG: Running spin-aware energy_elec
2025-11-12 16:50:58,896: nbed.scf.embedded_hcore_funcs: DEBUG: h1e.shape=(2, 29, 29)
2025-11-12 16:50:58,896: nbed.scf.embedded_hcore_funcs: DEBUG: dm.shape=(2, 29, 29)
2025-11-12 16:50:58,896: nbed.scf.embedded_hcore_funcs: DEBUG: vhf.shape=(2, 29, 29)
2025-11-12 16:50:58,898: nbed.scf.embedded_hcore_funcs: DEBUG: Running spin-aware energy_elec
2025-11-12 16:50:58,898: nbed.scf.embedded_hcore_funcs: DEBUG: h1e.shape=(2, 29, 29)
2025-11-12 16:50:58,898: nbed.scf.embedded_hcore_funcs: DEBUG: dm.shape=(2, 29, 29)
2025-11-12 16:50:58,898: nbed.scf.embedded_hcore_funcs: DEBUG: vhf.shape=(2, 29, 29)
2025-11-12 16:50:58,899: nbed.scf.embedded_hcore_funcs: DEBUG: Running spin-aware energy_elec
2025-11-12 16:50:58,899: nbed.scf.embedded_hcore_funcs: DEBUG: h1e.shape=(2, 29, 29)
2025-11-12 16:50:58,899: nbed.scf.embedded_hcore_funcs: DEBUG: dm.shape=(2, 29, 29)
2025-11-12 16:50:58,899: nbed.scf.embedded_hcore_funcs: DEBUG: vhf.shape=(2, 29, 29)
2025-11-12 16:50:58,901: nbed.scf.embedded_hcore_funcs: DEBUG: Running spin-aware energy_elec
2025-11-12 16:50:58,901: nbed.scf.embedded_hcore_funcs: DEBUG: h1e.shape=(2, 29, 29)
2025-11-12 16:50:58,901: nbed.scf.embedded_hcore_funcs: DEBUG: dm.shape=(2, 29, 29)
2025-11-12 16:50:58,901: nbed.scf.embedded_hcore_funcs: DEBUG: vhf.shape=(2, 29, 29)
2025-11-12 16:50:58,902: nbed.scf.embedded_hcore_funcs: DEBUG: Running spin-aware energy_elec
2025-11-12 16:50:58,902: nbed.scf.embedded_hcore_funcs: DEBUG: h1e.shape=(2, 29, 29)
2025-11-12 16:50:58,902: nbed.scf.embedded_hcore_funcs: DEBUG: dm.shape=(2, 29, 29)
2025-11-12 16:50:58,902: nbed.scf.embedded_hcore_funcs: DEBUG: vhf.shape=(2, 29, 29)
2025-11-12 16:50:58,904: nbed.scf.embedded_hcore_funcs: DEBUG: Running spin-aware energy_elec
2025-11-12 16:50:58,904: nbed.scf.embedded_hcore_funcs: DEBUG: h1e.shape=(2, 29, 29)
2025-11-12 16:50:58,904: nbed.scf.embedded_hcore_funcs: DEBUG: dm.shape=(2, 29, 29)
2025-11-12 16:50:58,904: nbed.scf.embedded_hcore_funcs: DEBUG: vhf.shape=(2, 29, 29)
2025-11-12 16:50:58,906: nbed.scf.embedded_hcore_funcs: DEBUG: Running spin-aware energy_elec
2025-11-12 16:50:58,906: nbed.scf.embedded_hcore_funcs: DEBUG: h1e.shape=(2, 29, 29)
2025-11-12 16:50:58,906: nbed.scf.embedded_hcore_funcs: DEBUG: dm.shape=(2, 29, 29)
2025-11-12 16:50:58,906: nbed.scf.embedded_hcore_funcs: DEBUG: vhf.shape=(2, 29, 29)
2025-11-12 16:50:58,907: nbed.driver: INFO: Embedded scf energy MU_SHIFT: -242.93861726089193, converged: True
2025-11-12 16:50:58,907: nbed.driver: DEBUG: Deleting environment from SCF object.
2025-11-12 16:50:58,907: nbed.driver: DEBUG: Deleting environment for spin.
2025-11-12 16:50:58,907: nbed.driver: DEBUG: projector=<ProjectorEnum.MU: 'mu'>
2025-11-12 16:50:58,907: nbed.driver: DEBUG: n_env_mo=11
2025-11-12 16:50:58,907: nbed.driver: DEBUG: mo_coeff.shape=(29, 29)
2025-11-12 16:50:58,907: nbed.driver: DEBUG: mo_energy=array([-7.90898659e+01, -2.02222556e+01, -7.39307260e+00, -5.22072820e+00,
       -5.21909103e+00, -5.21780188e+00, -1.25690261e+00, -8.39660587e-01,
       -6.10842702e-01, -5.87823174e-01, -4.77878248e-01, -4.60790227e-01,
       -3.94721574e-01,  2.02476238e-01,  3.67613700e-01,  4.82833983e-01,
        4.99228417e-01,  5.02900259e-01,  9.99983243e+05,  9.99983245e+05,
        9.99983884e+05,  9.99999577e+05,  9.99999589e+05,  9.99999638e+05,
        1.00000001e+06,  1.00000001e+06,  1.00000005e+06,  1.00000010e+06,
        1.00000010e+06])
2025-11-12 16:50:58,908: nbed.driver: DEBUG: mo_occ=array([1., 1., 1., 1., 1., 1., 1., 1., 1., 1., 1., 1., 1., 0., 0., 0., 0.,
       0., 0., 0., 0., 0., 0., 0., 0., 0., 0., 0., 0.])
2025-11-12 16:50:58,908: nbed.driver: DEBUG: environment_projector.shape=(29, 29)
2025-11-12 16:50:58,908: nbed.driver: INFO: Orbital indices for embedded system: [0, 1, 2, 3, 4, 5, 6, 7, 8, 9, 10, 11, 12, 13, 14, 15, 16, 17]
2025-11-12 16:50:58,908: nbed.driver: INFO: Orbital indices removed from embedded system: [18, 19, 20, 21, 22, 23, 24, 25, 26, 27, 28]
2025-11-12 16:50:58,908: nbed.driver: DEBUG: Spin environment deleted.
2025-11-12 16:50:58,908: nbed.driver: DEBUG: active_mo_coeff=array([[ 9.94043292e-01, -1.58311367e-04, -3.56309857e-01,
        -2.48962087e-07,  8.25599648e-04,  2.80677924e-05,
         2.33675274e-02,  7.62534509e-02, -2.77780919e-03,
         4.63824584e-06, -5.70173996e-03,  8.66949139e-03,
        -1.41914120e-06, -3.47100046e-06,  6.55850965e-02,
        -2.87303309e-03,  5.02976131e-06, -1.30703039e-03],
       [ 1.79815521e-02,  5.08533368e-04,  1.04252445e+00,
         7.43692481e-07, -2.47830001e-03, -1.37020564e-04,
        -8.22485133e-02, -2.65012657e-01,  9.75071557e-03,
        -1.59269063e-05,  1.99356058e-02, -3.01524913e-02,
         4.76339784e-06,  1.15051389e-05, -2.16747097e-01,
         9.63693759e-03, -1.69420232e-05,  4.09540436e-03],
       [-2.78827870e-03, -3.44991183e-03,  5.34005597e-02,
         1.95585618e-07,  6.81474124e-04,  1.15585338e-03,
         1.96230303e-01,  7.76137493e-01, -2.69532228e-02,
         5.27001009e-05, -6.01244707e-02,  9.34904085e-02,
        -1.82925541e-05, -4.80237217e-05,  9.27309005e-01,
        -3.82513517e-02,  6.42963320e-05, -2.41558194e-02],
       [-1.79907526e-08, -5.21783984e-10, -2.39864291e-06,
         9.81105533e-01, -7.67227525e-04,  1.69402354e-04,
         7.23548086e-07,  8.60784522e-06,  4.29083368e-05,
        -2.11086314e-01, -5.55721321e-05, -2.54698067e-05,
         3.16688817e-02, -5.51389916e-02,  3.12146893e-05,
        -2.25680221e-05, -2.78439809e-01,  3.80962014e-04],
       [ 1.07174507e-05,  1.33349567e-06,  2.00515827e-03,
         7.77450708e-04,  9.17471882e-01, -3.47497382e-01,
        -1.16808406e-03, -1.02595557e-02, -2.00309945e-01,
        -5.17327581e-05,  4.34594062e-02,  3.24445783e-02,
         1.60764099e-05, -6.29140739e-07, -1.07199896e-02,
        -2.85767899e-01, -2.84842168e-05, -3.55874757e-02],
       [ 5.34232650e-05,  7.76898953e-04,  6.96466058e-04,
         1.13247921e-04,  3.47294994e-01,  9.16844629e-01,
        -4.87761648e-02,  5.68153349e-02, -2.13945474e-03,
        -9.17169864e-06,  1.20559584e-01, -1.35011342e-01,
         7.18843986e-08, -1.12101139e-05, -1.77379451e-02,
         3.90244619e-02, -3.99550626e-04, -2.87092996e-01],
       [ 9.43658717e-09,  2.84658144e-09, -2.75229969e-07,
         6.65887986e-02, -5.19678695e-05,  1.15022424e-05,
        -2.02187522e-06, -2.23235282e-05, -1.19776870e-04,
         5.89629084e-01,  1.55670113e-04,  6.81952836e-05,
        -8.24122411e-02,  1.98957157e-01, -1.07893304e-04,
         7.95435520e-05,  9.95890730e-01, -1.36481444e-03],
       [-6.03868808e-06, -7.31988145e-06,  2.87733553e-04,
         5.29205683e-05,  6.23715071e-02, -2.36964365e-02,
         3.32757115e-03,  2.91036173e-02,  5.54680338e-01,
         1.44155918e-04, -1.18254559e-01, -8.70911407e-02,
        -3.93048975e-05, -3.45493924e-07,  3.79241613e-02,
         1.01970841e+00,  1.01044433e-04,  1.27898346e-01],
       [-1.82454894e-04, -4.28346598e-03,  8.85725465e-05,
         8.04814032e-06,  2.44439997e-02,  6.46169260e-02,
         9.14925170e-02, -1.49941167e-01,  8.41189110e-03,
         2.46887810e-05, -3.37903585e-01,  3.79978244e-01,
        -1.00252293e-06,  3.85477750e-05,  5.77165232e-02,
        -1.38032442e-01,  1.41819488e-03,  1.02051459e+00],
       [-7.21967229e-05,  9.94407734e-01,  8.45883195e-04,
         1.54394992e-07,  4.72321624e-04,  1.22554190e-03,
        -2.45148128e-01,  7.04645931e-02, -1.89122091e-03,
         6.97741257e-06, -4.36292378e-02,  5.15051349e-02,
        -6.82822144e-07,  3.31925176e-07,  3.94359879e-02,
        -9.23219651e-03,  8.03581565e-05,  5.50621763e-02],
       [ 5.29377640e-04,  2.34266197e-02, -7.10296499e-03,
        -1.59350048e-06, -4.85748096e-03, -1.27063989e-02,
         9.27917859e-01, -3.13584774e-01,  8.37953429e-03,
        -3.42384149e-05,  2.17789781e-01, -2.56525508e-01,
         4.09397668e-06, -2.53054622e-06, -2.27401849e-01,
         5.55636266e-02, -4.90307937e-04, -3.36947682e-01],
       [-2.92130184e-09, -3.75358094e-08, -2.32468139e-09,
        -3.78322565e-03,  2.97382710e-06, -6.35318744e-07,
        -1.65040492e-06,  4.29307093e-07, -1.51871215e-04,
         2.39840189e-01, -5.04386918e-04, -4.82790867e-04,
         9.58687597e-01, -5.00805031e-02,  3.13927928e-05,
        -2.93210688e-05, -1.80725104e-01,  2.55029231e-04],
       [ 1.47463559e-06,  4.23980871e-05, -6.84812767e-06,
        -3.00722487e-06, -3.55923107e-03,  1.34630467e-03,
         2.94603087e-03, -1.61477446e-03,  3.35932347e-01,
        -5.86416079e-05,  6.90327467e-01,  6.26367502e-01,
         7.41512046e-04, -7.43236193e-06, -1.53414840e-02,
        -1.70076844e-01, -4.10862326e-05, -2.92986589e-02],
       [-4.34617588e-04, -2.74053118e-03,  3.71097655e-03,
         9.62109908e-07,  2.89003968e-03,  7.47886326e-03,
        -9.94881568e-02, -1.23038628e-01,  3.08548116e-02,
        -4.38680700e-05,  4.56133649e-01, -5.04175336e-01,
        -1.42197147e-05, -5.37920068e-08,  4.93349296e-01,
        -9.53448717e-02,  8.53881952e-04,  5.86693343e-01],
       [ 4.17183865e-05, -1.57985948e-05,  1.94139942e-04,
         2.76997862e-07,  3.13587080e-04, -2.17111675e-04,
        -4.20129868e-04, -1.10530473e-02, -3.49331007e-02,
        -1.00024858e-05,  9.34117192e-03,  1.93708270e-02,
         1.20566646e-05, -1.28960347e-07,  3.59688261e-02,
         5.68735785e-02, -1.91608205e-05, -1.33109359e-02],
       [-2.88700253e-04,  1.35532671e-04, -3.42758967e-03,
        -4.06357127e-06, -4.45379992e-03,  3.54633482e-03,
        -8.32361463e-03, -1.41488301e-02,  9.64972339e-02,
         2.58079683e-05, -3.59077516e-02, -6.47088951e-02,
        -4.51650724e-05,  4.92211859e-06, -2.07793602e-01,
        -3.40253590e-01,  1.15359822e-04,  7.98672339e-02],
       [ 3.02474896e-08,  1.22805331e-08,  9.36712501e-08,
        -4.20675340e-03,  3.49264713e-06, -1.02223879e-06,
         9.51213210e-07,  4.12465458e-06, -2.01986765e-05,
         8.29503063e-02,  3.53081932e-05,  2.14236851e-05,
        -3.12022133e-02,  9.25789116e-01,  7.76469238e-05,
        -2.08294717e-05, -3.76000750e-01,  4.90211585e-04],
       [-4.71259389e-04, -1.10202212e-04,  4.50467375e-03,
         6.29991772e-06,  6.74877108e-03, -5.81268724e-03,
        -1.83680019e-02, -2.33040072e-01, -3.69860440e-01,
        -7.99407575e-05,  6.85492610e-02,  2.36197104e-01,
         1.15070749e-04, -3.38839324e-05,  4.78779136e-01,
         5.68410120e-01, -3.21046364e-04, -2.23295567e-01],
       [-9.19474098e-05,  1.69410087e-04, -2.23007163e-03,
        -3.04932898e-06, -3.08052518e-03,  1.59744887e-03,
        -1.81652198e-03,  3.77003480e-02,  2.02461981e-01,
         4.98768703e-05, -6.20977903e-02, -1.02838280e-01,
        -6.58398214e-05,  1.05596150e-04, -1.88262478e-01,
        -2.60894960e-01, -2.70026841e-04, -1.89596438e-01],
       [ 4.70892886e-05, -1.45142542e-05,  2.08920394e-04,
         3.04622158e-04, -1.99620137e-04, -4.16044955e-05,
        -1.78975851e-04, -7.98119746e-03,  1.76597414e-02,
        -2.77493499e-02, -1.29693267e-02, -2.35650962e-04,
         1.31818274e-02,  5.19211792e-03,  3.16172012e-02,
        -2.61915662e-02,  4.55415413e-02, -2.33264935e-02],
       [-3.11888525e-04,  1.28997839e-04, -3.45454583e-03,
        -4.59965977e-03,  3.10031310e-03,  7.54424635e-04,
        -8.85660619e-03, -2.28234225e-02, -4.58082643e-02,
         6.83647770e-02,  4.00341780e-02,  4.37899118e-03,
        -4.79429240e-02, -3.89401336e-02, -1.84041889e-01,
         1.56887332e-01, -2.74973248e-01,  1.40681552e-01],
       [-4.09806700e-04, -8.70428820e-05,  3.80871266e-03,
         5.47311111e-03, -4.81265687e-03, -1.14918967e-03,
        -1.46642142e-02, -1.81979540e-01,  2.41561958e-01,
        -2.40608256e-01, -1.80611506e-01,  3.28506900e-03,
         1.12029991e-01,  1.35410590e-01,  3.85687265e-01,
        -3.21689589e-01,  3.28641589e-01, -3.04679228e-01],
       [ 2.92365433e-04,  4.55990210e-05, -1.92194310e-03,
        -3.64978476e-03,  1.44619759e-03,  1.18433797e-03,
         1.02010312e-02,  1.24279804e-01,  2.21980114e-02,
         2.68617302e-01,  3.94751383e-02, -6.45873606e-02,
        -1.23797522e-01, -1.83155455e-01, -2.54168311e-01,
        -4.84062326e-02, -3.41190935e-01,  1.41346987e-01],
       [-1.06473873e-04,  1.61746455e-04, -2.23708777e-03,
        -2.69816140e-03,  1.74698995e-03, -1.19171512e-04,
        -2.82184902e-03,  2.40020998e-02, -8.91240500e-02,
         1.81769400e-01,  6.32215393e-02,  4.85060572e-03,
        -8.52987412e-02, -9.09404305e-02, -1.71147480e-01,
         1.60898232e-01, -2.42620812e-01, -1.38601434e-01],
       [ 4.70799046e-05, -1.45139179e-05,  2.08883806e-04,
        -3.04935809e-04, -1.99187302e-04, -4.17021443e-05,
        -1.79286293e-04, -7.98655389e-03,  1.76497946e-02,
         2.77625206e-02, -1.29480952e-02, -2.19030854e-04,
        -1.31950247e-02, -5.19988684e-03,  3.16277203e-02,
        -2.61977575e-02, -4.55937665e-02, -2.32018513e-02],
       [-3.11846586e-04,  1.28996966e-04, -3.45442298e-03,
         4.60434346e-03,  3.09331777e-03,  7.55982380e-04,
        -8.85561315e-03, -2.28043779e-02, -4.57863266e-02,
        -6.84116181e-02,  3.99715440e-02,  4.32110753e-03,
         4.79963470e-02,  3.89807355e-02, -1.84104403e-01,
         1.56927116e-01,  2.75292367e-01,  1.39928617e-01],
       [ 4.09737931e-04,  8.70312090e-05, -3.80905016e-03,
         5.48037938e-03,  4.80459063e-03,  1.15103121e-03,
         1.46635703e-02,  1.81993796e-01, -2.41429291e-01,
        -2.40801123e-01,  1.80399013e-01, -3.42819094e-03,
         1.12211256e-01,  1.35513697e-01, -3.85718889e-01,
         3.21693586e-01,  3.29352579e-01,  3.03732499e-01],
       [ 2.92338834e-04,  4.56105611e-05, -1.92220048e-03,
         3.65219780e-03,  1.44090830e-03,  1.18536482e-03,
         1.02012585e-02,  1.24302265e-01,  2.22605222e-02,
        -2.68527956e-01,  3.92775779e-02, -6.47219489e-02,
         1.23746971e-01,  1.83058239e-01, -2.54187840e-01,
        -4.83286280e-02,  3.41473065e-01,  1.40411128e-01],
       [-1.06327563e-04,  1.61745157e-04, -2.23645624e-03,
         2.70109474e-03,  1.74303067e-03, -1.18309164e-04,
        -2.81776736e-03,  2.40554512e-02, -8.90961549e-02,
        -1.81811965e-01,  6.31040923e-02,  4.74798675e-03,
         8.53530438e-02,  9.09073443e-02, -1.71224039e-01,
         1.60965732e-01,  2.42174227e-01, -1.39252307e-01]])
2025-11-12 16:50:58,909: nbed.driver: DEBUG: active_mo_energy=array([-79.08986593, -20.22225564,  -7.3930726 ,  -5.2207282 ,
        -5.21909103,  -5.21780188,  -1.25690261,  -0.83966059,
        -0.6108427 ,  -0.58782317,  -0.47787825,  -0.46079023,
        -0.39472157,   0.20247624,   0.3676137 ,   0.48283398,
         0.49922842,   0.50290026])
2025-11-12 16:50:58,909: nbed.driver: DEBUG: active_mo_occ=array([1., 1., 1., 1., 1., 1., 1., 1., 1., 1., 1., 1., 1., 0., 0., 0., 0.,
       0.])
2025-11-12 16:50:58,909: nbed.driver: DEBUG: Deleting environment for spin.
2025-11-12 16:50:58,909: nbed.driver: DEBUG: projector=<ProjectorEnum.MU: 'mu'>
2025-11-12 16:50:58,909: nbed.driver: DEBUG: n_env_mo=11
2025-11-12 16:50:58,909: nbed.driver: DEBUG: mo_coeff.shape=(29, 29)
2025-11-12 16:50:58,909: nbed.driver: DEBUG: mo_energy=array([-7.90927052e+01, -2.01972775e+01, -7.39766190e+00, -5.22702759e+00,
       -5.22413520e+00, -5.22273008e+00, -1.11953608e+00, -8.17960557e-01,
       -5.80058059e-01, -4.31319301e-01, -4.05388392e-01, -3.49779452e-01,
        1.98665237e-01,  2.84893862e-01,  3.81417444e-01,  4.95793382e-01,
        5.15982706e-01,  5.21678848e-01,  9.99982286e+05,  9.99982554e+05,
        9.99982556e+05,  9.99999409e+05,  9.99999587e+05,  9.99999617e+05,
        9.99999915e+05,  1.00000000e+06,  1.00000003e+06,  1.00000008e+06,
        1.00000011e+06])
2025-11-12 16:50:58,909: nbed.driver: DEBUG: mo_occ=array([1., 1., 1., 1., 1., 1., 1., 1., 1., 1., 1., 1., 0., 0., 0., 0., 0.,
       0., 0., 0., 0., 0., 0., 0., 0., 0., 0., 0., 0.])
2025-11-12 16:50:58,909: nbed.driver: DEBUG: environment_projector.shape=(29, 29)
2025-11-12 16:50:58,909: nbed.driver: INFO: Orbital indices for embedded system: [0, 1, 2, 3, 4, 5, 6, 7, 8, 9, 10, 11, 12, 13, 14, 15, 16, 17]
2025-11-12 16:50:58,909: nbed.driver: INFO: Orbital indices removed from embedded system: [18, 19, 20, 21, 22, 23, 24, 25, 26, 27, 28]
2025-11-12 16:50:58,909: nbed.driver: DEBUG: Spin environment deleted.
2025-11-12 16:50:58,910: nbed.driver: DEBUG: active_mo_coeff=array([[ 9.94035669e-01, -1.46740869e-04, -3.56312833e-01,
         2.86581212e-04, -5.08972760e-07,  6.48071518e-04,
         3.56513419e-02,  7.41492146e-02,  1.07839117e-05,
         1.12405630e-02,  6.60301798e-03, -1.63519505e-06,
         5.84599328e-06, -1.86356845e-03,  6.05615658e-02,
        -1.01799162e-05, -4.22509147e-03, -1.33075180e-02],
       [ 1.80048609e-02,  4.71933162e-04,  1.04248149e+00,
        -8.39239245e-04,  1.53564861e-06, -1.98079967e-03,
        -1.24557424e-01, -2.57179502e-01, -3.72020082e-05,
        -3.86470968e-02, -2.29596273e-02,  5.64180614e-06,
        -1.93722767e-05,  6.26145317e-03, -1.99507379e-01,
         3.35995891e-05,  1.37786626e-02,  4.38441823e-02],
       [-2.80776903e-03, -3.18393986e-03,  5.35842287e-02,
        -2.76896516e-04, -2.10375718e-07,  1.24620342e-03,
         3.29393831e-01,  7.68054008e-01,  1.18713407e-04,
         1.30922693e-01,  7.04315365e-02, -1.80253617e-05,
         8.11401260e-05, -2.45594056e-02,  8.69263439e-01,
        -1.45784626e-04, -6.46354589e-02, -1.91949362e-01],
       [-2.81738369e-08, -2.85755190e-09, -2.00975595e-06,
        -4.82822131e-04,  9.81083015e-01, -1.51621321e-04,
         6.48492637e-07,  1.41426371e-05, -2.20555538e-01,
        -5.61403526e-05,  1.42130882e-04,  2.61667265e-02,
         9.85905917e-03,  4.33801079e-05,  5.35494183e-05,
        -2.77071111e-01,  3.17068650e-04,  2.83272451e-04],
       [ 2.81899330e-05,  6.00063843e-06,  1.47316502e-03,
         9.00087445e-01,  5.03171513e-04,  3.90592694e-01,
         2.91507055e-03,  1.14988730e-02, -1.28553767e-04,
         1.06916904e-01, -2.11457798e-01,  3.82040149e-05,
        -1.55983634e-05, -5.84052670e-02, -6.21846088e-02,
        -4.25765276e-04, -1.64856121e-01, -1.83073212e-01],
       [ 5.89041135e-05,  7.22788813e-04,  1.15123509e-03,
        -3.90669831e-01, -5.31899128e-05,  8.99326432e-01,
        -5.59719128e-02,  7.09084148e-02, -5.09533310e-07,
        -1.83932019e-01, -6.97321458e-02, -1.18612372e-05,
        -1.84807663e-05,  1.76221206e-02,  1.67620035e-02,
        -6.91097620e-05, -2.16629626e-01,  1.69872378e-01],
       [ 3.12917209e-08,  1.79860527e-09, -1.96265212e-07,
        -3.23570904e-05,  6.66803932e-02, -1.04338994e-05,
        -1.63053538e-06, -3.55429959e-05,  6.22319392e-01,
         1.65210185e-04, -4.24082767e-04, -6.73753295e-02,
        -4.35049738e-02, -1.57552829e-04, -1.86116328e-04,
         9.96660505e-01, -1.14602765e-03, -1.02535220e-03],
       [-3.97956469e-05, -8.25682477e-06, -2.73286162e-05,
         6.06911552e-02,  3.42845747e-05,  2.70649357e-02,
        -7.66725380e-03, -3.19543700e-02,  3.61268043e-04,
        -3.19800071e-01,  6.33819101e-01, -1.06551290e-04,
         5.90614313e-05,  2.03961915e-01,  2.17864730e-01,
         1.52900918e-03,  5.93619805e-01,  6.62679034e-01],
       [-1.99185193e-04, -3.96719002e-03,  6.79928288e-05,
        -2.70580085e-02, -3.41872945e-06,  6.32435848e-02,
         1.19288434e-01, -1.87233654e-01,  2.85974661e-07,
         5.37569874e-01,  1.90014401e-01,  3.74590937e-05,
         6.98998513e-05, -5.46201669e-02, -6.09109609e-02,
         2.44770084e-04,  7.77462474e-01, -6.11647513e-01],
       [-7.42893984e-05,  9.94909460e-01,  8.23891780e-04,
        -4.93081948e-04, -5.60631511e-08,  1.19624489e-03,
        -2.26425405e-01,  1.00126192e-01,  1.30503211e-05,
         7.67040426e-02,  3.33944299e-02,  1.77641658e-06,
         8.66002207e-06, -5.87999769e-03,  3.36478197e-02,
         9.26986480e-06,  4.41898077e-02, -4.35101712e-02],
       [ 5.40337611e-04,  2.14088410e-02, -7.04979613e-03,
         5.23411991e-03,  6.49079647e-07, -1.24501656e-02,
         8.47928747e-01, -4.26280260e-01, -6.01005006e-05,
        -3.78604887e-01, -1.60949258e-01, -1.02414972e-05,
        -4.79629256e-05,  3.16826168e-02, -1.86781116e-01,
        -5.55782369e-05, -2.62897343e-01,  2.58477735e-01],
       [-7.35851633e-08, -7.57216546e-08, -3.04109961e-07,
         1.48312565e-06, -3.76328666e-03,  8.98807728e-07,
        -7.05586227e-06, -1.84073227e-05,  2.06938051e-01,
        -5.42466063e-05, -1.02792669e-04,  9.65477265e-01,
         3.51681885e-03, -6.44314471e-04,  8.37196506e-05,
        -1.91825720e-01,  3.29510585e-04,  4.14773746e-04],
       [ 9.26473107e-05,  9.24003001e-05,  4.08358101e-04,
        -2.99897200e-03, -1.61794992e-06, -1.95792647e-03,
         7.48797177e-03,  1.42368945e-02,  1.66490595e-04,
        -4.01783722e-02,  2.39665566e-01,  7.47824924e-04,
        -2.97804741e-05,  7.94092442e-01, -1.02046010e-01,
        -5.56545027e-04, -2.55989364e-01, -4.00607641e-01],
       [-4.50933124e-04, -2.58998035e-03,  3.67364253e-03,
        -2.86380315e-03, -1.96028738e-07,  7.35567885e-03,
        -1.08809152e-01, -8.96301390e-02, -3.92038928e-05,
        -5.07283960e-01, -3.55199834e-01, -9.39486273e-07,
         1.85539934e-04,  6.29465153e-02,  4.46517684e-01,
         6.85320389e-05,  4.65236888e-01, -5.16206780e-01],
       [ 4.80805497e-05, -7.75103687e-06,  2.24125939e-04,
         4.18559616e-04,  2.49956624e-07, -5.97351272e-06,
        -1.11917548e-04, -7.51606890e-03, -2.07046455e-05,
         1.45916829e-02, -6.49736033e-03,  1.31437520e-05,
         4.91479204e-06,  7.87565097e-03,  4.66780534e-02,
         7.46508907e-05,  1.46195091e-02,  4.17717225e-02],
       [-3.10458616e-04,  9.58252914e-05, -3.53283901e-03,
        -5.78051565e-03, -3.08303234e-06, -3.27710393e-04,
        -1.63588815e-02, -2.35317748e-02,  4.52804168e-05,
        -2.01718917e-02, -3.00269523e-02, -4.21733387e-05,
        -2.87680968e-05, -5.32038355e-02, -2.71016664e-01,
        -4.45544093e-04, -8.88179298e-02, -2.49835618e-01],
       [-8.58806161e-09,  2.11795185e-08, -7.63366096e-08,
         5.97208296e-07, -1.39492649e-03, -9.30986371e-09,
        -1.40192439e-06, -2.12588801e-05,  1.26076451e-01,
         1.69289080e-05, -2.38123790e-05, -5.78214759e-02,
         2.40315087e-02,  2.68951869e-05,  3.98749483e-05,
        -2.10002019e-01,  2.45977163e-04,  2.15696033e-04],
       [-3.19217423e-04, -3.83030919e-05,  5.22338379e-03,
         9.44775594e-03,  5.13218536e-06, -1.97958564e-04,
        -2.36326861e-02, -1.70449268e-01, -2.12945549e-04,
         1.88300955e-01, -6.62616420e-02,  1.34200816e-04,
         8.36633704e-05,  8.37755514e-02,  5.63396957e-01,
         6.74098284e-04,  6.43313085e-02,  4.26043155e-01],
       [-1.36697443e-04,  9.87931306e-05, -2.50025821e-03,
        -3.48506416e-03, -2.06696981e-06, -8.00278285e-04,
        -1.02170017e-02,  1.79345594e-02,  1.01372205e-04,
        -8.36593850e-02,  4.82567746e-02, -6.49850618e-05,
        -5.46629430e-05, -6.78061285e-02, -2.00568853e-01,
        -4.13792345e-04, -2.51182061e-01, -5.88415892e-02],
       [ 4.28810324e-05, -1.58584765e-05,  2.01327611e-04,
        -1.04175854e-04,  3.16704481e-04, -1.42197463e-04,
        -8.21118432e-04, -8.18996252e-03, -2.86798872e-02,
         5.00084318e-03,  7.55796327e-03,  1.31903718e-02,
         3.03953662e-03, -2.13549768e-03,  2.84642145e-02,
         4.88407122e-02, -3.44589127e-02, -1.43904453e-02],
       [-2.95489092e-04,  1.28712240e-04, -3.45045652e-03,
         1.64569776e-03, -4.65925882e-03,  2.61496719e-03,
        -1.45097250e-02, -2.55212615e-02,  6.91118036e-02,
        -2.49917445e-02,  6.87823267e-04, -4.90410189e-02,
        -8.44061695e-03,  1.88025600e-02, -1.62288872e-01,
        -2.88546482e-01,  2.03927253e-01,  8.31884073e-02],
       [-4.90908090e-04, -1.27267903e-04,  3.50420258e-03,
        -3.17882038e-03,  5.07228392e-03, -3.87012480e-03,
        -3.73590142e-02, -1.92469359e-01, -2.41249699e-01,
         7.02370442e-03,  2.18064902e-01,  1.05521816e-01,
        -3.73651485e-01, -2.00186747e-01,  3.54132074e-01,
         3.49506753e-01, -4.52886129e-01, -1.83369931e-01],
       [ 2.84482295e-04,  2.61986237e-05, -2.15643322e-03,
        -9.60766371e-04, -5.22583417e-03,  1.93457711e-03,
         1.48358720e-02,  1.08025698e-01,  2.31671216e-01,
        -1.91625375e-01,  1.67206598e-01, -1.06091235e-01,
        -5.37262280e-01, -2.85068654e-01, -2.90883400e-01,
        -3.82546851e-01,  6.93457218e-02, -1.29467136e-01],
       [-1.23473769e-04,  1.26747262e-04, -2.25913477e-03,
         2.23907835e-03, -2.39165788e-03,  1.03535004e-03,
        -4.55330461e-03,  2.26301133e-02,  1.81638828e-01,
         5.70995600e-02, -1.69195879e-01, -8.01962707e-02,
         2.68803406e-01,  2.15211617e-01, -1.11426004e-01,
        -2.55535594e-01, -2.32867882e-02,  2.48733886e-01],
       [ 4.28834133e-05, -1.58539726e-05,  2.01325816e-04,
        -1.03933279e-04, -3.16898112e-04, -1.42148394e-04,
        -8.21783912e-04, -8.19798707e-03,  2.87033083e-02,
         5.00363383e-03,  7.55111276e-03, -1.32033522e-02,
        -3.03211058e-03, -2.13076280e-03,  2.84798686e-02,
        -4.89459720e-02, -3.43448808e-02, -1.42890815e-02],
       [-2.95493580e-04,  1.28693411e-04, -3.45047224e-03,
         1.64146928e-03,  4.66195319e-03,  2.61371301e-03,
        -1.45072185e-02, -2.54933449e-02, -6.91914764e-02,
        -2.49767655e-02,  6.47407624e-04,  4.90896963e-02,
         8.41177136e-03,  1.87552393e-02, -1.62385852e-01,
         2.89171226e-01,  2.03256293e-01,  8.25906501e-02],
       [ 4.90707563e-04,  1.27101883e-04, -3.50504449e-03,
         3.17477673e-03,  5.07631436e-03,  3.87102890e-03,
         3.73484990e-02,  1.92509733e-01, -2.41558128e-01,
        -7.09039199e-03, -2.18008614e-01,  1.05726367e-01,
        -3.73958425e-01,  2.00171904e-01, -3.54163721e-01,
         3.50874828e-01,  4.52076008e-01,  1.82645104e-01],
       [ 2.84545821e-04,  2.63098040e-05, -2.15600149e-03,
        -9.66580113e-04,  5.22685047e-03,  1.93070377e-03,
         1.48527804e-02,  1.08087429e-01, -2.31555829e-01,
        -1.91640887e-01,  1.67384360e-01,  1.05975337e-01,
         5.37683703e-01, -2.85283311e-01, -2.91067542e-01,
         3.82329902e-01,  6.84182210e-02, -1.30238383e-01],
       [-1.23596421e-04,  1.26625358e-04, -2.25995989e-03,
         2.23500043e-03,  2.39521014e-03,  1.03606882e-03,
        -4.56704564e-03,  2.26575723e-02, -1.81738225e-01,
         5.68234609e-02, -1.68793914e-01,  8.03062897e-02,
        -2.68237049e-01,  2.14578125e-01, -1.11461240e-01,
         2.55994165e-01, -2.38709855e-02,  2.48160288e-01]])
2025-11-12 16:50:58,910: nbed.driver: DEBUG: active_mo_energy=array([-79.0927052 , -20.19727751,  -7.3976619 ,  -5.22702759,
        -5.2241352 ,  -5.22273008,  -1.11953608,  -0.81796056,
        -0.58005806,  -0.4313193 ,  -0.40538839,  -0.34977945,
         0.19866524,   0.28489386,   0.38141744,   0.49579338,
         0.51598271,   0.52167885])
2025-11-12 16:50:58,910: nbed.driver: DEBUG: active_mo_occ=array([1., 1., 1., 1., 1., 1., 1., 1., 1., 1., 1., 1., 0., 0., 0., 0., 0.,
       0.])
2025-11-12 16:50:58,910: nbed.driver: DEBUG: Environment deleted.
2025-11-12 16:50:58,910: nbed.driver: INFO: V emb mean ProjectorEnum.MU: 19305.520071639843
2025-11-12 16:50:58,910: nbed.driver: DEBUG: Performing virtual localization.
2025-11-12 16:50:58,910: nbed.localizers.virtual.concentric: DEBUG: Localising virtual orbital spin with concentric localization.
2025-11-12 16:50:58,910: nbed.localizers.virtual.concentric: DEBUG: Creating projected molecule object.
2025-11-12 16:50:58,911: nbed.localizers.virtual.concentric: DEBUG: n_act_proj_aos=np.int64(14)
2025-11-12 16:50:58,912: nbed.localizers.virtual.concentric: DEBUG: Running concentric localiztion for single spin.
2025-11-12 16:50:58,912: nbed.localizers.virtual.concentric: DEBUG: N effective virtuals: (29, 5)
2025-11-12 16:50:58,913: nbed.localizers.virtual.concentric: DEBUG: Singular values: [8.50255263e-01 3.45038253e-01 3.38956648e-01 1.65195289e-01
 4.35864303e-05]
2025-11-12 16:50:58,913: nbed.localizers.virtual.concentric: DEBUG: Initial c_total.shape=(29, 13) (nocc)
2025-11-12 16:50:58,913: nbed.localizers.virtual.concentric: DEBUG: self.n_act_proj_aos=np.int64(14)
2025-11-12 16:50:58,913: nbed.localizers.virtual.concentric: DEBUG: shell_size=np.int64(5)
2025-11-12 16:50:58,913: nbed.localizers.virtual.concentric: DEBUG: v_span.shape=(5, 5)
2025-11-12 16:50:58,913: nbed.localizers.virtual.concentric: DEBUG: v_ker.shape=(5, 0)
2025-11-12 16:50:58,913: nbed.localizers.virtual.concentric: DEBUG: Created 0th shell.
2025-11-12 16:50:58,913: nbed.localizers.virtual.concentric: DEBUG: No kernel for 0th shell, cannot perform CL.
2025-11-12 16:50:58,913: nbed.localizers.virtual.concentric: DEBUG: This is expected for molecules with majority active MOs occupied.
2025-11-12 16:50:58,913: nbed.localizers.virtual.concentric: DEBUG: Shell indices: [18]
2025-11-12 16:50:58,914: nbed.localizers.virtual.concentric: DEBUG: (array([[ 9.94043292e-01, -1.58311367e-04, -3.56309857e-01,
        -2.48962087e-07,  8.25599648e-04,  2.80677924e-05,
         2.33675274e-02,  7.62534509e-02, -2.77780919e-03,
         4.63824584e-06, -5.70173996e-03,  8.66949139e-03,
        -1.41914120e-06, -3.16078731e-02,  4.61394277e-04,
        -4.33375838e-06,  5.75508212e-02,  1.21175381e-07],
       [ 1.79815521e-02,  5.08533368e-04,  1.04252445e+00,
         7.43692481e-07, -2.47830001e-03, -1.37020564e-04,
        -8.22485133e-02, -2.65012657e-01,  9.75071557e-03,
        -1.59269063e-05,  1.99356058e-02, -3.01524913e-02,
         4.76339784e-06,  1.04671060e-01, -1.63348410e-03,
         1.42026303e-05, -1.90079583e-01, -3.55837315e-07],
       [-2.78827870e-03, -3.44991183e-03,  5.34005597e-02,
         1.95585618e-07,  6.81474124e-04,  1.15585338e-03,
         1.96230303e-01,  7.76137493e-01, -2.69532228e-02,
         5.27001009e-05, -6.01244707e-02,  9.34904085e-02,
        -1.82925541e-05, -4.41693972e-01,  4.98602251e-03,
        -6.17896339e-05,  8.16596741e-01,  2.69787315e-06],
       [-1.79907526e-08, -5.21783984e-10, -2.39864291e-06,
         9.81105533e-01, -7.67227525e-04,  1.69402354e-04,
         7.23548086e-07,  8.60784522e-06,  4.29083368e-05,
        -2.11086314e-01, -5.55721321e-05, -2.54698067e-05,
         3.16688817e-02, -2.66728418e-06,  3.10115045e-04,
        -2.82889242e-01, -1.82648883e-05,  2.32972632e-02],
       [ 1.07174507e-05,  1.33349567e-06,  2.00515827e-03,
         7.77450708e-04,  9.17471882e-01, -3.47497382e-01,
        -1.16808406e-03, -1.02595557e-02, -2.00309945e-01,
        -5.17327581e-05,  4.34594062e-02,  3.24445783e-02,
         1.60764099e-05, -5.00189352e-03,  2.88122760e-01,
         3.14170210e-04, -2.19932913e-03, -2.74430653e-07],
       [ 5.34232650e-05,  7.76898953e-04,  6.96466058e-04,
         1.13247921e-04,  3.47294994e-01,  9.16844629e-01,
        -4.87761648e-02,  5.68153349e-02, -2.13945474e-03,
        -9.17169864e-06,  1.20559584e-01, -1.35011342e-01,
         7.18843986e-08,  2.60740803e-01,  2.91485747e-03,
        -1.10262721e-05,  1.27537557e-01,  2.78029212e-06],
       [ 9.43658717e-09,  2.84658144e-09, -2.75229969e-07,
         6.65887986e-02, -5.19678695e-05,  1.15022424e-05,
        -2.02187522e-06, -2.23235282e-05, -1.19776870e-04,
         5.89629084e-01,  1.55670113e-04,  6.81952836e-05,
        -8.24122411e-02,  9.41497469e-06, -1.10837398e-03,
         1.01228259e+00,  6.95647620e-05, -8.16511492e-02],
       [-6.03868808e-06, -7.31988145e-06,  2.87733553e-04,
         5.29205683e-05,  6.23715071e-02, -2.36964365e-02,
         3.32757115e-03,  2.91036173e-02,  5.54680338e-01,
         1.44155918e-04, -1.18254559e-01, -8.70911407e-02,
        -3.93048975e-05,  1.72278557e-02, -1.02822800e+00,
        -1.12358318e-03,  7.11348304e-03, -1.07675771e-06],
       [-1.82454894e-04, -4.28346598e-03,  8.85725465e-05,
         8.04814032e-06,  2.44439997e-02,  6.46169260e-02,
         9.14925170e-02, -1.49941167e-01,  8.41189110e-03,
         2.46887810e-05, -3.37903585e-01,  3.79978244e-01,
        -1.00252293e-06, -9.24114522e-01, -1.08308234e-02,
         3.72151968e-05, -4.57964241e-01, -1.10030756e-05],
       [-7.21967229e-05,  9.94407734e-01,  8.45883195e-04,
         1.54394992e-07,  4.72321624e-04,  1.22554190e-03,
        -2.45148128e-01,  7.04645931e-02, -1.89122091e-03,
         6.97741257e-06, -4.36292378e-02,  5.15051349e-02,
        -6.82822144e-07, -6.80146876e-02, -2.40395182e-04,
        -1.75096352e-07,  6.79888205e-03, -4.07602464e-07],
       [ 5.29377640e-04,  2.34266197e-02, -7.10296499e-03,
        -1.59350048e-06, -4.85748096e-03, -1.27063989e-02,
         9.27917859e-01, -3.13584774e-01,  8.37953429e-03,
        -3.42384149e-05,  2.17789781e-01, -2.56525508e-01,
         4.09397668e-06,  4.09215210e-01,  1.84805488e-03,
         4.97523578e-07, -2.95363331e-02,  2.74380638e-06],
       [-2.92130184e-09, -3.75358094e-08, -2.32468139e-09,
        -3.78322565e-03,  2.97382710e-06, -6.35318744e-07,
        -1.65040492e-06,  4.29307093e-07, -1.51871215e-04,
         2.39840189e-01, -5.04386918e-04, -4.82790867e-04,
         9.58687597e-01, -1.57600271e-05,  2.18556724e-04,
        -1.87530645e-01, -5.85963865e-06,  1.37702233e-03],
       [ 1.47463559e-06,  4.23980871e-05, -6.84812767e-06,
        -3.00722487e-06, -3.55923107e-03,  1.34630467e-03,
         2.94603087e-03, -1.61477446e-03,  3.35932347e-01,
        -5.86416079e-05,  6.90327467e-01,  6.26367502e-01,
         7.41512046e-04,  8.40759509e-03,  1.72983278e-01,
         1.75268323e-04, -5.09651780e-03, -3.70250121e-06],
       [-4.34617588e-04, -2.74053118e-03,  3.71097655e-03,
         9.62109908e-07,  2.89003968e-03,  7.47886326e-03,
        -9.94881568e-02, -1.23038628e-01,  3.08548116e-02,
        -4.38680700e-05,  4.56133649e-01, -5.04175336e-01,
        -1.42197147e-05, -7.60320881e-01, -8.41573779e-03,
        -2.26537764e-05,  1.36144459e-01, -1.39007263e-06],
       [ 4.17183865e-05, -1.57985948e-05,  1.94139942e-04,
         2.76997862e-07,  3.13587080e-04, -2.17111675e-04,
        -4.20129868e-04, -1.10530473e-02, -3.49331007e-02,
        -1.00024858e-05,  9.34117192e-03,  1.93708270e-02,
         1.20566646e-05,  1.82663749e-03, -5.57665334e-02,
        -6.39005698e-05,  3.99035690e-02,  2.63894591e-06],
       [-2.88700253e-04,  1.35532671e-04, -3.42758967e-03,
        -4.06357127e-06, -4.45379992e-03,  3.54633482e-03,
        -8.32361463e-03, -1.41488301e-02,  9.64972339e-02,
         2.58079683e-05, -3.59077516e-02, -6.47088951e-02,
        -4.51650724e-05, -1.47718696e-02,  3.33308126e-01,
         3.82331453e-04, -2.32415175e-01, -1.13316028e-05],
       [ 3.02474896e-08,  1.22805331e-08,  9.36712501e-08,
        -4.20675340e-03,  3.49264713e-06, -1.02223879e-06,
         9.51213210e-07,  4.12465458e-06, -2.01986765e-05,
         8.29503063e-02,  3.53081932e-05,  2.14236851e-05,
        -3.12022133e-02, -1.39567025e-05,  1.10429808e-04,
        -1.07827524e-01, -2.90659985e-05,  9.93395949e-01],
       [-4.71259389e-04, -1.10202212e-04,  4.50467375e-03,
         6.29991772e-06,  6.74877108e-03, -5.81268724e-03,
        -1.83680019e-02, -2.33040072e-01, -3.69860440e-01,
        -7.99407575e-05,  6.85492610e-02,  2.36197104e-01,
         1.15070749e-04,  3.69444657e-02, -5.49180110e-01,
        -6.66211249e-04,  5.47006773e-01,  1.05125601e-05],
       [-9.19474098e-05,  1.69410087e-04, -2.23007163e-03,
        -3.04932898e-06, -3.08052518e-03,  1.59744887e-03,
        -1.81652198e-03,  3.77003480e-02,  2.02461981e-01,
         4.98768703e-05, -6.20977903e-02, -1.02838280e-01,
        -6.58398214e-05,  2.18234353e-01,  2.92365077e-01,
         3.42177443e-04, -7.97002823e-02,  1.03185023e-04],
       [ 4.70892886e-05, -1.45142542e-05,  2.08920394e-04,
         3.04622158e-04, -1.99620137e-04, -4.16044955e-05,
        -1.78975851e-04, -7.98119746e-03,  1.76597414e-02,
        -2.77493499e-02, -1.29693267e-02, -2.35650962e-04,
         1.31818274e-02,  6.43337811e-04,  2.79296944e-02,
         4.52740018e-02,  3.80048609e-02, -7.49496609e-03],
       [-3.11888525e-04,  1.28997839e-04, -3.45454583e-03,
        -4.59965977e-03,  3.10031310e-03,  7.54424635e-04,
        -8.85660619e-03, -2.28234225e-02, -4.58082643e-02,
         6.83647770e-02,  4.00341780e-02,  4.37899118e-03,
        -4.79429240e-02, -7.30526826e-03, -1.67638840e-01,
        -2.75438509e-01, -2.23472488e-01,  3.79539132e-02],
       [-4.09806700e-04, -8.70428820e-05,  3.80871266e-03,
         5.47311111e-03, -4.81265687e-03, -1.14918967e-03,
        -1.46642142e-02, -1.81979540e-01,  2.41561958e-01,
        -2.40608256e-01, -1.80611506e-01,  3.28506900e-03,
         1.12029991e-01,  2.50891522e-02,  3.45974628e-01,
         3.53856874e-01,  4.73562000e-01,  4.00755378e-02],
       [ 2.92365433e-04,  4.55990210e-05, -1.92194310e-03,
        -3.64978476e-03,  1.44619759e-03,  1.18433797e-03,
         1.02010312e-02,  1.24279804e-01,  2.21980114e-02,
         2.68617302e-01,  3.94751383e-02, -6.45873606e-02,
        -1.23797522e-01, -2.56827301e-03,  3.81803954e-02,
        -3.78430954e-01, -2.92208334e-01, -8.25881517e-02],
       [-1.06473873e-04,  1.61746455e-04, -2.23708777e-03,
        -2.69816140e-03,  1.74698995e-03, -1.19171512e-04,
        -2.82184902e-03,  2.40020998e-02, -8.91240500e-02,
         1.81769400e-01,  6.32215393e-02,  4.85060572e-03,
        -8.52987412e-02,  2.26594552e-01, -1.32424923e-01,
        -2.58184944e-01, -7.44486812e-02, -2.10132317e-02],
       [ 4.70799046e-05, -1.45139179e-05,  2.08883806e-04,
        -3.04935809e-04, -1.99187302e-04, -4.17021443e-05,
        -1.79286293e-04, -7.98655389e-03,  1.76497946e-02,
         2.77625206e-02, -1.29480952e-02, -2.19030854e-04,
        -1.31950247e-02,  6.42413850e-04,  2.80277075e-02,
        -4.52191948e-02,  3.79988495e-02,  7.49254510e-03],
       [-3.11846586e-04,  1.28996966e-04, -3.45442298e-03,
         4.60434346e-03,  3.09331777e-03,  7.55982380e-04,
        -8.85561315e-03, -2.28043779e-02, -4.57863266e-02,
        -6.84116181e-02,  3.99715440e-02,  4.32110753e-03,
         4.79963470e-02, -7.29975927e-03, -1.68237561e-01,
         2.75109782e-01, -2.23435779e-01, -3.79453696e-02],
       [ 4.09737931e-04,  8.70312090e-05, -3.80905016e-03,
         5.48037938e-03,  4.80459063e-03,  1.15103121e-03,
         1.46635703e-02,  1.81993796e-01, -2.41429291e-01,
        -2.40801123e-01,  1.80399013e-01, -3.42819094e-03,
         1.12211256e-01, -2.50729004e-02, -3.46696020e-01,
         3.53198688e-01, -4.73467787e-01,  4.01061085e-02],
       [ 2.92338834e-04,  4.56105611e-05, -1.92220048e-03,
         3.65219780e-03,  1.44090830e-03,  1.18536482e-03,
         1.02012585e-02,  1.24302265e-01,  2.22605222e-02,
        -2.68527956e-01,  3.92775779e-02, -6.47219489e-02,
         1.23746971e-01, -2.58853904e-03,  3.73265829e-02,
         3.78469516e-01, -2.92123269e-01,  8.24707205e-02],
       [-1.06327563e-04,  1.61745157e-04, -2.23645624e-03,
         2.70109474e-03,  1.74303067e-03, -1.18309164e-04,
        -2.81776736e-03,  2.40554512e-02, -8.90961549e-02,
        -1.81811965e-01,  6.31040923e-02,  4.74798675e-03,
         8.53530438e-02,  2.26602216e-01, -1.33019485e-01,
         2.57888193e-01, -7.44453647e-02,  2.09801150e-02]]), [18], [array([8.50255263e-01, 3.45038253e-01, 3.38956648e-01, 1.65195289e-01,
       4.35864303e-05])])
2025-11-12 16:50:58,915: nbed.localizers.virtual.concentric: DEBUG: Running concentric localiztion for single spin.
2025-11-12 16:50:58,915: nbed.localizers.virtual.concentric: DEBUG: N effective virtuals: (29, 6)
2025-11-12 16:50:58,915: nbed.localizers.virtual.concentric: DEBUG: Singular values: [9.26185276e-01 8.01135192e-01 3.06323801e-01 2.16700997e-01
 1.44820429e-01 2.82303528e-05]
2025-11-12 16:50:58,915: nbed.localizers.virtual.concentric: DEBUG: Initial c_total.shape=(29, 12) (nocc)
2025-11-12 16:50:58,915: nbed.localizers.virtual.concentric: DEBUG: self.n_act_proj_aos=np.int64(14)
2025-11-12 16:50:58,915: nbed.localizers.virtual.concentric: DEBUG: shell_size=np.int64(6)
2025-11-12 16:50:58,915: nbed.localizers.virtual.concentric: DEBUG: v_span.shape=(6, 6)
2025-11-12 16:50:58,915: nbed.localizers.virtual.concentric: DEBUG: v_ker.shape=(6, 0)
2025-11-12 16:50:58,915: nbed.localizers.virtual.concentric: DEBUG: Created 0th shell.
2025-11-12 16:50:58,915: nbed.localizers.virtual.concentric: DEBUG: No kernel for 0th shell, cannot perform CL.
2025-11-12 16:50:58,915: nbed.localizers.virtual.concentric: DEBUG: This is expected for molecules with majority active MOs occupied.
2025-11-12 16:50:58,915: nbed.localizers.virtual.concentric: DEBUG: Shell indices: [18]
2025-11-12 16:50:58,916: nbed.localizers.virtual.concentric: DEBUG: (array([[ 9.94035669e-01, -1.46740869e-04, -3.56312833e-01,
         2.86581212e-04, -5.08972760e-07,  6.48071518e-04,
         3.56513419e-02,  7.41492146e-02,  1.07839117e-05,
         1.12405630e-02,  6.60301798e-03, -1.63519505e-06,
        -1.98129466e-02,  2.35288825e-02, -7.19377936e-06,
         3.86463205e-03,  5.38982475e-02,  5.09790410e-06],
       [ 1.80048609e-02,  4.71933162e-04,  1.04248149e+00,
        -8.39239245e-04,  1.53564861e-06, -1.98079967e-03,
        -1.24557424e-01, -2.57179502e-01, -3.72020082e-05,
        -3.86470968e-02, -2.29596273e-02,  5.64180614e-06,
         6.52315912e-02, -7.76807040e-02,  2.38635955e-05,
        -1.27184757e-02, -1.77491838e-01, -1.67119960e-05],
       [-2.80776903e-03, -3.18393986e-03,  5.35842287e-02,
        -2.76896516e-04, -2.10375718e-07,  1.24620342e-03,
         3.29393831e-01,  7.68054008e-01,  1.18713407e-04,
         1.30922693e-01,  7.04315365e-02, -1.80253617e-05,
        -2.85464538e-01,  3.33755382e-01, -9.95951750e-05,
         5.43797467e-02,  7.75502798e-01,  7.50867200e-05],
       [-2.81738369e-08, -2.85755190e-09, -2.00975595e-06,
        -4.82822131e-04,  9.81083015e-01, -1.51621321e-04,
         6.48492637e-07,  1.41426371e-05, -2.20555538e-01,
        -5.61403526e-05,  1.42130882e-04,  2.61667265e-02,
         3.14279493e-05,  5.56613685e-05, -2.77160119e-01,
         1.94466112e-04, -4.70621523e-05,  6.92902279e-03],
       [ 2.81899330e-05,  6.00063843e-06,  1.47316502e-03,
         9.00087445e-01,  5.03171513e-04,  3.90592694e-01,
         2.91507055e-03,  1.14988730e-02, -1.28553767e-04,
         1.06916904e-01, -2.11457798e-01,  3.82040149e-05,
        -4.54301977e-02, -8.53244143e-02, -2.24233531e-04,
        -2.40499223e-01,  2.80631186e-02, -8.98969699e-06],
       [ 5.89041135e-05,  7.22788813e-04,  1.15123509e-03,
        -3.90669831e-01, -5.31899128e-05,  8.99326432e-01,
        -5.59719128e-02,  7.09084148e-02, -5.09533310e-07,
        -1.83932019e-01, -6.97321458e-02, -1.18612372e-05,
         1.60318912e-01, -1.80879364e-01, -1.38061706e-05,
         3.83023313e-02,  1.28413246e-01, -2.02425589e-05],
       [ 3.12917209e-08,  1.79860527e-09, -1.96265212e-07,
        -3.23570904e-05,  6.66803932e-02, -1.04338994e-05,
        -1.63053538e-06, -3.55429959e-05,  6.22319392e-01,
         1.65210185e-04, -4.24082767e-04, -6.73753295e-02,
        -1.15871601e-04, -2.01419027e-04,  9.97467353e-01,
        -7.06237797e-04,  1.77061275e-04, -1.68986631e-02],
       [-3.97956469e-05, -8.25682477e-06, -2.73286162e-05,
         6.06911552e-02,  3.42845747e-05,  2.70649357e-02,
        -7.66725380e-03, -3.19543700e-02,  3.61268043e-04,
        -3.19800071e-01,  6.33819101e-01, -1.06551290e-04,
         1.71220075e-01,  3.07977713e-01,  8.01657558e-04,
         8.63269079e-01, -1.05806838e-01,  2.84674078e-05],
       [-1.99185193e-04, -3.96719002e-03,  6.79928288e-05,
        -2.70580085e-02, -3.41872945e-06,  6.32435848e-02,
         1.19288434e-01, -1.87233654e-01,  2.85974661e-07,
         5.37569874e-01,  1.90014401e-01,  3.74590937e-05,
        -5.81950318e-01,  6.44275650e-01,  4.76463242e-05,
        -1.34241686e-01, -4.62034661e-01,  6.93249479e-05],
       [-7.42893984e-05,  9.94909460e-01,  8.23891780e-04,
        -4.93081948e-04, -5.60631511e-08,  1.19624489e-03,
        -2.26425405e-01,  1.00126192e-01,  1.30503211e-05,
         7.67040426e-02,  3.33944299e-02,  1.77641658e-06,
        -4.52571496e-02,  5.38875142e-02, -1.63924123e-06,
        -5.48252585e-03,  5.52200162e-03,  6.39067155e-06],
       [ 5.40337611e-04,  2.14088410e-02, -7.04979613e-03,
         5.23411991e-03,  6.49079647e-07, -1.24501656e-02,
         8.47928747e-01, -4.26280260e-01, -6.01005006e-05,
        -3.78604887e-01, -1.60949258e-01, -1.02414972e-05,
         2.68276696e-01, -3.13432793e-01,  7.79636098e-06,
         3.40005379e-02, -2.11705431e-02, -3.91088520e-05],
       [-7.35851633e-08, -7.57216546e-08, -3.04109961e-07,
         1.48312565e-06, -3.76328666e-03,  8.98807728e-07,
        -7.05586227e-06, -1.84073227e-05,  2.06938051e-01,
        -5.42466063e-05, -1.02792669e-04,  9.65477265e-01,
         5.58883244e-04,  4.85312478e-04, -1.91687290e-01,
        -3.25856030e-05, -5.70760280e-06,  8.10009116e-03],
       [ 9.26473107e-05,  9.24003001e-05,  4.08358101e-04,
        -2.99897200e-03, -1.61794992e-06, -1.95792647e-03,
         7.48797177e-03,  1.42368945e-02,  1.66490595e-04,
        -4.01783722e-02,  2.39665566e-01,  7.47824924e-04,
        -6.96457076e-01, -6.16913171e-01, -1.33680628e-04,
         3.50206004e-02, -1.23597047e-02,  4.10714978e-06],
       [-4.50933124e-04, -2.58998035e-03,  3.67364253e-03,
        -2.86380315e-03, -1.96028738e-07,  7.35567885e-03,
        -1.08809152e-01, -8.96301390e-02, -3.92038928e-05,
        -5.07283960e-01, -3.55199834e-01, -9.39486273e-07,
        -6.13960539e-01,  5.40976161e-01, -2.48038285e-05,
        -4.20032220e-03,  1.28975781e-01, -5.28564519e-06],
       [ 4.80805497e-05, -7.75103687e-06,  2.24125939e-04,
         4.18559616e-04,  2.49956624e-07, -5.97351272e-06,
        -1.11917548e-04, -7.51606890e-03, -2.07046455e-05,
         1.45916829e-02, -6.49736033e-03,  1.31437520e-05,
         1.25508002e-02,  1.88116473e-02,  3.99205839e-05,
         5.06633522e-02,  3.34858401e-02,  2.99059046e-06],
       [-3.10458616e-04,  9.58252914e-05, -3.53283901e-03,
        -5.78051565e-03, -3.08303234e-06, -3.27710393e-04,
        -1.63588815e-02, -2.35317748e-02,  4.52804168e-05,
        -2.01718917e-02, -3.00269523e-02, -4.21733387e-05,
        -7.26567383e-02, -1.06867465e-01, -2.38127046e-04,
        -3.04850955e-01, -1.92232989e-01, -1.74813207e-05],
       [-8.58806161e-09,  2.11795185e-08, -7.63366096e-08,
         5.97208296e-07, -1.39492649e-03, -9.30986371e-09,
        -1.40192439e-06, -2.12588801e-05,  1.26076451e-01,
         1.69289080e-05, -2.38123790e-05, -5.78214759e-02,
         2.51436370e-05,  5.23085733e-05, -2.11071732e-01,
         1.48932150e-04, -3.77687861e-05, -1.12768659e-02],
       [-3.19217423e-04, -3.83030919e-05,  5.22338379e-03,
         9.44775594e-03,  5.13218536e-06, -1.97958564e-04,
        -2.36326861e-02, -1.70449268e-01, -2.12945549e-04,
         1.88300955e-01, -6.62616420e-02,  1.34200816e-04,
         1.28218744e-01,  1.63472801e-01,  3.64175365e-04,
         5.05821985e-01,  4.59420076e-01,  1.96496513e-07],
       [-1.36697443e-04,  9.87931306e-05, -2.50025821e-03,
        -3.48506416e-03, -2.06696981e-06, -8.00278285e-04,
        -1.02170017e-02,  1.79345594e-02,  1.01372205e-04,
        -8.36593850e-02,  4.82567746e-02, -6.49850618e-05,
         9.90166063e-02, -2.12521556e-01, -2.03317305e-04,
        -2.33606817e-01, -4.28787112e-02, -1.50689412e-05],
       [ 4.28810324e-05, -1.58584765e-05,  2.01327611e-04,
        -1.04175854e-04,  3.16704481e-04, -1.42197463e-04,
        -8.21118432e-04, -8.18996252e-03, -2.86798872e-02,
         5.00084318e-03,  7.55796327e-03,  1.31903718e-02,
        -6.75298202e-03, -1.03780483e-02,  4.85935951e-02,
        -1.78758964e-02,  4.16392402e-02, -5.99243348e-03],
       [-2.95489092e-04,  1.28712240e-04, -3.45045652e-03,
         1.64569776e-03, -4.65925882e-03,  2.61496719e-03,
        -1.45097250e-02, -2.55212615e-02,  6.91118036e-02,
        -2.49917445e-02,  6.87823267e-04, -4.90410189e-02,
         3.34986882e-02,  6.06287633e-02, -2.87662069e-01,
         1.09452155e-01, -2.41515749e-01,  2.59048225e-02],
       [-4.90908090e-04, -1.27267903e-04,  3.50420258e-03,
        -3.17882038e-03,  5.07228392e-03, -3.87012480e-03,
        -3.73590142e-02, -1.92469359e-01, -2.41249699e-01,
         7.02370442e-03,  2.18064902e-01,  1.05521816e-01,
         2.50185371e-02, -4.83933220e-02,  3.71817669e-01,
        -3.31433635e-01,  5.39607127e-01,  3.51773668e-01],
       [ 2.84482295e-04,  2.61986237e-05, -2.15643322e-03,
        -9.60766371e-04, -5.22583417e-03,  1.93457711e-03,
         1.48358720e-02,  1.08025698e-01,  2.31671216e-01,
        -1.91625375e-01,  1.67206598e-01, -1.06091235e-01,
         1.23494311e-01,  1.12771943e-01, -3.49295370e-01,
        -2.91118521e-01, -2.73503727e-01,  5.59384318e-01],
       [-1.23473769e-04,  1.26747262e-04, -2.25913477e-03,
         2.23907835e-03, -2.39165788e-03,  1.03535004e-03,
        -4.55330461e-03,  2.26301133e-02,  1.81638828e-01,
         5.70995600e-02, -1.69195879e-01, -8.01962707e-02,
         7.65907902e-02, -2.14377604e-01, -2.71422084e-01,
         2.47956785e-01, -8.82038788e-02, -2.52863561e-01],
       [ 4.28834133e-05, -1.58539726e-05,  2.01325816e-04,
        -1.03933279e-04, -3.16898112e-04, -1.42148394e-04,
        -8.21783912e-04, -8.19798707e-03,  2.87033083e-02,
         5.00363383e-03,  7.55111276e-03, -1.32033522e-02,
        -6.73316111e-03, -1.03541839e-02, -4.86464105e-02,
        -1.78132651e-02,  4.16187768e-02,  5.98671850e-03],
       [-2.95493580e-04,  1.28693411e-04, -3.45047224e-03,
         1.64146928e-03,  4.66195319e-03,  2.61371301e-03,
        -1.45072185e-02, -2.54933449e-02, -6.91914764e-02,
        -2.49767655e-02,  6.47407624e-04,  4.90896963e-02,
         3.33966642e-02,  6.04951286e-02,  2.87977004e-01,
         1.09069879e-01, -2.41400214e-01, -2.58836095e-02],
       [ 4.90707563e-04,  1.27101883e-04, -3.50504449e-03,
         3.17477673e-03,  5.07631436e-03,  3.87102890e-03,
         3.73484990e-02,  1.92509733e-01, -2.41558128e-01,
        -7.09039199e-03, -2.18008614e-01,  1.05726367e-01,
        -2.50997349e-02,  4.80990177e-02,  3.72530224e-01,
         3.30924536e-01, -5.39445173e-01,  3.52074296e-01],
       [ 2.84545821e-04,  2.63098040e-05, -2.15600149e-03,
        -9.66580113e-04,  5.22685047e-03,  1.93070377e-03,
         1.48527804e-02,  1.08087429e-01, -2.31555829e-01,
        -1.91640887e-01,  1.67384360e-01,  1.05975337e-01,
         1.23368566e-01,  1.12825921e-01,  3.49117793e-01,
        -2.91598778e-01, -2.73304227e-01, -5.59885807e-01],
       [-1.23596421e-04,  1.26625358e-04, -2.25995989e-03,
         2.23500043e-03,  2.39521014e-03,  1.03606882e-03,
        -4.56704564e-03,  2.26575723e-02, -1.81738225e-01,
         5.68234609e-02, -1.68793914e-01,  8.03062897e-02,
         7.68809154e-02, -2.14234194e-01,  2.71675134e-01,
         2.47212547e-01, -8.80668914e-02,  2.52231431e-01]]), [18], [array([9.26185276e-01, 8.01135192e-01, 3.06323801e-01, 2.16700997e-01,
       1.44820429e-01, 2.82303528e-05])])
2025-11-12 16:50:58,916: nbed.localizers.virtual.concentric: DEBUG: Completed Concentric Localization.
2025-11-12 16:50:58,916: nbed.localizers.virtual.concentric: DEBUG: self.shells=([18], [18])
2025-11-12 16:50:58,916: nbed.localizers.virtual.concentric: DEBUG: self.singular_values=([array([8.50255263e-01, 3.45038253e-01, 3.38956648e-01, 1.65195289e-01,
       4.35864303e-05])], [array([9.26185276e-01, 8.01135192e-01, 3.06323801e-01, 2.16700997e-01,
       1.44820429e-01, 2.82303528e-05])])
2025-11-12 16:50:58,916: nbed.driver: INFO: ROHF energy: -632.6687972144866
2025-11-12 16:50:58,916: nbed.driver: DEBUG: Classical energy: -168.80820060596545
2025-11-12 16:50:58,916: nbed.ham_builder: DEBUG: Initialising HamiltonianBuilder.
2025-11-12 16:50:58,916: nbed.ham_builder: DEBUG: <class 'pyscf.scf.uhf.UHF'>
2025-11-12 16:50:58,916: nbed.ham_builder: INFO: Building Hamiltonian
2025-11-12 16:50:58,916: nbed.ham_builder: DEBUG: Calculating one body integrals.
2025-11-12 16:50:58,916: nbed.ham_builder: DEBUG: c_matrix_active.shape=(2, 29, 18)
2025-11-12 16:50:58,916: nbed.ham_builder: DEBUG: c_matrix_active[0].shape=(29, 18)
2025-11-12 16:50:58,916: nbed.ham_builder: DEBUG: self.scf_method.get_hcore().shape=(2, 29, 29)
2025-11-12 16:50:58,917: nbed.ham_builder: INFO: Calculating unrestricted one body intergrals.
2025-11-12 16:50:58,917: nbed.ham_builder: DEBUG: One body integrals found.
2025-11-12 16:50:58,917: nbed.ham_builder: DEBUG: (2, 18, 18)
2025-11-12 16:50:58,917: nbed.ham_builder: DEBUG: Calculating two body integrals.
2025-11-12 16:50:59,138: nbed.ham_builder: DEBUG: Two body integrals found.
2025-11-12 16:50:59,138: nbed.ham_builder: DEBUG: (4, 18, 18, 18, 18)
2025-11-12 16:50:59,138: nbed.ham_builder: DEBUG: Converting to spin-orbital coefficients.
2025-11-12 16:50:59,194: nbed.ham_builder: DEBUG: one_body_coefficients.shape=(36, 36)
2025-11-12 16:50:59,194: nbed.ham_builder: DEBUG: two_body_coefficients.shape=(36, 36, 36, 36)
2025-11-12 16:50:59,194: nbed.driver: DEBUG: Found result for ProjectorEnum.MU
2025-11-12 16:50:59,194: nbed.driver: DEBUG: {'scf': <pyscf.scf.uhf.UHF object at 0x136d1b9d0>, 'v_emb': array([[[ 8.33746993e+00, -2.60420632e+00,  2.09722219e+02, ...,
         -1.61474231e+02, -1.31937573e+02,  3.58498369e+02],
        [-2.60420632e+00,  2.04655735e+01, -5.87347740e+02, ...,
          5.71849569e+02, -2.12545337e+01, -1.09908890e+03],
        [ 2.09722219e+02, -5.87347740e+02,  2.60788321e+04, ...,
         -2.01686153e+04, -1.49808067e+04,  4.20157884e+04],
        ...,
        [-1.61474231e+02,  5.71849569e+02, -2.01686153e+04, ...,
          4.43646400e+05, -3.06308665e+05, -2.21931971e+05],
        [-1.31937573e+02, -2.12545337e+01, -1.49808067e+04, ...,
         -3.06308665e+05,  7.01867959e+05, -1.55009929e+05],
        [ 3.58498369e+02, -1.09908890e+03,  4.20157884e+04, ...,
         -2.21931971e+05, -1.55009929e+05,  8.53884421e+05]],

       [[ 8.44861139e+00, -2.55792267e+00,  2.21074577e+02, ...,
         -2.65801080e+02, -1.14238060e+02,  3.60069254e+02],
        [-2.55792267e+00,  1.96140017e+01, -5.78474307e+02, ...,
          6.25178345e+02, -7.18881438e+00, -8.87738948e+02],
        [ 2.21074577e+02, -5.78474307e+02,  2.72205449e+04, ...,
         -3.15682323e+04, -1.35138893e+04,  4.10679425e+04],
        ...,
        [-2.65801080e+02,  6.25178345e+02, -3.15682323e+04, ...,
          2.95069608e+05,  2.07118200e+04, -3.68173249e+05],
        [-1.14238060e+02, -7.18881438e+00, -1.35138893e+04, ...,
          2.07118200e+04,  2.80174367e+05,  1.20314163e+05],
        [ 3.60069254e+02, -8.87738948e+02,  4.10679425e+04, ...,
         -3.68173249e+05,  1.20314163e+05,  7.12322630e+05]]],
      shape=(2, 29, 29)), 'mo_energies_emb_pre_del': array([[-7.90898659e+01, -2.02222556e+01, -7.39307260e+00,
        -5.22072820e+00, -5.21909103e+00, -5.21780188e+00,
        -1.25690261e+00, -8.39660587e-01, -6.10842702e-01,
        -5.87823174e-01, -4.77878248e-01, -4.60790227e-01,
        -3.94721574e-01,  2.02476238e-01,  3.67613700e-01,
         4.82833983e-01,  4.99228417e-01,  5.02900259e-01,
         9.99983243e+05,  9.99983245e+05,  9.99983884e+05,
         9.99999577e+05,  9.99999589e+05,  9.99999638e+05,
         1.00000001e+06,  1.00000001e+06,  1.00000005e+06,
         1.00000010e+06,  1.00000010e+06],
       [-7.90927052e+01, -2.01972775e+01, -7.39766190e+00,
        -5.22702759e+00, -5.22413520e+00, -5.22273008e+00,
        -1.11953608e+00, -8.17960557e-01, -5.80058059e-01,
        -4.31319301e-01, -4.05388392e-01, -3.49779452e-01,
         1.98665237e-01,  2.84893862e-01,  3.81417444e-01,
         4.95793382e-01,  5.15982706e-01,  5.21678848e-01,
         9.99982286e+05,  9.99982554e+05,  9.99982556e+05,
         9.99999409e+05,  9.99999587e+05,  9.99999617e+05,
         9.99999915e+05,  1.00000000e+06,  1.00000003e+06,
         1.00000008e+06,  1.00000011e+06]]), 'mo_energies_emb_post_del': array([[-79.08986593, -20.22225564,  -7.3930726 ,  -5.2207282 ,
         -5.21909103,  -5.21780188,  -1.25690261,  -0.83966059,
         -0.6108427 ,  -0.58782317,  -0.47787825,  -0.46079023,
         -0.39472157,   0.20247624,   0.3676137 ,   0.48283398,
          0.49922842,   0.50290026],
       [-79.0927052 , -20.19727751,  -7.3976619 ,  -5.22702759,
         -5.2241352 ,  -5.22273008,  -1.11953608,  -0.81796056,
         -0.58005806,  -0.4313193 ,  -0.40538839,  -0.34977945,
          0.19866524,   0.28489386,   0.38141744,   0.49579338,
          0.51598271,   0.52167885]]), 'correction': np.float64(78.66675521433353), 'beta_correction': np.float64(73.52528468176024), 'e_rhf': np.float64(-632.6687972144866), 'classical_energy': np.float64(-168.80820060596545), 'hf_emb': np.float64(-463.8605966085212), 'second_quantised': (np.float64(-168.80820060596545), array([[-1.14429128e+02,  0.00000000e+00,  8.21309027e-04, ...,
         0.00000000e+00, -6.05158335e-07,  0.00000000e+00],
       [ 0.00000000e+00, -1.14429089e+02,  0.00000000e+00, ...,
        -2.54229720e-01,  0.00000000e+00, -2.32852257e-05],
       [ 8.21309027e-04,  0.00000000e+00, -3.64859638e+01, ...,
         0.00000000e+00,  8.53746295e-07,  0.00000000e+00],
       ...,
       [ 0.00000000e+00, -2.54229720e-01,  0.00000000e+00, ...,
        -8.34554947e+00,  0.00000000e+00, -3.14798538e-05],
       [-6.05158335e-07,  0.00000000e+00,  8.53746220e-07, ...,
         0.00000000e+00, -6.40333798e+00,  0.00000000e+00],
       [ 0.00000000e+00, -2.32852260e-05,  0.00000000e+00, ...,
        -3.14799018e-05,  0.00000000e+00, -6.57647295e+00]],
      shape=(36, 36)), array([[[[ 4.49219515e+00,  0.00000000e+00, -2.34344066e-04, ...,
           0.00000000e+00,  1.77871143e-07,  0.00000000e+00],
         [ 0.00000000e+00,  0.00000000e+00,  0.00000000e+00, ...,
           0.00000000e+00,  0.00000000e+00,  0.00000000e+00],
         [-2.34344066e-04,  0.00000000e+00,  4.67149149e-08, ...,
           0.00000000e+00,  0.00000000e+00,  0.00000000e+00],
         ...,
         [ 0.00000000e+00,  0.00000000e+00,  0.00000000e+00, ...,
           0.00000000e+00,  0.00000000e+00,  0.00000000e+00],
         [ 1.77871143e-07,  0.00000000e+00,  0.00000000e+00, ...,
           0.00000000e+00,  2.11960169e-05,  0.00000000e+00],
         [ 0.00000000e+00,  0.00000000e+00,  0.00000000e+00, ...,
           0.00000000e+00,  0.00000000e+00,  0.00000000e+00]],

        [[ 0.00000000e+00,  0.00000000e+00,  0.00000000e+00, ...,
           0.00000000e+00,  0.00000000e+00,  0.00000000e+00],
         [ 4.49217117e+00,  0.00000000e+00, -2.34341633e-04, ...,
           0.00000000e+00,  1.77851323e-07,  0.00000000e+00],
         [ 0.00000000e+00,  0.00000000e+00,  0.00000000e+00, ...,
           0.00000000e+00,  0.00000000e+00,  0.00000000e+00],
         ...,
         [ 8.05936275e-02,  0.00000000e+00, -3.48316496e-06, ...,
           0.00000000e+00, -2.36916520e-08,  0.00000000e+00],
         [ 0.00000000e+00,  0.00000000e+00,  0.00000000e+00, ...,
           0.00000000e+00,  0.00000000e+00,  0.00000000e+00],
         [ 7.61090027e-06,  0.00000000e+00,  0.00000000e+00, ...,
           0.00000000e+00,  6.40103903e-06,  0.00000000e+00]],

        [[-2.34344066e-04,  0.00000000e+00,  4.67149149e-08, ...,
           0.00000000e+00,  0.00000000e+00,  0.00000000e+00],
         [ 0.00000000e+00,  0.00000000e+00,  0.00000000e+00, ...,
           0.00000000e+00,  0.00000000e+00,  0.00000000e+00],
         [ 1.54473507e-01,  0.00000000e+00, -5.63582322e-05, ...,
           0.00000000e+00,  0.00000000e+00,  0.00000000e+00],
         ...,
         [ 0.00000000e+00,  0.00000000e+00,  0.00000000e+00, ...,
           0.00000000e+00,  0.00000000e+00,  0.00000000e+00],
         [ 0.00000000e+00,  0.00000000e+00,  0.00000000e+00, ...,
           0.00000000e+00,  1.62303251e-08,  0.00000000e+00],
         [ 0.00000000e+00,  0.00000000e+00,  0.00000000e+00, ...,
           0.00000000e+00,  0.00000000e+00,  0.00000000e+00]],

        ...,

        [[ 0.00000000e+00,  0.00000000e+00,  0.00000000e+00, ...,
           0.00000000e+00,  0.00000000e+00,  0.00000000e+00],
         [ 8.05936275e-02,  0.00000000e+00, -3.48316496e-06, ...,
           0.00000000e+00, -2.36916520e-08,  0.00000000e+00],
         [ 0.00000000e+00,  0.00000000e+00,  0.00000000e+00, ...,
           0.00000000e+00,  0.00000000e+00,  0.00000000e+00],
         ...,
         [ 2.35535352e-01,  0.00000000e+00, -2.32051003e-06, ...,
           0.00000000e+00,  1.33284939e-08,  0.00000000e+00],
         [ 0.00000000e+00,  0.00000000e+00,  0.00000000e+00, ...,
           0.00000000e+00,  0.00000000e+00,  0.00000000e+00],
         [ 1.16431977e-06,  0.00000000e+00,  0.00000000e+00, ...,
           0.00000000e+00, -4.38170280e-07,  0.00000000e+00]],

        [[ 1.77871143e-07,  0.00000000e+00,  0.00000000e+00, ...,
           0.00000000e+00,  2.11960169e-05,  0.00000000e+00],
         [ 0.00000000e+00,  0.00000000e+00,  0.00000000e+00, ...,
           0.00000000e+00,  0.00000000e+00,  0.00000000e+00],
         [ 0.00000000e+00,  0.00000000e+00,  0.00000000e+00, ...,
           0.00000000e+00,  1.62303251e-08,  0.00000000e+00],
         ...,
         [ 0.00000000e+00,  0.00000000e+00,  0.00000000e+00, ...,
           0.00000000e+00,  0.00000000e+00,  0.00000000e+00],
         [ 1.50578587e-01,  0.00000000e+00, -2.05323097e-07, ...,
           0.00000000e+00,  5.54493619e-09,  0.00000000e+00],
         [ 0.00000000e+00,  0.00000000e+00,  0.00000000e+00, ...,
           0.00000000e+00,  0.00000000e+00,  0.00000000e+00]],

        [[ 0.00000000e+00,  0.00000000e+00,  0.00000000e+00, ...,
           0.00000000e+00,  0.00000000e+00,  0.00000000e+00],
         [ 7.61090027e-06,  0.00000000e+00,  0.00000000e+00, ...,
           0.00000000e+00,  6.40103903e-06,  0.00000000e+00],
         [ 0.00000000e+00,  0.00000000e+00,  0.00000000e+00, ...,
           0.00000000e+00,  0.00000000e+00,  0.00000000e+00],
         ...,
         [ 1.16431977e-06,  0.00000000e+00,  0.00000000e+00, ...,
           0.00000000e+00, -4.38170280e-07,  0.00000000e+00],
         [ 0.00000000e+00,  0.00000000e+00,  0.00000000e+00, ...,
           0.00000000e+00,  0.00000000e+00,  0.00000000e+00],
         [ 1.49988824e-01,  0.00000000e+00, -2.01970232e-07, ...,
           0.00000000e+00, -8.97539120e-09,  0.00000000e+00]]],


       [[[ 0.00000000e+00,  4.49217117e+00,  0.00000000e+00, ...,
           8.05936275e-02,  0.00000000e+00,  7.61090027e-06],
         [ 0.00000000e+00,  0.00000000e+00,  0.00000000e+00, ...,
           0.00000000e+00,  0.00000000e+00,  0.00000000e+00],
         [ 0.00000000e+00, -2.34341633e-04,  0.00000000e+00, ...,
          -3.48316496e-06,  0.00000000e+00,  0.00000000e+00],
         ...,
         [ 0.00000000e+00,  0.00000000e+00,  0.00000000e+00, ...,
           0.00000000e+00,  0.00000000e+00,  0.00000000e+00],
         [ 0.00000000e+00,  1.77851323e-07,  0.00000000e+00, ...,
          -2.36916520e-08,  0.00000000e+00,  6.40103903e-06],
         [ 0.00000000e+00,  0.00000000e+00,  0.00000000e+00, ...,
           0.00000000e+00,  0.00000000e+00,  0.00000000e+00]],

        [[ 0.00000000e+00,  0.00000000e+00,  0.00000000e+00, ...,
           0.00000000e+00,  0.00000000e+00,  0.00000000e+00],
         [ 0.00000000e+00,  4.49214719e+00,  0.00000000e+00, ...,
           8.05929987e-02,  0.00000000e+00,  7.61080437e-06],
         [ 0.00000000e+00,  0.00000000e+00,  0.00000000e+00, ...,
           0.00000000e+00,  0.00000000e+00,  0.00000000e+00],
         ...,
         [ 0.00000000e+00,  8.05929987e-02,  0.00000000e+00, ...,
           3.15279609e-03,  0.00000000e+00,  1.09441476e-07],
         [ 0.00000000e+00,  0.00000000e+00,  0.00000000e+00, ...,
           0.00000000e+00,  0.00000000e+00,  0.00000000e+00],
         [ 0.00000000e+00,  7.61080437e-06,  0.00000000e+00, ...,
           1.09441476e-07,  0.00000000e+00,  1.97543683e-06]],

        [[ 0.00000000e+00, -2.34341633e-04,  0.00000000e+00, ...,
          -3.48316496e-06,  0.00000000e+00,  0.00000000e+00],
         [ 0.00000000e+00,  0.00000000e+00,  0.00000000e+00, ...,
           0.00000000e+00,  0.00000000e+00,  0.00000000e+00],
         [ 0.00000000e+00,  1.54473531e-01,  0.00000000e+00, ...,
           2.10395807e-04,  0.00000000e+00, -2.76812493e-08],
         ...,
         [ 0.00000000e+00,  0.00000000e+00,  0.00000000e+00, ...,
           0.00000000e+00,  0.00000000e+00,  0.00000000e+00],
         [ 0.00000000e+00,  0.00000000e+00,  0.00000000e+00, ...,
           0.00000000e+00,  0.00000000e+00,  5.16648132e-09],
         [ 0.00000000e+00,  0.00000000e+00,  0.00000000e+00, ...,
           0.00000000e+00,  0.00000000e+00,  0.00000000e+00]],

        ...,

        [[ 0.00000000e+00,  0.00000000e+00,  0.00000000e+00, ...,
           0.00000000e+00,  0.00000000e+00,  0.00000000e+00],
         [ 0.00000000e+00,  8.05929987e-02,  0.00000000e+00, ...,
           3.15279609e-03,  0.00000000e+00,  1.09441476e-07],
         [ 0.00000000e+00,  0.00000000e+00,  0.00000000e+00, ...,
           0.00000000e+00,  0.00000000e+00,  0.00000000e+00],
         ...,
         [ 0.00000000e+00,  2.35535242e-01,  0.00000000e+00, ...,
          -1.59380307e-04,  0.00000000e+00,  8.48280079e-08],
         [ 0.00000000e+00,  0.00000000e+00,  0.00000000e+00, ...,
           0.00000000e+00,  0.00000000e+00,  0.00000000e+00],
         [ 0.00000000e+00,  1.16431782e-06,  0.00000000e+00, ...,
           1.07733789e-08,  0.00000000e+00,  1.80600558e-06]],

        [[ 0.00000000e+00,  1.77851323e-07,  0.00000000e+00, ...,
          -2.36916520e-08,  0.00000000e+00,  6.40103903e-06],
         [ 0.00000000e+00,  0.00000000e+00,  0.00000000e+00, ...,
           0.00000000e+00,  0.00000000e+00,  0.00000000e+00],
         [ 0.00000000e+00,  0.00000000e+00,  0.00000000e+00, ...,
           0.00000000e+00,  0.00000000e+00,  5.16648132e-09],
         ...,
         [ 0.00000000e+00,  0.00000000e+00,  0.00000000e+00, ...,
           0.00000000e+00,  0.00000000e+00,  0.00000000e+00],
         [ 0.00000000e+00,  1.50578626e-01,  0.00000000e+00, ...,
          -1.12592867e-06,  0.00000000e+00,  0.00000000e+00],
         [ 0.00000000e+00,  0.00000000e+00,  0.00000000e+00, ...,
           0.00000000e+00,  0.00000000e+00,  0.00000000e+00]],

        [[ 0.00000000e+00,  0.00000000e+00,  0.00000000e+00, ...,
           0.00000000e+00,  0.00000000e+00,  0.00000000e+00],
         [ 0.00000000e+00,  7.61080437e-06,  0.00000000e+00, ...,
           1.09441476e-07,  0.00000000e+00,  1.97543683e-06],
         [ 0.00000000e+00,  0.00000000e+00,  0.00000000e+00, ...,
           0.00000000e+00,  0.00000000e+00,  0.00000000e+00],
         ...,
         [ 0.00000000e+00,  1.16431782e-06,  0.00000000e+00, ...,
           1.07733789e-08,  0.00000000e+00,  1.80600558e-06],
         [ 0.00000000e+00,  0.00000000e+00,  0.00000000e+00, ...,
           0.00000000e+00,  0.00000000e+00,  0.00000000e+00],
         [ 0.00000000e+00,  1.49988796e-01,  0.00000000e+00, ...,
          -9.46365205e-05,  0.00000000e+00,  5.02769208e-09]]],


       [[[-2.34344066e-04,  0.00000000e+00,  1.54473507e-01, ...,
           0.00000000e+00,  0.00000000e+00,  0.00000000e+00],
         [ 0.00000000e+00,  0.00000000e+00,  0.00000000e+00, ...,
           0.00000000e+00,  0.00000000e+00,  0.00000000e+00],
         [ 4.67149149e-08,  0.00000000e+00, -5.63582322e-05, ...,
           0.00000000e+00,  0.00000000e+00,  0.00000000e+00],
         ...,
         [ 0.00000000e+00,  0.00000000e+00,  0.00000000e+00, ...,
           0.00000000e+00,  0.00000000e+00,  0.00000000e+00],
         [ 0.00000000e+00,  0.00000000e+00,  0.00000000e+00, ...,
           0.00000000e+00,  1.62303251e-08,  0.00000000e+00],
         [ 0.00000000e+00,  0.00000000e+00,  0.00000000e+00, ...,
           0.00000000e+00,  0.00000000e+00,  0.00000000e+00]],

        [[ 0.00000000e+00,  0.00000000e+00,  0.00000000e+00, ...,
           0.00000000e+00,  0.00000000e+00,  0.00000000e+00],
         [-2.34341633e-04,  0.00000000e+00,  1.54473531e-01, ...,
           0.00000000e+00,  0.00000000e+00,  0.00000000e+00],
         [ 0.00000000e+00,  0.00000000e+00,  0.00000000e+00, ...,
           0.00000000e+00,  0.00000000e+00,  0.00000000e+00],
         ...,
         [-3.48316496e-06,  0.00000000e+00,  2.10395807e-04, ...,
           0.00000000e+00,  0.00000000e+00,  0.00000000e+00],
         [ 0.00000000e+00,  0.00000000e+00,  0.00000000e+00, ...,
           0.00000000e+00,  0.00000000e+00,  0.00000000e+00],
         [ 0.00000000e+00,  0.00000000e+00, -2.76812493e-08, ...,
           0.00000000e+00,  5.16648132e-09,  0.00000000e+00]],

        [[ 4.67149149e-08,  0.00000000e+00, -5.63582322e-05, ...,
           0.00000000e+00,  0.00000000e+00,  0.00000000e+00],
         [ 0.00000000e+00,  0.00000000e+00,  0.00000000e+00, ...,
           0.00000000e+00,  0.00000000e+00,  0.00000000e+00],
         [-5.63582322e-05,  0.00000000e+00,  2.37318784e+00, ...,
           0.00000000e+00, -3.65485091e-07,  0.00000000e+00],
         ...,
         [ 0.00000000e+00,  0.00000000e+00,  0.00000000e+00, ...,
           0.00000000e+00,  0.00000000e+00,  0.00000000e+00],
         [ 0.00000000e+00,  0.00000000e+00, -3.65485091e-07, ...,
           0.00000000e+00,  1.01010669e-08,  0.00000000e+00],
         [ 0.00000000e+00,  0.00000000e+00,  0.00000000e+00, ...,
           0.00000000e+00,  0.00000000e+00,  0.00000000e+00]],

        ...,

        [[ 0.00000000e+00,  0.00000000e+00,  0.00000000e+00, ...,
           0.00000000e+00,  0.00000000e+00,  0.00000000e+00],
         [-3.48316496e-06,  0.00000000e+00,  2.10395807e-04, ...,
           0.00000000e+00,  0.00000000e+00,  0.00000000e+00],
         [ 0.00000000e+00,  0.00000000e+00,  0.00000000e+00, ...,
           0.00000000e+00,  0.00000000e+00,  0.00000000e+00],
         ...,
         [-2.32051003e-06,  0.00000000e+00,  1.09613752e-01, ...,
           0.00000000e+00,  0.00000000e+00,  0.00000000e+00],
         [ 0.00000000e+00,  0.00000000e+00,  0.00000000e+00, ...,
           0.00000000e+00,  0.00000000e+00,  0.00000000e+00],
         [ 0.00000000e+00,  0.00000000e+00, -3.00707212e-08, ...,
           0.00000000e+00,  1.72813832e-07,  0.00000000e+00]],

        [[ 0.00000000e+00,  0.00000000e+00,  0.00000000e+00, ...,
           0.00000000e+00,  1.62303251e-08,  0.00000000e+00],
         [ 0.00000000e+00,  0.00000000e+00,  0.00000000e+00, ...,
           0.00000000e+00,  0.00000000e+00,  0.00000000e+00],
         [ 0.00000000e+00,  0.00000000e+00, -3.65485091e-07, ...,
           0.00000000e+00,  1.01010669e-08,  0.00000000e+00],
         ...,
         [ 0.00000000e+00,  0.00000000e+00,  0.00000000e+00, ...,
           0.00000000e+00,  0.00000000e+00,  0.00000000e+00],
         [-2.05323097e-07,  0.00000000e+00,  9.36633691e-02, ...,
           0.00000000e+00,  0.00000000e+00,  0.00000000e+00],
         [ 0.00000000e+00,  0.00000000e+00,  0.00000000e+00, ...,
           0.00000000e+00,  0.00000000e+00,  0.00000000e+00]],

        [[ 0.00000000e+00,  0.00000000e+00,  0.00000000e+00, ...,
           0.00000000e+00,  0.00000000e+00,  0.00000000e+00],
         [ 0.00000000e+00,  0.00000000e+00, -2.76812493e-08, ...,
           0.00000000e+00,  5.16648132e-09,  0.00000000e+00],
         [ 0.00000000e+00,  0.00000000e+00,  0.00000000e+00, ...,
           0.00000000e+00,  0.00000000e+00,  0.00000000e+00],
         ...,
         [ 0.00000000e+00,  0.00000000e+00, -3.00707212e-08, ...,
           0.00000000e+00,  1.72813832e-07,  0.00000000e+00],
         [ 0.00000000e+00,  0.00000000e+00,  0.00000000e+00, ...,
           0.00000000e+00,  0.00000000e+00,  0.00000000e+00],
         [-2.01970232e-07,  0.00000000e+00,  9.36656346e-02, ...,
           0.00000000e+00,  0.00000000e+00,  0.00000000e+00]]],


       ...,


       [[[ 0.00000000e+00,  8.05936275e-02,  0.00000000e+00, ...,
           2.35535352e-01,  0.00000000e+00,  1.16431977e-06],
         [ 0.00000000e+00,  0.00000000e+00,  0.00000000e+00, ...,
           0.00000000e+00,  0.00000000e+00,  0.00000000e+00],
         [ 0.00000000e+00, -3.48316496e-06,  0.00000000e+00, ...,
          -2.32051003e-06,  0.00000000e+00,  0.00000000e+00],
         ...,
         [ 0.00000000e+00,  0.00000000e+00,  0.00000000e+00, ...,
           0.00000000e+00,  0.00000000e+00,  0.00000000e+00],
         [ 0.00000000e+00, -2.36916520e-08,  0.00000000e+00, ...,
           1.33284939e-08,  0.00000000e+00, -4.38170280e-07],
         [ 0.00000000e+00,  0.00000000e+00,  0.00000000e+00, ...,
           0.00000000e+00,  0.00000000e+00,  0.00000000e+00]],

        [[ 0.00000000e+00,  0.00000000e+00,  0.00000000e+00, ...,
           0.00000000e+00,  0.00000000e+00,  0.00000000e+00],
         [ 0.00000000e+00,  8.05929987e-02,  0.00000000e+00, ...,
           2.35535242e-01,  0.00000000e+00,  1.16431782e-06],
         [ 0.00000000e+00,  0.00000000e+00,  0.00000000e+00, ...,
           0.00000000e+00,  0.00000000e+00,  0.00000000e+00],
         ...,
         [ 0.00000000e+00,  3.15279609e-03,  0.00000000e+00, ...,
          -1.59380307e-04,  0.00000000e+00,  1.07733789e-08],
         [ 0.00000000e+00,  0.00000000e+00,  0.00000000e+00, ...,
           0.00000000e+00,  0.00000000e+00,  0.00000000e+00],
         [ 0.00000000e+00,  1.09441476e-07,  0.00000000e+00, ...,
           8.48280079e-08,  0.00000000e+00,  1.80600558e-06]],

        [[ 0.00000000e+00, -3.48316496e-06,  0.00000000e+00, ...,
          -2.32051003e-06,  0.00000000e+00,  0.00000000e+00],
         [ 0.00000000e+00,  0.00000000e+00,  0.00000000e+00, ...,
           0.00000000e+00,  0.00000000e+00,  0.00000000e+00],
         [ 0.00000000e+00,  2.10395807e-04,  0.00000000e+00, ...,
           1.09613752e-01,  0.00000000e+00, -3.00707212e-08],
         ...,
         [ 0.00000000e+00,  0.00000000e+00,  0.00000000e+00, ...,
           0.00000000e+00,  0.00000000e+00,  0.00000000e+00],
         [ 0.00000000e+00,  0.00000000e+00,  0.00000000e+00, ...,
           0.00000000e+00,  0.00000000e+00,  1.72813832e-07],
         [ 0.00000000e+00,  0.00000000e+00,  0.00000000e+00, ...,
           0.00000000e+00,  0.00000000e+00,  0.00000000e+00]],

        ...,

        [[ 0.00000000e+00,  0.00000000e+00,  0.00000000e+00, ...,
           0.00000000e+00,  0.00000000e+00,  0.00000000e+00],
         [ 0.00000000e+00,  3.15279609e-03,  0.00000000e+00, ...,
          -1.59380307e-04,  0.00000000e+00,  1.07733789e-08],
         [ 0.00000000e+00,  0.00000000e+00,  0.00000000e+00, ...,
           0.00000000e+00,  0.00000000e+00,  0.00000000e+00],
         ...,
         [ 0.00000000e+00, -1.59380307e-04,  0.00000000e+00, ...,
           2.19343941e-01,  0.00000000e+00,  3.78973391e-06],
         [ 0.00000000e+00,  0.00000000e+00,  0.00000000e+00, ...,
           0.00000000e+00,  0.00000000e+00,  0.00000000e+00],
         [ 0.00000000e+00,  1.07733789e-08,  0.00000000e+00, ...,
           3.78973391e-06,  0.00000000e+00,  8.79545556e-03]],

        [[ 0.00000000e+00, -2.36916520e-08,  0.00000000e+00, ...,
           1.33284939e-08,  0.00000000e+00, -4.38170280e-07],
         [ 0.00000000e+00,  0.00000000e+00,  0.00000000e+00, ...,
           0.00000000e+00,  0.00000000e+00,  0.00000000e+00],
         [ 0.00000000e+00,  0.00000000e+00,  0.00000000e+00, ...,
           0.00000000e+00,  0.00000000e+00,  1.72813832e-07],
         ...,
         [ 0.00000000e+00,  0.00000000e+00,  0.00000000e+00, ...,
           0.00000000e+00,  0.00000000e+00,  0.00000000e+00],
         [ 0.00000000e+00, -1.12592867e-06,  0.00000000e+00, ...,
           1.62412409e-01,  0.00000000e+00,  4.37819618e-07],
         [ 0.00000000e+00,  0.00000000e+00,  0.00000000e+00, ...,
           0.00000000e+00,  0.00000000e+00,  0.00000000e+00]],

        [[ 0.00000000e+00,  0.00000000e+00,  0.00000000e+00, ...,
           0.00000000e+00,  0.00000000e+00,  0.00000000e+00],
         [ 0.00000000e+00,  1.09441476e-07,  0.00000000e+00, ...,
           8.48280079e-08,  0.00000000e+00,  1.80600558e-06],
         [ 0.00000000e+00,  0.00000000e+00,  0.00000000e+00, ...,
           0.00000000e+00,  0.00000000e+00,  0.00000000e+00],
         ...,
         [ 0.00000000e+00,  1.07733789e-08,  0.00000000e+00, ...,
           3.78973391e-06,  0.00000000e+00,  8.79545556e-03],
         [ 0.00000000e+00,  0.00000000e+00,  0.00000000e+00, ...,
           0.00000000e+00,  0.00000000e+00,  0.00000000e+00],
         [ 0.00000000e+00, -9.46365205e-05,  0.00000000e+00, ...,
           2.01368138e-01,  0.00000000e+00, -7.63254347e-06]]],


       [[[ 1.77871143e-07,  0.00000000e+00,  0.00000000e+00, ...,
           0.00000000e+00,  1.50578587e-01,  0.00000000e+00],
         [ 0.00000000e+00,  0.00000000e+00,  0.00000000e+00, ...,
           0.00000000e+00,  0.00000000e+00,  0.00000000e+00],
         [ 0.00000000e+00,  0.00000000e+00,  0.00000000e+00, ...,
           0.00000000e+00, -2.05323097e-07,  0.00000000e+00],
         ...,
         [ 0.00000000e+00,  0.00000000e+00,  0.00000000e+00, ...,
           0.00000000e+00,  0.00000000e+00,  0.00000000e+00],
         [ 2.11960169e-05,  0.00000000e+00,  1.62303251e-08, ...,
           0.00000000e+00,  5.54493619e-09,  0.00000000e+00],
         [ 0.00000000e+00,  0.00000000e+00,  0.00000000e+00, ...,
           0.00000000e+00,  0.00000000e+00,  0.00000000e+00]],

        [[ 0.00000000e+00,  0.00000000e+00,  0.00000000e+00, ...,
           0.00000000e+00,  0.00000000e+00,  0.00000000e+00],
         [ 1.77851323e-07,  0.00000000e+00,  0.00000000e+00, ...,
           0.00000000e+00,  1.50578626e-01,  0.00000000e+00],
         [ 0.00000000e+00,  0.00000000e+00,  0.00000000e+00, ...,
           0.00000000e+00,  0.00000000e+00,  0.00000000e+00],
         ...,
         [-2.36916520e-08,  0.00000000e+00,  0.00000000e+00, ...,
           0.00000000e+00, -1.12592867e-06,  0.00000000e+00],
         [ 0.00000000e+00,  0.00000000e+00,  0.00000000e+00, ...,
           0.00000000e+00,  0.00000000e+00,  0.00000000e+00],
         [ 6.40103903e-06,  0.00000000e+00,  5.16648132e-09, ...,
           0.00000000e+00,  0.00000000e+00,  0.00000000e+00]],

        [[ 0.00000000e+00,  0.00000000e+00,  0.00000000e+00, ...,
           0.00000000e+00, -2.05323097e-07,  0.00000000e+00],
         [ 0.00000000e+00,  0.00000000e+00,  0.00000000e+00, ...,
           0.00000000e+00,  0.00000000e+00,  0.00000000e+00],
         [ 0.00000000e+00,  0.00000000e+00, -3.65485091e-07, ...,
           0.00000000e+00,  9.36633691e-02,  0.00000000e+00],
         ...,
         [ 0.00000000e+00,  0.00000000e+00,  0.00000000e+00, ...,
           0.00000000e+00,  0.00000000e+00,  0.00000000e+00],
         [ 1.62303251e-08,  0.00000000e+00,  1.01010669e-08, ...,
           0.00000000e+00,  0.00000000e+00,  0.00000000e+00],
         [ 0.00000000e+00,  0.00000000e+00,  0.00000000e+00, ...,
           0.00000000e+00,  0.00000000e+00,  0.00000000e+00]],

        ...,

        [[ 0.00000000e+00,  0.00000000e+00,  0.00000000e+00, ...,
           0.00000000e+00,  0.00000000e+00,  0.00000000e+00],
         [-2.36916520e-08,  0.00000000e+00,  0.00000000e+00, ...,
           0.00000000e+00, -1.12592867e-06,  0.00000000e+00],
         [ 0.00000000e+00,  0.00000000e+00,  0.00000000e+00, ...,
           0.00000000e+00,  0.00000000e+00,  0.00000000e+00],
         ...,
         [ 1.33284939e-08,  0.00000000e+00,  0.00000000e+00, ...,
           0.00000000e+00,  1.62412409e-01,  0.00000000e+00],
         [ 0.00000000e+00,  0.00000000e+00,  0.00000000e+00, ...,
           0.00000000e+00,  0.00000000e+00,  0.00000000e+00],
         [-4.38170280e-07,  0.00000000e+00,  1.72813832e-07, ...,
           0.00000000e+00,  4.37819618e-07,  0.00000000e+00]],

        [[ 2.11960169e-05,  0.00000000e+00,  1.62303251e-08, ...,
           0.00000000e+00,  5.54493619e-09,  0.00000000e+00],
         [ 0.00000000e+00,  0.00000000e+00,  0.00000000e+00, ...,
           0.00000000e+00,  0.00000000e+00,  0.00000000e+00],
         [ 1.62303251e-08,  0.00000000e+00,  1.01010669e-08, ...,
           0.00000000e+00,  0.00000000e+00,  0.00000000e+00],
         ...,
         [ 0.00000000e+00,  0.00000000e+00,  0.00000000e+00, ...,
           0.00000000e+00,  0.00000000e+00,  0.00000000e+00],
         [ 5.54493619e-09,  0.00000000e+00,  0.00000000e+00, ...,
           0.00000000e+00,  4.25800928e-01,  0.00000000e+00],
         [ 0.00000000e+00,  0.00000000e+00,  0.00000000e+00, ...,
           0.00000000e+00,  0.00000000e+00,  0.00000000e+00]],

        [[ 0.00000000e+00,  0.00000000e+00,  0.00000000e+00, ...,
           0.00000000e+00,  0.00000000e+00,  0.00000000e+00],
         [ 6.40103903e-06,  0.00000000e+00,  5.16648132e-09, ...,
           0.00000000e+00,  0.00000000e+00,  0.00000000e+00],
         [ 0.00000000e+00,  0.00000000e+00,  0.00000000e+00, ...,
           0.00000000e+00,  0.00000000e+00,  0.00000000e+00],
         ...,
         [-4.38170280e-07,  0.00000000e+00,  1.72813832e-07, ...,
           0.00000000e+00,  4.37819618e-07,  0.00000000e+00],
         [ 0.00000000e+00,  0.00000000e+00,  0.00000000e+00, ...,
           0.00000000e+00,  0.00000000e+00,  0.00000000e+00],
         [-8.97539120e-09,  0.00000000e+00,  0.00000000e+00, ...,
           0.00000000e+00,  9.77378784e-02,  0.00000000e+00]]],


       [[[ 0.00000000e+00,  7.61090027e-06,  0.00000000e+00, ...,
           1.16431977e-06,  0.00000000e+00,  1.49988824e-01],
         [ 0.00000000e+00,  0.00000000e+00,  0.00000000e+00, ...,
           0.00000000e+00,  0.00000000e+00,  0.00000000e+00],
         [ 0.00000000e+00,  0.00000000e+00,  0.00000000e+00, ...,
           0.00000000e+00,  0.00000000e+00, -2.01970232e-07],
         ...,
         [ 0.00000000e+00,  0.00000000e+00,  0.00000000e+00, ...,
           0.00000000e+00,  0.00000000e+00,  0.00000000e+00],
         [ 0.00000000e+00,  6.40103903e-06,  0.00000000e+00, ...,
          -4.38170280e-07,  0.00000000e+00, -8.97539120e-09],
         [ 0.00000000e+00,  0.00000000e+00,  0.00000000e+00, ...,
           0.00000000e+00,  0.00000000e+00,  0.00000000e+00]],

        [[ 0.00000000e+00,  0.00000000e+00,  0.00000000e+00, ...,
           0.00000000e+00,  0.00000000e+00,  0.00000000e+00],
         [ 0.00000000e+00,  7.61080437e-06,  0.00000000e+00, ...,
           1.16431782e-06,  0.00000000e+00,  1.49988796e-01],
         [ 0.00000000e+00,  0.00000000e+00,  0.00000000e+00, ...,
           0.00000000e+00,  0.00000000e+00,  0.00000000e+00],
         ...,
         [ 0.00000000e+00,  1.09441476e-07,  0.00000000e+00, ...,
           1.07733789e-08,  0.00000000e+00, -9.46365205e-05],
         [ 0.00000000e+00,  0.00000000e+00,  0.00000000e+00, ...,
           0.00000000e+00,  0.00000000e+00,  0.00000000e+00],
         [ 0.00000000e+00,  1.97543683e-06,  0.00000000e+00, ...,
           1.80600558e-06,  0.00000000e+00,  5.02769208e-09]],

        [[ 0.00000000e+00,  0.00000000e+00,  0.00000000e+00, ...,
           0.00000000e+00,  0.00000000e+00, -2.01970232e-07],
         [ 0.00000000e+00,  0.00000000e+00,  0.00000000e+00, ...,
           0.00000000e+00,  0.00000000e+00,  0.00000000e+00],
         [ 0.00000000e+00, -2.76812493e-08,  0.00000000e+00, ...,
          -3.00707212e-08,  0.00000000e+00,  9.36656346e-02],
         ...,
         [ 0.00000000e+00,  0.00000000e+00,  0.00000000e+00, ...,
           0.00000000e+00,  0.00000000e+00,  0.00000000e+00],
         [ 0.00000000e+00,  5.16648132e-09,  0.00000000e+00, ...,
           1.72813832e-07,  0.00000000e+00,  0.00000000e+00],
         [ 0.00000000e+00,  0.00000000e+00,  0.00000000e+00, ...,
           0.00000000e+00,  0.00000000e+00,  0.00000000e+00]],

        ...,

        [[ 0.00000000e+00,  0.00000000e+00,  0.00000000e+00, ...,
           0.00000000e+00,  0.00000000e+00,  0.00000000e+00],
         [ 0.00000000e+00,  1.09441476e-07,  0.00000000e+00, ...,
           1.07733789e-08,  0.00000000e+00, -9.46365205e-05],
         [ 0.00000000e+00,  0.00000000e+00,  0.00000000e+00, ...,
           0.00000000e+00,  0.00000000e+00,  0.00000000e+00],
         ...,
         [ 0.00000000e+00,  8.48280079e-08,  0.00000000e+00, ...,
           3.78973391e-06,  0.00000000e+00,  2.01368138e-01],
         [ 0.00000000e+00,  0.00000000e+00,  0.00000000e+00, ...,
           0.00000000e+00,  0.00000000e+00,  0.00000000e+00],
         [ 0.00000000e+00,  1.80600558e-06,  0.00000000e+00, ...,
           8.79545556e-03,  0.00000000e+00, -7.63254347e-06]],

        [[ 0.00000000e+00,  6.40103903e-06,  0.00000000e+00, ...,
          -4.38170280e-07,  0.00000000e+00, -8.97539120e-09],
         [ 0.00000000e+00,  0.00000000e+00,  0.00000000e+00, ...,
           0.00000000e+00,  0.00000000e+00,  0.00000000e+00],
         [ 0.00000000e+00,  5.16648132e-09,  0.00000000e+00, ...,
           1.72813832e-07,  0.00000000e+00,  0.00000000e+00],
         ...,
         [ 0.00000000e+00,  0.00000000e+00,  0.00000000e+00, ...,
           0.00000000e+00,  0.00000000e+00,  0.00000000e+00],
         [ 0.00000000e+00,  0.00000000e+00,  0.00000000e+00, ...,
           4.37819618e-07,  0.00000000e+00,  9.77378784e-02],
         [ 0.00000000e+00,  0.00000000e+00,  0.00000000e+00, ...,
           0.00000000e+00,  0.00000000e+00,  0.00000000e+00]],

        [[ 0.00000000e+00,  0.00000000e+00,  0.00000000e+00, ...,
           0.00000000e+00,  0.00000000e+00,  0.00000000e+00],
         [ 0.00000000e+00,  1.97543683e-06,  0.00000000e+00, ...,
           1.80600558e-06,  0.00000000e+00,  5.02769208e-09],
         [ 0.00000000e+00,  0.00000000e+00,  0.00000000e+00, ...,
           0.00000000e+00,  0.00000000e+00,  0.00000000e+00],
         ...,
         [ 0.00000000e+00,  1.80600558e-06,  0.00000000e+00, ...,
           8.79545556e-03,  0.00000000e+00, -7.63254347e-06],
         [ 0.00000000e+00,  0.00000000e+00,  0.00000000e+00, ...,
           0.00000000e+00,  0.00000000e+00,  0.00000000e+00],
         [ 0.00000000e+00,  5.02769208e-09,  0.00000000e+00, ...,
          -7.63254347e-06,  0.00000000e+00,  2.67341826e-01]]]],
      shape=(36, 36, 36, 36)))}
2025-11-12 16:50:59,197: nbed.driver: INFO: Embedding complete.
2025-11-12 16:51:53,360: nbed.config: DEBUG: Input geometry does not match existing file
2025-11-12 16:51:53,360: nbed.embed: INFO: Running Nbed with:
	config	geometry='5\n\nP 0.0000000 0.0000000 0.0000000\nO 0.0000000 0.0000000 1.7130000\nO 0.0000000 1.6150000 -0.5710000\nO 1.3990000 -0.8070000 -0.5710000\nO -1.3990000 -0.8070000 -0.5710000' n_active_atoms=2 basis='sto-3g' xc_functional='b3lyp' projector=<ProjectorEnum.MU: 'mu'> localization=<LocalizerEnum.SPADE: 'spade'> convergence=1e-06 charge=0 spin=0 unit='angstrom' symmetry=False savefile=None run_ccsd_emb=False run_fci_emb=False run_virtual_localization=True run_dft_in_dft=False mm_coords=None mm_charges=None mm_radii=None n_mo_overwrite=(None, None) mu_level_shift=1000000.0 occupied_threshold=0.95 virtual_threshold=0.95 max_shells=4 init_huzinaga_rhf_with_mu=False force_unrestricted=False max_ram_memory=4000 max_hf_cycles=50 max_dft_cycles=50
	keywords	{}
2025-11-12 16:51:53,360: nbed.embed: INFO: Using validated config.
2025-11-12 16:51:53,360: nbed.driver: DEBUG: Initialising NbedDriver with config:
2025-11-12 16:51:53,360: nbed.driver: DEBUG: {"geometry":"5\n\nP 0.0000000 0.0000000 0.0000000\nO 0.0000000 0.0000000 1.7130000\nO 0.0000000 1.6150000 -0.5710000\nO 1.3990000 -0.8070000 -0.5710000\nO -1.3990000 -0.8070000 -0.5710000","n_active_atoms":2,"basis":"sto-3g","xc_functional":"b3lyp","projector":"mu","localization":"spade","convergence":1e-6,"charge":0,"spin":0,"unit":"angstrom","symmetry":false,"savefile":null,"run_ccsd_emb":false,"run_fci_emb":false,"run_virtual_localization":true,"run_dft_in_dft":false,"mm_coords":null,"mm_charges":null,"mm_radii":null,"n_mo_overwrite":[null,null],"mu_level_shift":1000000.0,"occupied_threshold":0.95,"virtual_threshold":0.95,"max_shells":4,"init_huzinaga_rhf_with_mu":false,"force_unrestricted":false,"max_ram_memory":4000,"max_hf_cycles":50,"max_dft_cycles":50}
2025-11-12 16:51:53,360: nbed.driver: DEBUG: Embedding molecule.
2025-11-12 16:51:53,360: nbed.driver: DEBUG: Running full system KS DFT.
2025-11-12 16:51:53,360: nbed.driver: DEBUG: Constructing molecule.
2025-11-12 16:51:53,360: nbed.driver: INFO: Molecule input geometry: 5

P 0.0000000 0.0000000 0.0000000
O 0.0000000 0.0000000 1.7130000
O 0.0000000 1.6150000 -0.5710000
O 1.3990000 -0.8070000 -0.5710000
O -1.3990000 -0.8070000 -0.5710000
2025-11-12 17:10:21,349: nbed.config: DEBUG: Input geometry does not match existing file
2025-11-12 17:10:21,350: nbed.embed: INFO: Running Nbed with:
	config	geometry='5\n\nP 0.0 0.0 0.0\nO 0.0 0.0 1.713\nO 0.0 1.615 -0.571\nO 1.399 -0.807 -0.571\nO -1.399 -0.807 -0.571' n_active_atoms=2 basis='sto-3g' xc_functional='b3lyp' projector=<ProjectorEnum.MU: 'mu'> localization=<LocalizerEnum.SPADE: 'spade'> convergence=1e-06 charge=0 spin=0 unit='angstrom' symmetry=False savefile=None run_ccsd_emb=False run_fci_emb=False run_virtual_localization=True run_dft_in_dft=False mm_coords=None mm_charges=None mm_radii=None n_mo_overwrite=(None, None) mu_level_shift=1000000.0 occupied_threshold=0.95 virtual_threshold=0.95 max_shells=4 init_huzinaga_rhf_with_mu=False force_unrestricted=False max_ram_memory=4000 max_hf_cycles=50 max_dft_cycles=50
	keywords	{}
2025-11-12 17:10:21,350: nbed.embed: INFO: Using validated config.
2025-11-12 17:10:21,350: nbed.driver: DEBUG: Initialising NbedDriver with config:
2025-11-12 17:10:21,350: nbed.driver: DEBUG: {"geometry":"5\n\nP 0.0 0.0 0.0\nO 0.0 0.0 1.713\nO 0.0 1.615 -0.571\nO 1.399 -0.807 -0.571\nO -1.399 -0.807 -0.571","n_active_atoms":2,"basis":"sto-3g","xc_functional":"b3lyp","projector":"mu","localization":"spade","convergence":1e-6,"charge":0,"spin":0,"unit":"angstrom","symmetry":false,"savefile":null,"run_ccsd_emb":false,"run_fci_emb":false,"run_virtual_localization":true,"run_dft_in_dft":false,"mm_coords":null,"mm_charges":null,"mm_radii":null,"n_mo_overwrite":[null,null],"mu_level_shift":1000000.0,"occupied_threshold":0.95,"virtual_threshold":0.95,"max_shells":4,"init_huzinaga_rhf_with_mu":false,"force_unrestricted":false,"max_ram_memory":4000,"max_hf_cycles":50,"max_dft_cycles":50}
2025-11-12 17:10:21,350: nbed.driver: DEBUG: Embedding molecule.
2025-11-12 17:10:21,350: nbed.driver: DEBUG: Running full system KS DFT.
2025-11-12 17:10:21,350: nbed.driver: DEBUG: Constructing molecule.
2025-11-12 17:10:21,351: nbed.driver: INFO: Molecule input geometry: 5

P 0.0 0.0 0.0
O 0.0 0.0 1.713
O 0.0 1.615 -0.571
O 1.399 -0.807 -0.571
O -1.399 -0.807 -0.571
