2025-10-20 15:11:50,296: nbed.utils: DEBUG: Logging initialised.
2025-10-20 15:11:50,569: nbed.driver: DEBUG: Initialising driver.
2025-10-20 15:11:50,569: nbed.driver: DEBUG: Constructing molecule.
2025-10-20 15:11:50,569: nbed.driver: INFO: Input geometry is not an existing file. Assumng raw xyz input.
2025-10-20 15:11:50,569: nbed.driver: INFO: Input geometry: 6

O 0.0000000 -1.4330000 0.0000000
H -0.9620000 -1.6700000 0.0000000
C 0.0000000 0.0000000 0.0000000
H -0.4900000 0.4170000 0.8860000
H 1.0400000 0.3310000 0.0000000
H -0.4900000 0.4170000 -0.8860000
2025-10-20 15:11:50,571: nbed.driver: DEBUG: Molecule built.
2025-10-20 15:11:50,571: nbed.driver: DEBUG: Number of active atoms valid.
2025-10-20 15:11:50,571: nbed.driver: DEBUG: Closed shells, using restricted SCF.
2025-10-20 15:11:50,571: nbed.driver: DEBUG: Embedding molecule.
2025-10-20 15:11:50,571: nbed.driver: DEBUG: Getting localized system using spade.
2025-10-20 15:11:50,571: nbed.driver: DEBUG: Running full system KS DFT.
2025-10-20 15:11:50,571: nbed.driver: DEBUG: Constructing molecule.
2025-10-20 15:11:50,571: nbed.driver: INFO: Input geometry is not an existing file. Assumng raw xyz input.
2025-10-20 15:11:50,571: nbed.driver: INFO: Input geometry: 6

O 0.0000000 -1.4330000 0.0000000
H -0.9620000 -1.6700000 0.0000000
C 0.0000000 0.0000000 0.0000000
H -0.4900000 0.4170000 0.8860000
H 1.0400000 0.3310000 0.0000000
H -0.4900000 0.4170000 -0.8860000
2025-10-20 15:11:50,572: nbed.driver: DEBUG: Molecule built.
2025-10-20 15:11:50,659: h5py._conv: DEBUG: Creating converter from 5 to 3
2025-10-20 15:11:50,789: nbed.driver: INFO: Global RKS: -114.1760471885187
2025-10-20 15:11:50,789: nbed.localizers.base: DEBUG: Initialising Localizer.
2025-10-20 15:11:50,789: nbed.localizers.spade: DEBUG: Localising with SPADE.
2025-10-20 15:11:50,789: nbed.localizers.spade: DEBUG: 6 active AOs.
2025-10-20 15:11:50,795: nbed.localizers.spade: DEBUG: Singular Values: [1.         0.99986443 0.99522317 0.98931679 0.74590951 0.03784544]
2025-10-20 15:11:50,795: nbed.localizers.spade: DEBUG: 5 active MOs.
2025-10-20 15:11:50,795: nbed.localizers.spade: DEBUG: 4 environment MOs.
2025-10-20 15:11:50,795: nbed.localizers.base: DEBUG: Localization complete.
2025-10-20 15:11:50,795: nbed.localizers.base: DEBUG: Localized orbitals:
2025-10-20 15:11:50,795: nbed.localizers.base: DEBUG: active_MO_inds: [0 1 2 3 4]
2025-10-20 15:11:50,795: nbed.localizers.base: DEBUG: beta_active_MO_inds: None
2025-10-20 15:11:50,795: nbed.localizers.base: DEBUG: enviro_MO_inds: [5 6 7 8]
2025-10-20 15:11:50,795: nbed.localizers.base: DEBUG: beta_enviro_MO_inds: None
2025-10-20 15:11:50,795: nbed.driver: INFO: Indices of embedded electrons:
2025-10-20 15:11:50,795: nbed.driver: INFO: [0 1 2 3 4]
2025-10-20 15:11:50,795: nbed.driver: INFO: [5 6 7 8]
2025-10-20 15:11:50,795: nbed.driver: DEBUG: Calculating active and environment subsystem terms.
2025-10-20 15:11:50,795: nbed.driver: DEBUG: Finding subsystem RKS componenets.
2025-10-20 15:11:50,795: nbed.driver: DEBUG: (14, 14)
2025-10-20 15:11:50,811: nbed.driver: DEBUG: Subsystem RKS components found.
2025-10-20 15:11:50,812: nbed.driver: DEBUG: {e_act=}
2025-10-20 15:11:50,812: nbed.driver: DEBUG: {two_e_term=}
2025-10-20 15:11:50,812: nbed.driver: DEBUG: Finding subsystem RKS componenets.
2025-10-20 15:11:50,812: nbed.driver: DEBUG: (14, 14)
2025-10-20 15:11:50,828: nbed.driver: DEBUG: Subsystem RKS components found.
2025-10-20 15:11:50,828: nbed.driver: DEBUG: {e_act=}
2025-10-20 15:11:50,828: nbed.driver: DEBUG: {two_e_term=}
2025-10-20 15:11:50,828: nbed.driver: DEBUG: Calculating two electron cross subsystem energy.
2025-10-20 15:11:50,844: nbed.driver: DEBUG: j_cross=np.float64(25.920450648628197)
2025-10-20 15:11:50,844: nbed.driver: DEBUG: e_xc_total=np.float64(-15.570582047194044)
2025-10-20 15:11:50,844: nbed.driver: DEBUG: two_e_act.exc=np.float64(-9.375640421933648)
2025-10-20 15:11:50,844: nbed.driver: DEBUG: two_e_env.exc=np.float64(-6.032852632789183)
2025-10-20 15:11:50,844: nbed.driver: DEBUG: RKS components
2025-10-20 15:11:50,844: nbed.driver: DEBUG: e_act: -109.77361544371404
2025-10-20 15:11:50,844: nbed.driver: DEBUG: e_env: -70.13756509795915
2025-10-20 15:11:50,844: nbed.driver: DEBUG: two_e_cross: 25.758361656156985
2025-10-20 15:11:50,844: nbed.driver: DEBUG: e_nuc: 39.9767716969976
2025-10-20 15:11:50,844: nbed.driver: DEBUG: Getting global DFT potential to optimize embedded calc in.
2025-10-20 15:11:50,874: nbed.driver: INFO: DFT potential average 0.4563204852074258.
2025-10-20 15:11:50,874: nbed.driver: DEBUG: Runnning embedding with mu projector.
2025-10-20 15:11:50,874: nbed.driver: DEBUG: Constructing localised RHF object.
2025-10-20 15:11:50,874: nbed.driver: DEBUG: Constructing molecule.
2025-10-20 15:11:50,874: nbed.driver: INFO: Input geometry is not an existing file. Assumng raw xyz input.
2025-10-20 15:11:50,874: nbed.driver: INFO: Input geometry: 6

O 0.0000000 -1.4330000 0.0000000
H -0.9620000 -1.6700000 0.0000000
C 0.0000000 0.0000000 0.0000000
H -0.4900000 0.4170000 0.8860000
H 1.0400000 0.3310000 0.0000000
H -0.4900000 0.4170000 -0.8860000
2025-10-20 15:11:50,876: nbed.driver: DEBUG: Molecule built.
2025-10-20 15:11:50,876: nbed.driver: DEBUG: Running embedded scf calculation.
2025-10-20 15:11:50,905: nbed.driver: INFO: Embedded scf energy MU_SHIFT: -43.64476878524836, converged: True
2025-10-20 15:11:50,905: nbed.driver: DEBUG: Deleting environment from SCF object.
2025-10-20 15:11:50,905: nbed.driver: DEBUG: Deleting environment for spin.
2025-10-20 15:11:50,905: nbed.driver: INFO: Orbital indices for embedded system: [0, 1, 2, 3, 4, 5, 6, 7, 8, 9]
2025-10-20 15:11:50,905: nbed.driver: INFO: Orbital indices removed from embedded system: [10, 11, 12, 13]
2025-10-20 15:11:50,905: nbed.driver: DEBUG: Spin environment deleted.
2025-10-20 15:11:50,905: nbed.driver: DEBUG: Environment deleted.
2025-10-20 15:11:50,905: nbed.driver: INFO: V emb mean mu: 149884.79109461783
2025-10-20 15:11:50,905: nbed.driver: INFO: RHF energy: -113.81471910858309
2025-10-20 15:11:50,905: nbed.driver: DEBUG: Classical energy: -30.193178626337122
2025-10-20 15:11:50,905: nbed.driver: DEBUG: Performing virtual localization.
2025-10-20 15:11:50,905: nbed.localizers.spade: DEBUG: Localising virtual orbital spin with concentric localization.
2025-10-20 15:11:50,905: nbed.localizers.spade: DEBUG: Creating projected molecule object.
2025-10-20 15:11:50,906: nbed.localizers.spade: DEBUG: n_act_proj_aos=np.int64(6)
2025-10-20 15:11:50,906: nbed.localizers.spade: DEBUG: N effective virtuals: (14, 5)
2025-10-20 15:11:50,906: nbed.localizers.spade: DEBUG: Singular values: [9.95588194e-01 2.15549267e-01 6.06349721e-03 2.59828975e-03
 1.34583201e-08]
2025-10-20 15:11:50,907: nbed.localizers.spade: DEBUG: Initial c_total.shape=(14, 5) (nocc)
2025-10-20 15:11:50,907: nbed.localizers.spade: DEBUG: shell_size=np.int64(5)
2025-10-20 15:11:50,907: nbed.localizers.spade: DEBUG: v_span.shape=(5, 5)
2025-10-20 15:11:50,907: nbed.localizers.spade: DEBUG: v_ker.shape=(5, 0)
2025-10-20 15:11:50,907: nbed.localizers.spade: DEBUG: Created 0th shell.
2025-10-20 15:11:50,907: nbed.localizers.spade: DEBUG: No kernel for 0th shell, cannot perform CL.
2025-10-20 15:11:50,907: nbed.localizers.spade: DEBUG: This is expected for molecules with majority active MOs occupied.
2025-10-20 15:11:50,907: nbed.driver: INFO: Embedding complete.
2025-10-20 15:11:50,907: nbed.driver: DEBUG: Driver initialisation complete.
2025-10-20 15:11:50,907: nbed.driver: DEBUG: Starting embedded CCSD calculation.
2025-10-20 15:11:50,921: nbed.driver: INFO: Embedded CCSD energy: -0.05792193661898626
2025-10-20 15:11:51,259: nbed.driver: DEBUG: Initialising driver.
2025-10-20 15:11:51,259: nbed.driver: DEBUG: Constructing molecule.
2025-10-20 15:11:51,259: nbed.driver: INFO: Input geometry is not an existing file. Assumng raw xyz input.
2025-10-20 15:11:51,259: nbed.driver: INFO: Input geometry: 6

O 0.0000000 -1.4330000 0.0000000
H -0.9620000 -1.6700000 0.0000000
C 0.0000000 0.0000000 0.0000000
H -0.4900000 0.4170000 0.8860000
H 1.0400000 0.3310000 0.0000000
H -0.4900000 0.4170000 -0.8860000
2025-10-20 15:11:51,261: nbed.driver: DEBUG: Molecule built.
2025-10-20 15:11:51,261: nbed.driver: DEBUG: Number of active atoms valid.
2025-10-20 15:11:51,261: nbed.driver: DEBUG: Closed shells, using restricted SCF.
2025-10-20 15:11:51,261: nbed.driver: DEBUG: Embedding molecule.
2025-10-20 15:11:51,261: nbed.driver: DEBUG: Getting localized system using spade.
2025-10-20 15:11:51,261: nbed.driver: DEBUG: Running full system KS DFT.
2025-10-20 15:11:51,261: nbed.driver: DEBUG: Constructing molecule.
2025-10-20 15:11:51,261: nbed.driver: INFO: Input geometry is not an existing file. Assumng raw xyz input.
2025-10-20 15:11:51,261: nbed.driver: INFO: Input geometry: 6

O 0.0000000 -1.4330000 0.0000000
H -0.9620000 -1.6700000 0.0000000
C 0.0000000 0.0000000 0.0000000
H -0.4900000 0.4170000 0.8860000
H 1.0400000 0.3310000 0.0000000
H -0.4900000 0.4170000 -0.8860000
2025-10-20 15:11:51,262: nbed.driver: DEBUG: Molecule built.
2025-10-20 15:11:51,461: nbed.driver: INFO: Global RKS: -114.1760471885187
2025-10-20 15:11:51,461: nbed.localizers.base: DEBUG: Initialising Localizer.
2025-10-20 15:11:51,461: nbed.localizers.spade: DEBUG: Localising with SPADE.
2025-10-20 15:11:51,461: nbed.localizers.spade: DEBUG: 6 active AOs.
2025-10-20 15:11:51,462: nbed.localizers.spade: DEBUG: Singular Values: [1.         0.99986443 0.99522317 0.98931679 0.74590951 0.03784544]
2025-10-20 15:11:51,462: nbed.localizers.spade: DEBUG: 5 active MOs.
2025-10-20 15:11:51,462: nbed.localizers.spade: DEBUG: 4 environment MOs.
2025-10-20 15:11:51,462: nbed.localizers.base: DEBUG: Localization complete.
2025-10-20 15:11:51,462: nbed.localizers.base: DEBUG: Localized orbitals:
2025-10-20 15:11:51,462: nbed.localizers.base: DEBUG: active_MO_inds: [0 1 2 3 4]
2025-10-20 15:11:51,462: nbed.localizers.base: DEBUG: beta_active_MO_inds: None
2025-10-20 15:11:51,462: nbed.localizers.base: DEBUG: enviro_MO_inds: [5 6 7 8]
2025-10-20 15:11:51,462: nbed.localizers.base: DEBUG: beta_enviro_MO_inds: None
2025-10-20 15:11:51,462: nbed.driver: INFO: Indices of embedded electrons:
2025-10-20 15:11:51,462: nbed.driver: INFO: [0 1 2 3 4]
2025-10-20 15:11:51,462: nbed.driver: INFO: [5 6 7 8]
2025-10-20 15:11:51,462: nbed.driver: DEBUG: Calculating active and environment subsystem terms.
2025-10-20 15:11:51,462: nbed.driver: DEBUG: Finding subsystem RKS componenets.
2025-10-20 15:11:51,462: nbed.driver: DEBUG: (14, 14)
2025-10-20 15:11:51,477: nbed.driver: DEBUG: Subsystem RKS components found.
2025-10-20 15:11:51,477: nbed.driver: DEBUG: {e_act=}
2025-10-20 15:11:51,477: nbed.driver: DEBUG: {two_e_term=}
2025-10-20 15:11:51,477: nbed.driver: DEBUG: Finding subsystem RKS componenets.
2025-10-20 15:11:51,477: nbed.driver: DEBUG: (14, 14)
2025-10-20 15:11:51,492: nbed.driver: DEBUG: Subsystem RKS components found.
2025-10-20 15:11:51,492: nbed.driver: DEBUG: {e_act=}
2025-10-20 15:11:51,492: nbed.driver: DEBUG: {two_e_term=}
2025-10-20 15:11:51,492: nbed.driver: DEBUG: Calculating two electron cross subsystem energy.
2025-10-20 15:11:51,506: nbed.driver: DEBUG: j_cross=np.float64(25.920450648628197)
2025-10-20 15:11:51,506: nbed.driver: DEBUG: e_xc_total=np.float64(-15.570582047194044)
2025-10-20 15:11:51,506: nbed.driver: DEBUG: two_e_act.exc=np.float64(-9.375640421933648)
2025-10-20 15:11:51,506: nbed.driver: DEBUG: two_e_env.exc=np.float64(-6.032852632789183)
2025-10-20 15:11:51,506: nbed.driver: DEBUG: RKS components
2025-10-20 15:11:51,506: nbed.driver: DEBUG: e_act: -109.77361544371404
2025-10-20 15:11:51,506: nbed.driver: DEBUG: e_env: -70.13756509795915
2025-10-20 15:11:51,506: nbed.driver: DEBUG: two_e_cross: 25.758361656156985
2025-10-20 15:11:51,506: nbed.driver: DEBUG: e_nuc: 39.9767716969976
2025-10-20 15:11:51,506: nbed.driver: DEBUG: Getting global DFT potential to optimize embedded calc in.
2025-10-20 15:11:51,536: nbed.driver: INFO: DFT potential average 0.4563204852074258.
2025-10-20 15:11:51,536: nbed.driver: DEBUG: Runnning embedding with mu projector.
2025-10-20 15:11:51,536: nbed.driver: DEBUG: Constructing localised RHF object.
2025-10-20 15:11:51,536: nbed.driver: DEBUG: Constructing molecule.
2025-10-20 15:11:51,536: nbed.driver: INFO: Input geometry is not an existing file. Assumng raw xyz input.
2025-10-20 15:11:51,536: nbed.driver: INFO: Input geometry: 6

O 0.0000000 -1.4330000 0.0000000
H -0.9620000 -1.6700000 0.0000000
C 0.0000000 0.0000000 0.0000000
H -0.4900000 0.4170000 0.8860000
H 1.0400000 0.3310000 0.0000000
H -0.4900000 0.4170000 -0.8860000
2025-10-20 15:11:51,538: nbed.driver: DEBUG: Molecule built.
2025-10-20 15:11:51,538: nbed.driver: DEBUG: Running embedded scf calculation.
2025-10-20 15:11:51,566: nbed.driver: INFO: Embedded scf energy MU_SHIFT: -43.64476878524836, converged: True
2025-10-20 15:11:51,566: nbed.driver: DEBUG: Deleting environment from SCF object.
2025-10-20 15:11:51,566: nbed.driver: DEBUG: Deleting environment for spin.
2025-10-20 15:11:51,566: nbed.driver: INFO: Orbital indices for embedded system: [0, 1, 2, 3, 4, 5, 6, 7, 8, 9]
2025-10-20 15:11:51,566: nbed.driver: INFO: Orbital indices removed from embedded system: [10, 11, 12, 13]
2025-10-20 15:11:51,566: nbed.driver: DEBUG: Spin environment deleted.
2025-10-20 15:11:51,566: nbed.driver: DEBUG: Environment deleted.
2025-10-20 15:11:51,566: nbed.driver: INFO: V emb mean mu: 149884.79109461783
2025-10-20 15:11:51,566: nbed.driver: INFO: RHF energy: -113.81471910858309
2025-10-20 15:11:51,566: nbed.driver: DEBUG: Classical energy: -30.193178626337122
2025-10-20 15:11:51,566: nbed.driver: DEBUG: Performing virtual localization.
2025-10-20 15:11:51,566: nbed.localizers.spade: DEBUG: Localising virtual orbital spin with concentric localization.
2025-10-20 15:11:51,566: nbed.localizers.spade: DEBUG: Creating projected molecule object.
2025-10-20 15:11:51,568: nbed.localizers.spade: DEBUG: n_act_proj_aos=np.int64(6)
2025-10-20 15:11:51,568: nbed.localizers.spade: DEBUG: N effective virtuals: (14, 5)
2025-10-20 15:11:51,568: nbed.localizers.spade: DEBUG: Singular values: [9.95588194e-01 2.15549267e-01 6.06349721e-03 2.59828975e-03
 1.34583201e-08]
2025-10-20 15:11:51,568: nbed.localizers.spade: DEBUG: Initial c_total.shape=(14, 5) (nocc)
2025-10-20 15:11:51,568: nbed.localizers.spade: DEBUG: shell_size=np.int64(5)
2025-10-20 15:11:51,568: nbed.localizers.spade: DEBUG: v_span.shape=(5, 5)
2025-10-20 15:11:51,568: nbed.localizers.spade: DEBUG: v_ker.shape=(5, 0)
2025-10-20 15:11:51,568: nbed.localizers.spade: DEBUG: Created 0th shell.
2025-10-20 15:11:51,568: nbed.localizers.spade: DEBUG: No kernel for 0th shell, cannot perform CL.
2025-10-20 15:11:51,568: nbed.localizers.spade: DEBUG: This is expected for molecules with majority active MOs occupied.
2025-10-20 15:11:51,568: nbed.driver: INFO: Embedding complete.
2025-10-20 15:11:51,568: nbed.driver: DEBUG: Driver initialisation complete.
2025-10-20 15:11:51,568: nbed.driver: DEBUG: Starting embedded CCSD calculation.
2025-10-20 15:11:51,582: nbed.driver: INFO: Embedded CCSD energy: -0.05792193661898626
2025-10-20 15:11:51,824: nbed.driver: DEBUG: Initialising driver.
2025-10-20 15:11:51,824: nbed.driver: DEBUG: Constructing molecule.
2025-10-20 15:11:51,824: nbed.driver: INFO: Input geometry is not an existing file. Assumng raw xyz input.
2025-10-20 15:11:51,824: nbed.driver: INFO: Input geometry: 6

O 0.0000000 -1.4330000 0.0000000
H -0.9620000 -1.6700000 0.0000000
C 0.0000000 0.0000000 0.0000000
H -0.4900000 0.4170000 0.8860000
H 1.0400000 0.3310000 0.0000000
H -0.4900000 0.4170000 -0.8860000
2025-10-20 15:11:51,825: nbed.driver: DEBUG: Molecule built.
2025-10-20 15:11:51,825: nbed.driver: DEBUG: Number of active atoms valid.
2025-10-20 15:11:51,825: nbed.driver: DEBUG: Closed shells, using restricted SCF.
2025-10-20 15:11:51,825: nbed.driver: DEBUG: Embedding molecule.
2025-10-20 15:11:51,825: nbed.driver: DEBUG: Getting localized system using spade.
2025-10-20 15:11:51,825: nbed.driver: DEBUG: Running full system KS DFT.
2025-10-20 15:11:51,825: nbed.driver: DEBUG: Constructing molecule.
2025-10-20 15:11:51,825: nbed.driver: INFO: Input geometry is not an existing file. Assumng raw xyz input.
2025-10-20 15:11:51,825: nbed.driver: INFO: Input geometry: 6

O 0.0000000 -1.4330000 0.0000000
H -0.9620000 -1.6700000 0.0000000
C 0.0000000 0.0000000 0.0000000
H -0.4900000 0.4170000 0.8860000
H 1.0400000 0.3310000 0.0000000
H -0.4900000 0.4170000 -0.8860000
2025-10-20 15:11:51,826: nbed.driver: DEBUG: Molecule built.
2025-10-20 15:11:52,062: nbed.driver: INFO: Global RKS: -114.1760471885187
2025-10-20 15:11:52,062: nbed.localizers.base: DEBUG: Initialising Localizer.
2025-10-20 15:11:52,062: nbed.localizers.spade: DEBUG: Localising with SPADE.
2025-10-20 15:11:52,062: nbed.localizers.spade: DEBUG: 6 active AOs.
2025-10-20 15:11:52,064: nbed.localizers.spade: DEBUG: Singular Values: [1.         0.99986443 0.99522317 0.98931679 0.74590951 0.03784544]
2025-10-20 15:11:52,064: nbed.localizers.spade: DEBUG: 5 active MOs.
2025-10-20 15:11:52,064: nbed.localizers.spade: DEBUG: 4 environment MOs.
2025-10-20 15:11:52,064: nbed.localizers.base: DEBUG: Localization complete.
2025-10-20 15:11:52,064: nbed.localizers.base: DEBUG: Localized orbitals:
2025-10-20 15:11:52,064: nbed.localizers.base: DEBUG: active_MO_inds: [0 1 2 3 4]
2025-10-20 15:11:52,064: nbed.localizers.base: DEBUG: beta_active_MO_inds: None
2025-10-20 15:11:52,064: nbed.localizers.base: DEBUG: enviro_MO_inds: [5 6 7 8]
2025-10-20 15:11:52,064: nbed.localizers.base: DEBUG: beta_enviro_MO_inds: None
2025-10-20 15:11:52,064: nbed.driver: INFO: Indices of embedded electrons:
2025-10-20 15:11:52,064: nbed.driver: INFO: [0 1 2 3 4]
2025-10-20 15:11:52,064: nbed.driver: INFO: [5 6 7 8]
2025-10-20 15:11:52,064: nbed.driver: DEBUG: Calculating active and environment subsystem terms.
2025-10-20 15:11:52,064: nbed.driver: DEBUG: Finding subsystem RKS componenets.
2025-10-20 15:11:52,064: nbed.driver: DEBUG: (14, 14)
2025-10-20 15:11:52,084: nbed.driver: DEBUG: Subsystem RKS components found.
2025-10-20 15:11:52,084: nbed.driver: DEBUG: {e_act=}
2025-10-20 15:11:52,084: nbed.driver: DEBUG: {two_e_term=}
2025-10-20 15:11:52,084: nbed.driver: DEBUG: Finding subsystem RKS componenets.
2025-10-20 15:11:52,084: nbed.driver: DEBUG: (14, 14)
2025-10-20 15:11:52,101: nbed.driver: DEBUG: Subsystem RKS components found.
2025-10-20 15:11:52,101: nbed.driver: DEBUG: {e_act=}
2025-10-20 15:11:52,101: nbed.driver: DEBUG: {two_e_term=}
2025-10-20 15:11:52,101: nbed.driver: DEBUG: Calculating two electron cross subsystem energy.
2025-10-20 15:11:52,117: nbed.driver: DEBUG: j_cross=np.float64(25.920450648628197)
2025-10-20 15:11:52,117: nbed.driver: DEBUG: e_xc_total=np.float64(-15.570582047194044)
2025-10-20 15:11:52,117: nbed.driver: DEBUG: two_e_act.exc=np.float64(-9.375640421933648)
2025-10-20 15:11:52,117: nbed.driver: DEBUG: two_e_env.exc=np.float64(-6.032852632789183)
2025-10-20 15:11:52,117: nbed.driver: DEBUG: RKS components
2025-10-20 15:11:52,117: nbed.driver: DEBUG: e_act: -109.77361544371404
2025-10-20 15:11:52,117: nbed.driver: DEBUG: e_env: -70.13756509795915
2025-10-20 15:11:52,117: nbed.driver: DEBUG: two_e_cross: 25.758361656156985
2025-10-20 15:11:52,117: nbed.driver: DEBUG: e_nuc: 39.9767716969976
2025-10-20 15:11:52,117: nbed.driver: DEBUG: Getting global DFT potential to optimize embedded calc in.
2025-10-20 15:11:52,150: nbed.driver: INFO: DFT potential average 0.4563204852074258.
2025-10-20 15:11:52,150: nbed.driver: DEBUG: Runnning embedding with mu projector.
2025-10-20 15:11:52,150: nbed.driver: DEBUG: Constructing localised RHF object.
2025-10-20 15:11:52,150: nbed.driver: DEBUG: Constructing molecule.
2025-10-20 15:11:52,150: nbed.driver: INFO: Input geometry is not an existing file. Assumng raw xyz input.
2025-10-20 15:11:52,150: nbed.driver: INFO: Input geometry: 6

O 0.0000000 -1.4330000 0.0000000
H -0.9620000 -1.6700000 0.0000000
C 0.0000000 0.0000000 0.0000000
H -0.4900000 0.4170000 0.8860000
H 1.0400000 0.3310000 0.0000000
H -0.4900000 0.4170000 -0.8860000
2025-10-20 15:11:52,152: nbed.driver: DEBUG: Molecule built.
2025-10-20 15:11:52,152: nbed.driver: DEBUG: Running embedded scf calculation.
2025-10-20 15:11:52,182: nbed.driver: INFO: Embedded scf energy MU_SHIFT: -43.64476878524836, converged: True
2025-10-20 15:11:52,182: nbed.driver: DEBUG: Deleting environment from SCF object.
2025-10-20 15:11:52,182: nbed.driver: DEBUG: Deleting environment for spin.
2025-10-20 15:11:52,182: nbed.driver: INFO: Orbital indices for embedded system: [0, 1, 2, 3, 4, 5, 6, 7, 8, 9]
2025-10-20 15:11:52,182: nbed.driver: INFO: Orbital indices removed from embedded system: [10, 11, 12, 13]
2025-10-20 15:11:52,182: nbed.driver: DEBUG: Spin environment deleted.
2025-10-20 15:11:52,182: nbed.driver: DEBUG: Environment deleted.
2025-10-20 15:11:52,182: nbed.driver: INFO: V emb mean mu: 149884.79109461783
2025-10-20 15:11:52,182: nbed.driver: INFO: RHF energy: -113.81471910858309
2025-10-20 15:11:52,182: nbed.driver: DEBUG: Classical energy: -30.193178626337122
2025-10-20 15:11:52,182: nbed.driver: DEBUG: Performing virtual localization.
2025-10-20 15:11:52,182: nbed.localizers.spade: DEBUG: Localising virtual orbital spin with concentric localization.
2025-10-20 15:11:52,182: nbed.localizers.spade: DEBUG: Creating projected molecule object.
2025-10-20 15:11:52,183: nbed.localizers.spade: DEBUG: n_act_proj_aos=np.int64(6)
2025-10-20 15:11:52,183: nbed.localizers.spade: DEBUG: N effective virtuals: (14, 5)
2025-10-20 15:11:52,184: nbed.localizers.spade: DEBUG: Singular values: [9.95588194e-01 2.15549267e-01 6.06349721e-03 2.59828975e-03
 1.34583201e-08]
2025-10-20 15:11:52,184: nbed.localizers.spade: DEBUG: Initial c_total.shape=(14, 5) (nocc)
2025-10-20 15:11:52,184: nbed.localizers.spade: DEBUG: shell_size=np.int64(5)
2025-10-20 15:11:52,184: nbed.localizers.spade: DEBUG: v_span.shape=(5, 5)
2025-10-20 15:11:52,184: nbed.localizers.spade: DEBUG: v_ker.shape=(5, 0)
2025-10-20 15:11:52,184: nbed.localizers.spade: DEBUG: Created 0th shell.
2025-10-20 15:11:52,184: nbed.localizers.spade: DEBUG: No kernel for 0th shell, cannot perform CL.
2025-10-20 15:11:52,184: nbed.localizers.spade: DEBUG: This is expected for molecules with majority active MOs occupied.
2025-10-20 15:11:52,184: nbed.driver: INFO: Embedding complete.
2025-10-20 15:11:52,184: nbed.driver: DEBUG: Driver initialisation complete.
2025-10-20 15:11:52,184: nbed.driver: DEBUG: Starting embedded CCSD calculation.
2025-10-20 15:11:52,199: nbed.driver: INFO: Embedded CCSD energy: -0.05792193661898626
2025-10-20 15:11:52,436: nbed.driver: DEBUG: Initialising driver.
2025-10-20 15:11:52,436: nbed.driver: DEBUG: Constructing molecule.
2025-10-20 15:11:52,436: nbed.driver: INFO: Input geometry is not an existing file. Assumng raw xyz input.
2025-10-20 15:11:52,436: nbed.driver: INFO: Input geometry: 6

O 0.0000000 -1.4330000 0.0000000
H -0.9620000 -1.6700000 0.0000000
C 0.0000000 0.0000000 0.0000000
H -0.4900000 0.4170000 0.8860000
H 1.0400000 0.3310000 0.0000000
H -0.4900000 0.4170000 -0.8860000
2025-10-20 15:11:52,438: nbed.driver: DEBUG: Molecule built.
2025-10-20 15:11:52,438: nbed.driver: DEBUG: Number of active atoms valid.
2025-10-20 15:11:52,438: nbed.driver: DEBUG: Closed shells, using restricted SCF.
2025-10-20 15:11:52,438: nbed.driver: DEBUG: Embedding molecule.
2025-10-20 15:11:52,438: nbed.driver: DEBUG: Getting localized system using spade.
2025-10-20 15:11:52,438: nbed.driver: DEBUG: Running full system KS DFT.
2025-10-20 15:11:52,438: nbed.driver: DEBUG: Constructing molecule.
2025-10-20 15:11:52,438: nbed.driver: INFO: Input geometry is not an existing file. Assumng raw xyz input.
2025-10-20 15:11:52,438: nbed.driver: INFO: Input geometry: 6

O 0.0000000 -1.4330000 0.0000000
H -0.9620000 -1.6700000 0.0000000
C 0.0000000 0.0000000 0.0000000
H -0.4900000 0.4170000 0.8860000
H 1.0400000 0.3310000 0.0000000
H -0.4900000 0.4170000 -0.8860000
2025-10-20 15:11:52,439: nbed.driver: DEBUG: Molecule built.
2025-10-20 15:11:52,648: nbed.driver: INFO: Global RKS: -114.1760471885187
2025-10-20 15:11:52,649: nbed.localizers.base: DEBUG: Initialising Localizer.
2025-10-20 15:11:52,649: nbed.localizers.spade: DEBUG: Localising with SPADE.
2025-10-20 15:11:52,649: nbed.localizers.spade: DEBUG: 6 active AOs.
2025-10-20 15:11:52,650: nbed.localizers.spade: DEBUG: Singular Values: [1.         0.99986443 0.99522317 0.98931679 0.74590951 0.03784544]
2025-10-20 15:11:52,650: nbed.localizers.spade: DEBUG: 5 active MOs.
2025-10-20 15:11:52,650: nbed.localizers.spade: DEBUG: 4 environment MOs.
2025-10-20 15:11:52,650: nbed.localizers.base: DEBUG: Localization complete.
2025-10-20 15:11:52,650: nbed.localizers.base: DEBUG: Localized orbitals:
2025-10-20 15:11:52,650: nbed.localizers.base: DEBUG: active_MO_inds: [0 1 2 3 4]
2025-10-20 15:11:52,650: nbed.localizers.base: DEBUG: beta_active_MO_inds: None
2025-10-20 15:11:52,650: nbed.localizers.base: DEBUG: enviro_MO_inds: [5 6 7 8]
2025-10-20 15:11:52,650: nbed.localizers.base: DEBUG: beta_enviro_MO_inds: None
2025-10-20 15:11:52,650: nbed.driver: INFO: Indices of embedded electrons:
2025-10-20 15:11:52,650: nbed.driver: INFO: [0 1 2 3 4]
2025-10-20 15:11:52,650: nbed.driver: INFO: [5 6 7 8]
2025-10-20 15:11:52,650: nbed.driver: DEBUG: Calculating active and environment subsystem terms.
2025-10-20 15:11:52,650: nbed.driver: DEBUG: Finding subsystem RKS componenets.
2025-10-20 15:11:52,650: nbed.driver: DEBUG: (14, 14)
2025-10-20 15:11:52,667: nbed.driver: DEBUG: Subsystem RKS components found.
2025-10-20 15:11:52,667: nbed.driver: DEBUG: {e_act=}
2025-10-20 15:11:52,667: nbed.driver: DEBUG: {two_e_term=}
2025-10-20 15:11:52,667: nbed.driver: DEBUG: Finding subsystem RKS componenets.
2025-10-20 15:11:52,667: nbed.driver: DEBUG: (14, 14)
2025-10-20 15:11:52,684: nbed.driver: DEBUG: Subsystem RKS components found.
2025-10-20 15:11:52,684: nbed.driver: DEBUG: {e_act=}
2025-10-20 15:11:52,684: nbed.driver: DEBUG: {two_e_term=}
2025-10-20 15:11:52,684: nbed.driver: DEBUG: Calculating two electron cross subsystem energy.
2025-10-20 15:11:52,701: nbed.driver: DEBUG: j_cross=np.float64(25.920450648628197)
2025-10-20 15:11:52,701: nbed.driver: DEBUG: e_xc_total=np.float64(-15.570582047194044)
2025-10-20 15:11:52,701: nbed.driver: DEBUG: two_e_act.exc=np.float64(-9.375640421933648)
2025-10-20 15:11:52,701: nbed.driver: DEBUG: two_e_env.exc=np.float64(-6.032852632789183)
2025-10-20 15:11:52,701: nbed.driver: DEBUG: RKS components
2025-10-20 15:11:52,701: nbed.driver: DEBUG: e_act: -109.77361544371404
2025-10-20 15:11:52,701: nbed.driver: DEBUG: e_env: -70.13756509795915
2025-10-20 15:11:52,701: nbed.driver: DEBUG: two_e_cross: 25.758361656156985
2025-10-20 15:11:52,701: nbed.driver: DEBUG: e_nuc: 39.9767716969976
2025-10-20 15:11:52,701: nbed.driver: DEBUG: Getting global DFT potential to optimize embedded calc in.
2025-10-20 15:11:52,733: nbed.driver: INFO: DFT potential average 0.4563204852074258.
2025-10-20 15:11:52,733: nbed.driver: DEBUG: Runnning embedding with mu projector.
2025-10-20 15:11:52,733: nbed.driver: DEBUG: Constructing localised RHF object.
2025-10-20 15:11:52,733: nbed.driver: DEBUG: Constructing molecule.
2025-10-20 15:11:52,733: nbed.driver: INFO: Input geometry is not an existing file. Assumng raw xyz input.
2025-10-20 15:11:52,733: nbed.driver: INFO: Input geometry: 6

O 0.0000000 -1.4330000 0.0000000
H -0.9620000 -1.6700000 0.0000000
C 0.0000000 0.0000000 0.0000000
H -0.4900000 0.4170000 0.8860000
H 1.0400000 0.3310000 0.0000000
H -0.4900000 0.4170000 -0.8860000
2025-10-20 15:11:52,735: nbed.driver: DEBUG: Molecule built.
2025-10-20 15:11:52,735: nbed.driver: DEBUG: Running embedded scf calculation.
2025-10-20 15:11:52,764: nbed.driver: INFO: Embedded scf energy MU_SHIFT: -43.64476878524836, converged: True
2025-10-20 15:11:52,764: nbed.driver: DEBUG: Deleting environment from SCF object.
2025-10-20 15:11:52,764: nbed.driver: DEBUG: Deleting environment for spin.
2025-10-20 15:11:52,764: nbed.driver: INFO: Orbital indices for embedded system: [0, 1, 2, 3, 4, 5, 6, 7, 8, 9]
2025-10-20 15:11:52,764: nbed.driver: INFO: Orbital indices removed from embedded system: [10, 11, 12, 13]
2025-10-20 15:11:52,764: nbed.driver: DEBUG: Spin environment deleted.
2025-10-20 15:11:52,764: nbed.driver: DEBUG: Environment deleted.
2025-10-20 15:11:52,764: nbed.driver: INFO: V emb mean mu: 149884.79109461783
2025-10-20 15:11:52,764: nbed.driver: INFO: RHF energy: -113.81471910858309
2025-10-20 15:11:52,764: nbed.driver: DEBUG: Classical energy: -30.193178626337122
2025-10-20 15:11:52,764: nbed.driver: DEBUG: Performing virtual localization.
2025-10-20 15:11:52,764: nbed.localizers.spade: DEBUG: Localising virtual orbital spin with concentric localization.
2025-10-20 15:11:52,764: nbed.localizers.spade: DEBUG: Creating projected molecule object.
2025-10-20 15:11:52,766: nbed.localizers.spade: DEBUG: n_act_proj_aos=np.int64(6)
2025-10-20 15:11:52,767: nbed.localizers.spade: DEBUG: N effective virtuals: (14, 5)
2025-10-20 15:11:52,767: nbed.localizers.spade: DEBUG: Singular values: [9.95588194e-01 2.15549267e-01 6.06349721e-03 2.59828975e-03
 1.34583201e-08]
2025-10-20 15:11:52,767: nbed.localizers.spade: DEBUG: Initial c_total.shape=(14, 5) (nocc)
2025-10-20 15:11:52,767: nbed.localizers.spade: DEBUG: shell_size=np.int64(5)
2025-10-20 15:11:52,767: nbed.localizers.spade: DEBUG: v_span.shape=(5, 5)
2025-10-20 15:11:52,767: nbed.localizers.spade: DEBUG: v_ker.shape=(5, 0)
2025-10-20 15:11:52,767: nbed.localizers.spade: DEBUG: Created 0th shell.
2025-10-20 15:11:52,767: nbed.localizers.spade: DEBUG: No kernel for 0th shell, cannot perform CL.
2025-10-20 15:11:52,767: nbed.localizers.spade: DEBUG: This is expected for molecules with majority active MOs occupied.
2025-10-20 15:11:52,767: nbed.driver: INFO: Embedding complete.
2025-10-20 15:11:52,767: nbed.driver: DEBUG: Driver initialisation complete.
2025-10-20 15:11:52,767: nbed.driver: DEBUG: Starting embedded CCSD calculation.
2025-10-20 15:11:52,780: nbed.driver: INFO: Embedded CCSD energy: -0.05792193661898626
2025-10-20 15:11:53,026: nbed.driver: DEBUG: Initialising driver.
2025-10-20 15:11:53,026: nbed.driver: DEBUG: Constructing molecule.
2025-10-20 15:11:53,026: nbed.driver: INFO: Input geometry is not an existing file. Assumng raw xyz input.
2025-10-20 15:11:53,026: nbed.driver: INFO: Input geometry: 6

O 0.0000000 -1.4330000 0.0000000
H -0.9620000 -1.6700000 0.0000000
C 0.0000000 0.0000000 0.0000000
H -0.4900000 0.4170000 0.8860000
H 1.0400000 0.3310000 0.0000000
H -0.4900000 0.4170000 -0.8860000
2025-10-20 15:11:53,027: nbed.driver: DEBUG: Molecule built.
2025-10-20 15:11:53,027: nbed.driver: DEBUG: Number of active atoms valid.
2025-10-20 15:11:53,027: nbed.driver: DEBUG: Closed shells, using restricted SCF.
2025-10-20 15:11:53,027: nbed.driver: DEBUG: Embedding molecule.
2025-10-20 15:11:53,027: nbed.driver: DEBUG: Getting localized system using spade.
2025-10-20 15:11:53,027: nbed.driver: DEBUG: Running full system KS DFT.
2025-10-20 15:11:53,027: nbed.driver: DEBUG: Constructing molecule.
2025-10-20 15:11:53,027: nbed.driver: INFO: Input geometry is not an existing file. Assumng raw xyz input.
2025-10-20 15:11:53,027: nbed.driver: INFO: Input geometry: 6

O 0.0000000 -1.4330000 0.0000000
H -0.9620000 -1.6700000 0.0000000
C 0.0000000 0.0000000 0.0000000
H -0.4900000 0.4170000 0.8860000
H 1.0400000 0.3310000 0.0000000
H -0.4900000 0.4170000 -0.8860000
2025-10-20 15:11:53,028: nbed.driver: DEBUG: Molecule built.
2025-10-20 15:11:53,237: nbed.driver: INFO: Global RKS: -114.1760471885187
2025-10-20 15:11:53,237: nbed.localizers.base: DEBUG: Initialising Localizer.
2025-10-20 15:11:53,237: nbed.localizers.spade: DEBUG: Localising with SPADE.
2025-10-20 15:11:53,237: nbed.localizers.spade: DEBUG: 6 active AOs.
2025-10-20 15:11:53,238: nbed.localizers.spade: DEBUG: Singular Values: [1.         0.99986443 0.99522317 0.98931679 0.74590951 0.03784544]
2025-10-20 15:11:53,238: nbed.localizers.spade: DEBUG: 5 active MOs.
2025-10-20 15:11:53,238: nbed.localizers.spade: DEBUG: 4 environment MOs.
2025-10-20 15:11:53,238: nbed.localizers.base: DEBUG: Localization complete.
2025-10-20 15:11:53,238: nbed.localizers.base: DEBUG: Localized orbitals:
2025-10-20 15:11:53,238: nbed.localizers.base: DEBUG: active_MO_inds: [0 1 2 3 4]
2025-10-20 15:11:53,238: nbed.localizers.base: DEBUG: beta_active_MO_inds: None
2025-10-20 15:11:53,238: nbed.localizers.base: DEBUG: enviro_MO_inds: [5 6 7 8]
2025-10-20 15:11:53,238: nbed.localizers.base: DEBUG: beta_enviro_MO_inds: None
2025-10-20 15:11:53,238: nbed.driver: INFO: Indices of embedded electrons:
2025-10-20 15:11:53,238: nbed.driver: INFO: [0 1 2 3 4]
2025-10-20 15:11:53,238: nbed.driver: INFO: [5 6 7 8]
2025-10-20 15:11:53,238: nbed.driver: DEBUG: Calculating active and environment subsystem terms.
2025-10-20 15:11:53,238: nbed.driver: DEBUG: Finding subsystem RKS componenets.
2025-10-20 15:11:53,238: nbed.driver: DEBUG: (14, 14)
2025-10-20 15:11:53,254: nbed.driver: DEBUG: Subsystem RKS components found.
2025-10-20 15:11:53,254: nbed.driver: DEBUG: {e_act=}
2025-10-20 15:11:53,254: nbed.driver: DEBUG: {two_e_term=}
2025-10-20 15:11:53,254: nbed.driver: DEBUG: Finding subsystem RKS componenets.
2025-10-20 15:11:53,254: nbed.driver: DEBUG: (14, 14)
2025-10-20 15:11:53,271: nbed.driver: DEBUG: Subsystem RKS components found.
2025-10-20 15:11:53,271: nbed.driver: DEBUG: {e_act=}
2025-10-20 15:11:53,271: nbed.driver: DEBUG: {two_e_term=}
2025-10-20 15:11:53,271: nbed.driver: DEBUG: Calculating two electron cross subsystem energy.
2025-10-20 15:11:53,287: nbed.driver: DEBUG: j_cross=np.float64(25.920450648628197)
2025-10-20 15:11:53,287: nbed.driver: DEBUG: e_xc_total=np.float64(-15.570582047194044)
2025-10-20 15:11:53,287: nbed.driver: DEBUG: two_e_act.exc=np.float64(-9.375640421933648)
2025-10-20 15:11:53,287: nbed.driver: DEBUG: two_e_env.exc=np.float64(-6.032852632789183)
2025-10-20 15:11:53,287: nbed.driver: DEBUG: RKS components
2025-10-20 15:11:53,287: nbed.driver: DEBUG: e_act: -109.77361544371404
2025-10-20 15:11:53,287: nbed.driver: DEBUG: e_env: -70.13756509795915
2025-10-20 15:11:53,287: nbed.driver: DEBUG: two_e_cross: 25.758361656156985
2025-10-20 15:11:53,287: nbed.driver: DEBUG: e_nuc: 39.9767716969976
2025-10-20 15:11:53,287: nbed.driver: DEBUG: Getting global DFT potential to optimize embedded calc in.
2025-10-20 15:11:53,319: nbed.driver: INFO: DFT potential average 0.4563204852074258.
2025-10-20 15:11:53,319: nbed.driver: DEBUG: Runnning embedding with mu projector.
2025-10-20 15:11:53,319: nbed.driver: DEBUG: Constructing localised RHF object.
2025-10-20 15:11:53,319: nbed.driver: DEBUG: Constructing molecule.
2025-10-20 15:11:53,319: nbed.driver: INFO: Input geometry is not an existing file. Assumng raw xyz input.
2025-10-20 15:11:53,319: nbed.driver: INFO: Input geometry: 6

O 0.0000000 -1.4330000 0.0000000
H -0.9620000 -1.6700000 0.0000000
C 0.0000000 0.0000000 0.0000000
H -0.4900000 0.4170000 0.8860000
H 1.0400000 0.3310000 0.0000000
H -0.4900000 0.4170000 -0.8860000
2025-10-20 15:11:53,320: nbed.driver: DEBUG: Molecule built.
2025-10-20 15:11:53,320: nbed.driver: DEBUG: Running embedded scf calculation.
2025-10-20 15:11:53,349: nbed.driver: INFO: Embedded scf energy MU_SHIFT: -43.64476878524836, converged: True
2025-10-20 15:11:53,349: nbed.driver: DEBUG: Deleting environment from SCF object.
2025-10-20 15:11:53,349: nbed.driver: DEBUG: Deleting environment for spin.
2025-10-20 15:11:53,349: nbed.driver: INFO: Orbital indices for embedded system: [0, 1, 2, 3, 4, 5, 6, 7, 8, 9]
2025-10-20 15:11:53,349: nbed.driver: INFO: Orbital indices removed from embedded system: [10, 11, 12, 13]
2025-10-20 15:11:53,349: nbed.driver: DEBUG: Spin environment deleted.
2025-10-20 15:11:53,349: nbed.driver: DEBUG: Environment deleted.
2025-10-20 15:11:53,349: nbed.driver: INFO: V emb mean mu: 149884.79109461783
2025-10-20 15:11:53,349: nbed.driver: INFO: RHF energy: -113.81471910858309
2025-10-20 15:11:53,349: nbed.driver: DEBUG: Classical energy: -30.193178626337122
2025-10-20 15:11:53,349: nbed.driver: DEBUG: Performing virtual localization.
2025-10-20 15:11:53,349: nbed.localizers.spade: DEBUG: Localising virtual orbital spin with concentric localization.
2025-10-20 15:11:53,349: nbed.localizers.spade: DEBUG: Creating projected molecule object.
2025-10-20 15:11:53,351: nbed.localizers.spade: DEBUG: n_act_proj_aos=np.int64(6)
2025-10-20 15:11:53,351: nbed.localizers.spade: DEBUG: N effective virtuals: (14, 5)
2025-10-20 15:11:53,351: nbed.localizers.spade: DEBUG: Singular values: [9.95588194e-01 2.15549267e-01 6.06349721e-03 2.59828975e-03
 1.34583201e-08]
2025-10-20 15:11:53,351: nbed.localizers.spade: DEBUG: Initial c_total.shape=(14, 5) (nocc)
2025-10-20 15:11:53,351: nbed.localizers.spade: DEBUG: shell_size=np.int64(5)
2025-10-20 15:11:53,351: nbed.localizers.spade: DEBUG: v_span.shape=(5, 5)
2025-10-20 15:11:53,351: nbed.localizers.spade: DEBUG: v_ker.shape=(5, 0)
2025-10-20 15:11:53,351: nbed.localizers.spade: DEBUG: Created 0th shell.
2025-10-20 15:11:53,351: nbed.localizers.spade: DEBUG: No kernel for 0th shell, cannot perform CL.
2025-10-20 15:11:53,351: nbed.localizers.spade: DEBUG: This is expected for molecules with majority active MOs occupied.
2025-10-20 15:11:53,351: nbed.driver: INFO: Embedding complete.
2025-10-20 15:11:53,351: nbed.driver: DEBUG: Driver initialisation complete.
2025-10-20 15:11:53,351: nbed.driver: DEBUG: Starting embedded CCSD calculation.
2025-10-20 15:11:53,366: nbed.driver: INFO: Embedded CCSD energy: -0.05792193661898626
2025-10-20 15:11:53,605: nbed.driver: DEBUG: Initialising driver.
2025-10-20 15:11:53,605: nbed.driver: DEBUG: Constructing molecule.
2025-10-20 15:11:53,605: nbed.driver: INFO: Input geometry is not an existing file. Assumng raw xyz input.
2025-10-20 15:11:53,605: nbed.driver: INFO: Input geometry: 6

O 0.0000000 -1.4330000 0.0000000
H -0.9620000 -1.6700000 0.0000000
C 0.0000000 0.0000000 0.0000000
H -0.4900000 0.4170000 0.8860000
H 1.0400000 0.3310000 0.0000000
H -0.4900000 0.4170000 -0.8860000
2025-10-20 15:11:53,606: nbed.driver: DEBUG: Molecule built.
2025-10-20 15:11:53,606: nbed.driver: DEBUG: Number of active atoms valid.
2025-10-20 15:11:53,606: nbed.driver: DEBUG: Closed shells, using restricted SCF.
2025-10-20 15:11:53,606: nbed.driver: DEBUG: Embedding molecule.
2025-10-20 15:11:53,606: nbed.driver: DEBUG: Getting localized system using spade.
2025-10-20 15:11:53,606: nbed.driver: DEBUG: Running full system KS DFT.
2025-10-20 15:11:53,606: nbed.driver: DEBUG: Constructing molecule.
2025-10-20 15:11:53,606: nbed.driver: INFO: Input geometry is not an existing file. Assumng raw xyz input.
2025-10-20 15:11:53,606: nbed.driver: INFO: Input geometry: 6

O 0.0000000 -1.4330000 0.0000000
H -0.9620000 -1.6700000 0.0000000
C 0.0000000 0.0000000 0.0000000
H -0.4900000 0.4170000 0.8860000
H 1.0400000 0.3310000 0.0000000
H -0.4900000 0.4170000 -0.8860000
2025-10-20 15:11:53,608: nbed.driver: DEBUG: Molecule built.
2025-10-20 15:11:53,819: nbed.driver: INFO: Global RKS: -114.1760471885187
2025-10-20 15:11:53,819: nbed.localizers.base: DEBUG: Initialising Localizer.
2025-10-20 15:11:53,819: nbed.localizers.spade: DEBUG: Localising with SPADE.
2025-10-20 15:11:53,819: nbed.localizers.spade: DEBUG: 6 active AOs.
2025-10-20 15:11:53,820: nbed.localizers.spade: DEBUG: Singular Values: [1.         0.99986443 0.99522317 0.98931679 0.74590951 0.03784544]
2025-10-20 15:11:53,820: nbed.localizers.spade: DEBUG: 5 active MOs.
2025-10-20 15:11:53,820: nbed.localizers.spade: DEBUG: 4 environment MOs.
2025-10-20 15:11:53,820: nbed.localizers.base: DEBUG: Localization complete.
2025-10-20 15:11:53,820: nbed.localizers.base: DEBUG: Localized orbitals:
2025-10-20 15:11:53,820: nbed.localizers.base: DEBUG: active_MO_inds: [0 1 2 3 4]
2025-10-20 15:11:53,820: nbed.localizers.base: DEBUG: beta_active_MO_inds: None
2025-10-20 15:11:53,820: nbed.localizers.base: DEBUG: enviro_MO_inds: [5 6 7 8]
2025-10-20 15:11:53,820: nbed.localizers.base: DEBUG: beta_enviro_MO_inds: None
2025-10-20 15:11:53,820: nbed.driver: INFO: Indices of embedded electrons:
2025-10-20 15:11:53,820: nbed.driver: INFO: [0 1 2 3 4]
2025-10-20 15:11:53,820: nbed.driver: INFO: [5 6 7 8]
2025-10-20 15:11:53,820: nbed.driver: DEBUG: Calculating active and environment subsystem terms.
2025-10-20 15:11:53,820: nbed.driver: DEBUG: Finding subsystem RKS componenets.
2025-10-20 15:11:53,820: nbed.driver: DEBUG: (14, 14)
2025-10-20 15:11:53,836: nbed.driver: DEBUG: Subsystem RKS components found.
2025-10-20 15:11:53,836: nbed.driver: DEBUG: {e_act=}
2025-10-20 15:11:53,836: nbed.driver: DEBUG: {two_e_term=}
2025-10-20 15:11:53,836: nbed.driver: DEBUG: Finding subsystem RKS componenets.
2025-10-20 15:11:53,836: nbed.driver: DEBUG: (14, 14)
2025-10-20 15:11:53,852: nbed.driver: DEBUG: Subsystem RKS components found.
2025-10-20 15:11:53,852: nbed.driver: DEBUG: {e_act=}
2025-10-20 15:11:53,852: nbed.driver: DEBUG: {two_e_term=}
2025-10-20 15:11:53,852: nbed.driver: DEBUG: Calculating two electron cross subsystem energy.
2025-10-20 15:11:53,869: nbed.driver: DEBUG: j_cross=np.float64(25.920450648628197)
2025-10-20 15:11:53,869: nbed.driver: DEBUG: e_xc_total=np.float64(-15.570582047194044)
2025-10-20 15:11:53,869: nbed.driver: DEBUG: two_e_act.exc=np.float64(-9.375640421933648)
2025-10-20 15:11:53,869: nbed.driver: DEBUG: two_e_env.exc=np.float64(-6.032852632789183)
2025-10-20 15:11:53,869: nbed.driver: DEBUG: RKS components
2025-10-20 15:11:53,869: nbed.driver: DEBUG: e_act: -109.77361544371404
2025-10-20 15:11:53,869: nbed.driver: DEBUG: e_env: -70.13756509795915
2025-10-20 15:11:53,869: nbed.driver: DEBUG: two_e_cross: 25.758361656156985
2025-10-20 15:11:53,869: nbed.driver: DEBUG: e_nuc: 39.9767716969976
2025-10-20 15:11:53,869: nbed.driver: DEBUG: Getting global DFT potential to optimize embedded calc in.
2025-10-20 15:11:53,901: nbed.driver: INFO: DFT potential average 0.4563204852074258.
2025-10-20 15:11:53,901: nbed.driver: DEBUG: Runnning embedding with mu projector.
2025-10-20 15:11:53,901: nbed.driver: DEBUG: Constructing localised RHF object.
2025-10-20 15:11:53,901: nbed.driver: DEBUG: Constructing molecule.
2025-10-20 15:11:53,901: nbed.driver: INFO: Input geometry is not an existing file. Assumng raw xyz input.
2025-10-20 15:11:53,901: nbed.driver: INFO: Input geometry: 6

O 0.0000000 -1.4330000 0.0000000
H -0.9620000 -1.6700000 0.0000000
C 0.0000000 0.0000000 0.0000000
H -0.4900000 0.4170000 0.8860000
H 1.0400000 0.3310000 0.0000000
H -0.4900000 0.4170000 -0.8860000
2025-10-20 15:11:53,902: nbed.driver: DEBUG: Molecule built.
2025-10-20 15:11:53,903: nbed.driver: DEBUG: Running embedded scf calculation.
2025-10-20 15:11:53,932: nbed.driver: INFO: Embedded scf energy MU_SHIFT: -43.64476878524836, converged: True
2025-10-20 15:11:53,932: nbed.driver: DEBUG: Deleting environment from SCF object.
2025-10-20 15:11:53,932: nbed.driver: DEBUG: Deleting environment for spin.
2025-10-20 15:11:53,932: nbed.driver: INFO: Orbital indices for embedded system: [0, 1, 2, 3, 4, 5, 6, 7, 8, 9]
2025-10-20 15:11:53,932: nbed.driver: INFO: Orbital indices removed from embedded system: [10, 11, 12, 13]
2025-10-20 15:11:53,932: nbed.driver: DEBUG: Spin environment deleted.
2025-10-20 15:11:53,932: nbed.driver: DEBUG: Environment deleted.
2025-10-20 15:11:53,932: nbed.driver: INFO: V emb mean mu: 149884.79109461783
2025-10-20 15:11:53,932: nbed.driver: INFO: RHF energy: -113.81471910858309
2025-10-20 15:11:53,932: nbed.driver: DEBUG: Classical energy: -30.193178626337122
2025-10-20 15:11:53,932: nbed.driver: DEBUG: Performing virtual localization.
2025-10-20 15:11:53,932: nbed.localizers.spade: DEBUG: Localising virtual orbital spin with concentric localization.
2025-10-20 15:11:53,932: nbed.localizers.spade: DEBUG: Creating projected molecule object.
2025-10-20 15:11:53,934: nbed.localizers.spade: DEBUG: n_act_proj_aos=np.int64(6)
2025-10-20 15:11:53,934: nbed.localizers.spade: DEBUG: N effective virtuals: (14, 5)
2025-10-20 15:11:53,934: nbed.localizers.spade: DEBUG: Singular values: [9.95588194e-01 2.15549267e-01 6.06349721e-03 2.59828975e-03
 1.34583201e-08]
2025-10-20 15:11:53,934: nbed.localizers.spade: DEBUG: Initial c_total.shape=(14, 5) (nocc)
2025-10-20 15:11:53,934: nbed.localizers.spade: DEBUG: shell_size=np.int64(5)
2025-10-20 15:11:53,934: nbed.localizers.spade: DEBUG: v_span.shape=(5, 5)
2025-10-20 15:11:53,934: nbed.localizers.spade: DEBUG: v_ker.shape=(5, 0)
2025-10-20 15:11:53,934: nbed.localizers.spade: DEBUG: Created 0th shell.
2025-10-20 15:11:53,934: nbed.localizers.spade: DEBUG: No kernel for 0th shell, cannot perform CL.
2025-10-20 15:11:53,934: nbed.localizers.spade: DEBUG: This is expected for molecules with majority active MOs occupied.
2025-10-20 15:11:53,934: nbed.driver: INFO: Embedding complete.
2025-10-20 15:11:53,934: nbed.driver: DEBUG: Driver initialisation complete.
2025-10-20 15:11:53,934: nbed.driver: DEBUG: Starting embedded CCSD calculation.
2025-10-20 15:11:53,948: nbed.driver: INFO: Embedded CCSD energy: -0.05792193661898626
2025-10-20 15:11:54,204: nbed.driver: DEBUG: Initialising driver.
2025-10-20 15:11:54,204: nbed.driver: DEBUG: Constructing molecule.
2025-10-20 15:11:54,204: nbed.driver: INFO: Input geometry is not an existing file. Assumng raw xyz input.
2025-10-20 15:11:54,204: nbed.driver: INFO: Input geometry: 6

O 0.0000000 -1.4330000 0.0000000
H -0.9620000 -1.6700000 0.0000000
C 0.0000000 0.0000000 0.0000000
H -0.4900000 0.4170000 0.8860000
H 1.0400000 0.3310000 0.0000000
H -0.4900000 0.4170000 -0.8860000
2025-10-20 15:11:54,206: nbed.driver: DEBUG: Molecule built.
2025-10-20 15:11:54,206: nbed.driver: DEBUG: Number of active atoms valid.
2025-10-20 15:11:54,206: nbed.driver: DEBUG: Closed shells, using restricted SCF.
2025-10-20 15:11:54,206: nbed.driver: DEBUG: Embedding molecule.
2025-10-20 15:11:54,206: nbed.driver: DEBUG: Getting localized system using spade.
2025-10-20 15:11:54,206: nbed.driver: DEBUG: Running full system KS DFT.
2025-10-20 15:11:54,206: nbed.driver: DEBUG: Constructing molecule.
2025-10-20 15:11:54,206: nbed.driver: INFO: Input geometry is not an existing file. Assumng raw xyz input.
2025-10-20 15:11:54,206: nbed.driver: INFO: Input geometry: 6

O 0.0000000 -1.4330000 0.0000000
H -0.9620000 -1.6700000 0.0000000
C 0.0000000 0.0000000 0.0000000
H -0.4900000 0.4170000 0.8860000
H 1.0400000 0.3310000 0.0000000
H -0.4900000 0.4170000 -0.8860000
2025-10-20 15:11:54,207: nbed.driver: DEBUG: Molecule built.
2025-10-20 15:11:54,420: nbed.driver: INFO: Global RKS: -114.1760471885187
2025-10-20 15:11:54,420: nbed.localizers.base: DEBUG: Initialising Localizer.
2025-10-20 15:11:54,420: nbed.localizers.spade: DEBUG: Localising with SPADE.
2025-10-20 15:11:54,420: nbed.localizers.spade: DEBUG: 6 active AOs.
2025-10-20 15:11:54,421: nbed.localizers.spade: DEBUG: Singular Values: [1.         0.99986443 0.99522317 0.98931679 0.74590951 0.03784544]
2025-10-20 15:11:54,421: nbed.localizers.spade: DEBUG: 5 active MOs.
2025-10-20 15:11:54,421: nbed.localizers.spade: DEBUG: 4 environment MOs.
2025-10-20 15:11:54,421: nbed.localizers.base: DEBUG: Localization complete.
2025-10-20 15:11:54,421: nbed.localizers.base: DEBUG: Localized orbitals:
2025-10-20 15:11:54,421: nbed.localizers.base: DEBUG: active_MO_inds: [0 1 2 3 4]
2025-10-20 15:11:54,421: nbed.localizers.base: DEBUG: beta_active_MO_inds: None
2025-10-20 15:11:54,421: nbed.localizers.base: DEBUG: enviro_MO_inds: [5 6 7 8]
2025-10-20 15:11:54,421: nbed.localizers.base: DEBUG: beta_enviro_MO_inds: None
2025-10-20 15:11:54,421: nbed.driver: INFO: Indices of embedded electrons:
2025-10-20 15:11:54,421: nbed.driver: INFO: [0 1 2 3 4]
2025-10-20 15:11:54,421: nbed.driver: INFO: [5 6 7 8]
2025-10-20 15:11:54,421: nbed.driver: DEBUG: Calculating active and environment subsystem terms.
2025-10-20 15:11:54,421: nbed.driver: DEBUG: Finding subsystem RKS componenets.
2025-10-20 15:11:54,421: nbed.driver: DEBUG: (14, 14)
2025-10-20 15:11:54,437: nbed.driver: DEBUG: Subsystem RKS components found.
2025-10-20 15:11:54,437: nbed.driver: DEBUG: {e_act=}
2025-10-20 15:11:54,437: nbed.driver: DEBUG: {two_e_term=}
2025-10-20 15:11:54,437: nbed.driver: DEBUG: Finding subsystem RKS componenets.
2025-10-20 15:11:54,437: nbed.driver: DEBUG: (14, 14)
2025-10-20 15:11:54,453: nbed.driver: DEBUG: Subsystem RKS components found.
2025-10-20 15:11:54,454: nbed.driver: DEBUG: {e_act=}
2025-10-20 15:11:54,454: nbed.driver: DEBUG: {two_e_term=}
2025-10-20 15:11:54,454: nbed.driver: DEBUG: Calculating two electron cross subsystem energy.
2025-10-20 15:11:54,470: nbed.driver: DEBUG: j_cross=np.float64(25.920450648628197)
2025-10-20 15:11:54,470: nbed.driver: DEBUG: e_xc_total=np.float64(-15.570582047194044)
2025-10-20 15:11:54,470: nbed.driver: DEBUG: two_e_act.exc=np.float64(-9.375640421933648)
2025-10-20 15:11:54,470: nbed.driver: DEBUG: two_e_env.exc=np.float64(-6.032852632789183)
2025-10-20 15:11:54,470: nbed.driver: DEBUG: RKS components
2025-10-20 15:11:54,470: nbed.driver: DEBUG: e_act: -109.77361544371404
2025-10-20 15:11:54,470: nbed.driver: DEBUG: e_env: -70.13756509795915
2025-10-20 15:11:54,470: nbed.driver: DEBUG: two_e_cross: 25.758361656156985
2025-10-20 15:11:54,470: nbed.driver: DEBUG: e_nuc: 39.9767716969976
2025-10-20 15:11:54,470: nbed.driver: DEBUG: Getting global DFT potential to optimize embedded calc in.
2025-10-20 15:11:54,502: nbed.driver: INFO: DFT potential average 0.4563204852074258.
2025-10-20 15:11:54,502: nbed.driver: DEBUG: Runnning embedding with mu projector.
2025-10-20 15:11:54,502: nbed.driver: DEBUG: Constructing localised RHF object.
2025-10-20 15:11:54,502: nbed.driver: DEBUG: Constructing molecule.
2025-10-20 15:11:54,502: nbed.driver: INFO: Input geometry is not an existing file. Assumng raw xyz input.
2025-10-20 15:11:54,502: nbed.driver: INFO: Input geometry: 6

O 0.0000000 -1.4330000 0.0000000
H -0.9620000 -1.6700000 0.0000000
C 0.0000000 0.0000000 0.0000000
H -0.4900000 0.4170000 0.8860000
H 1.0400000 0.3310000 0.0000000
H -0.4900000 0.4170000 -0.8860000
2025-10-20 15:11:54,503: nbed.driver: DEBUG: Molecule built.
2025-10-20 15:11:54,503: nbed.driver: DEBUG: Running embedded scf calculation.
2025-10-20 15:11:54,533: nbed.driver: INFO: Embedded scf energy MU_SHIFT: -43.64476878524836, converged: True
2025-10-20 15:11:54,533: nbed.driver: DEBUG: Deleting environment from SCF object.
2025-10-20 15:11:54,533: nbed.driver: DEBUG: Deleting environment for spin.
2025-10-20 15:11:54,533: nbed.driver: INFO: Orbital indices for embedded system: [0, 1, 2, 3, 4, 5, 6, 7, 8, 9]
2025-10-20 15:11:54,533: nbed.driver: INFO: Orbital indices removed from embedded system: [10, 11, 12, 13]
2025-10-20 15:11:54,533: nbed.driver: DEBUG: Spin environment deleted.
2025-10-20 15:11:54,533: nbed.driver: DEBUG: Environment deleted.
2025-10-20 15:11:54,533: nbed.driver: INFO: V emb mean mu: 149884.79109461783
2025-10-20 15:11:54,533: nbed.driver: INFO: RHF energy: -113.81471910858309
2025-10-20 15:11:54,533: nbed.driver: DEBUG: Classical energy: -30.193178626337122
2025-10-20 15:11:54,533: nbed.driver: DEBUG: Performing virtual localization.
2025-10-20 15:11:54,533: nbed.localizers.spade: DEBUG: Localising virtual orbital spin with concentric localization.
2025-10-20 15:11:54,533: nbed.localizers.spade: DEBUG: Creating projected molecule object.
2025-10-20 15:11:54,535: nbed.localizers.spade: DEBUG: n_act_proj_aos=np.int64(6)
2025-10-20 15:11:54,535: nbed.localizers.spade: DEBUG: N effective virtuals: (14, 5)
2025-10-20 15:11:54,535: nbed.localizers.spade: DEBUG: Singular values: [9.95588194e-01 2.15549267e-01 6.06349721e-03 2.59828975e-03
 1.34583201e-08]
2025-10-20 15:11:54,535: nbed.localizers.spade: DEBUG: Initial c_total.shape=(14, 5) (nocc)
2025-10-20 15:11:54,535: nbed.localizers.spade: DEBUG: shell_size=np.int64(5)
2025-10-20 15:11:54,535: nbed.localizers.spade: DEBUG: v_span.shape=(5, 5)
2025-10-20 15:11:54,535: nbed.localizers.spade: DEBUG: v_ker.shape=(5, 0)
2025-10-20 15:11:54,535: nbed.localizers.spade: DEBUG: Created 0th shell.
2025-10-20 15:11:54,535: nbed.localizers.spade: DEBUG: No kernel for 0th shell, cannot perform CL.
2025-10-20 15:11:54,535: nbed.localizers.spade: DEBUG: This is expected for molecules with majority active MOs occupied.
2025-10-20 15:11:54,535: nbed.driver: INFO: Embedding complete.
2025-10-20 15:11:54,535: nbed.driver: DEBUG: Driver initialisation complete.
2025-10-20 15:11:54,535: nbed.driver: DEBUG: Starting embedded CCSD calculation.
2025-10-20 15:11:54,549: nbed.driver: INFO: Embedded CCSD energy: -0.05792193661898626
2025-10-20 15:11:54,786: nbed.driver: DEBUG: Initialising driver.
2025-10-20 15:11:54,786: nbed.driver: DEBUG: Constructing molecule.
2025-10-20 15:11:54,786: nbed.driver: INFO: Input geometry is not an existing file. Assumng raw xyz input.
2025-10-20 15:11:54,786: nbed.driver: INFO: Input geometry: 6

O 0.0000000 -1.4330000 0.0000000
H -0.9620000 -1.6700000 0.0000000
C 0.0000000 0.0000000 0.0000000
H -0.4900000 0.4170000 0.8860000
H 1.0400000 0.3310000 0.0000000
H -0.4900000 0.4170000 -0.8860000
2025-10-20 15:11:54,787: nbed.driver: DEBUG: Molecule built.
2025-10-20 15:11:54,787: nbed.driver: DEBUG: Number of active atoms valid.
2025-10-20 15:11:54,787: nbed.driver: DEBUG: Closed shells, using restricted SCF.
2025-10-20 15:11:54,787: nbed.driver: DEBUG: Embedding molecule.
2025-10-20 15:11:54,787: nbed.driver: DEBUG: Getting localized system using spade.
2025-10-20 15:11:54,787: nbed.driver: DEBUG: Running full system KS DFT.
2025-10-20 15:11:54,787: nbed.driver: DEBUG: Constructing molecule.
2025-10-20 15:11:54,787: nbed.driver: INFO: Input geometry is not an existing file. Assumng raw xyz input.
2025-10-20 15:11:54,787: nbed.driver: INFO: Input geometry: 6

O 0.0000000 -1.4330000 0.0000000
H -0.9620000 -1.6700000 0.0000000
C 0.0000000 0.0000000 0.0000000
H -0.4900000 0.4170000 0.8860000
H 1.0400000 0.3310000 0.0000000
H -0.4900000 0.4170000 -0.8860000
2025-10-20 15:11:54,788: nbed.driver: DEBUG: Molecule built.
2025-10-20 15:11:55,001: nbed.driver: INFO: Global RKS: -114.1760471885187
2025-10-20 15:11:55,001: nbed.localizers.base: DEBUG: Initialising Localizer.
2025-10-20 15:11:55,001: nbed.localizers.spade: DEBUG: Localising with SPADE.
2025-10-20 15:11:55,001: nbed.localizers.spade: DEBUG: 6 active AOs.
2025-10-20 15:11:55,001: nbed.localizers.spade: DEBUG: Singular Values: [1.         0.99986443 0.99522317 0.98931679 0.74590951 0.03784544]
2025-10-20 15:11:55,001: nbed.localizers.spade: DEBUG: 5 active MOs.
2025-10-20 15:11:55,001: nbed.localizers.spade: DEBUG: 4 environment MOs.
2025-10-20 15:11:55,002: nbed.localizers.base: DEBUG: Localization complete.
2025-10-20 15:11:55,002: nbed.localizers.base: DEBUG: Localized orbitals:
2025-10-20 15:11:55,002: nbed.localizers.base: DEBUG: active_MO_inds: [0 1 2 3 4]
2025-10-20 15:11:55,002: nbed.localizers.base: DEBUG: beta_active_MO_inds: None
2025-10-20 15:11:55,002: nbed.localizers.base: DEBUG: enviro_MO_inds: [5 6 7 8]
2025-10-20 15:11:55,002: nbed.localizers.base: DEBUG: beta_enviro_MO_inds: None
2025-10-20 15:11:55,002: nbed.driver: INFO: Indices of embedded electrons:
2025-10-20 15:11:55,002: nbed.driver: INFO: [0 1 2 3 4]
2025-10-20 15:11:55,002: nbed.driver: INFO: [5 6 7 8]
2025-10-20 15:11:55,002: nbed.driver: DEBUG: Calculating active and environment subsystem terms.
2025-10-20 15:11:55,002: nbed.driver: DEBUG: Finding subsystem RKS componenets.
2025-10-20 15:11:55,002: nbed.driver: DEBUG: (14, 14)
2025-10-20 15:11:55,019: nbed.driver: DEBUG: Subsystem RKS components found.
2025-10-20 15:11:55,019: nbed.driver: DEBUG: {e_act=}
2025-10-20 15:11:55,019: nbed.driver: DEBUG: {two_e_term=}
2025-10-20 15:11:55,019: nbed.driver: DEBUG: Finding subsystem RKS componenets.
2025-10-20 15:11:55,019: nbed.driver: DEBUG: (14, 14)
2025-10-20 15:11:55,036: nbed.driver: DEBUG: Subsystem RKS components found.
2025-10-20 15:11:55,036: nbed.driver: DEBUG: {e_act=}
2025-10-20 15:11:55,036: nbed.driver: DEBUG: {two_e_term=}
2025-10-20 15:11:55,036: nbed.driver: DEBUG: Calculating two electron cross subsystem energy.
2025-10-20 15:11:55,054: nbed.driver: DEBUG: j_cross=np.float64(25.920450648628197)
2025-10-20 15:11:55,054: nbed.driver: DEBUG: e_xc_total=np.float64(-15.570582047194044)
2025-10-20 15:11:55,054: nbed.driver: DEBUG: two_e_act.exc=np.float64(-9.375640421933648)
2025-10-20 15:11:55,054: nbed.driver: DEBUG: two_e_env.exc=np.float64(-6.032852632789183)
2025-10-20 15:11:55,054: nbed.driver: DEBUG: RKS components
2025-10-20 15:11:55,054: nbed.driver: DEBUG: e_act: -109.77361544371404
2025-10-20 15:11:55,054: nbed.driver: DEBUG: e_env: -70.13756509795915
2025-10-20 15:11:55,054: nbed.driver: DEBUG: two_e_cross: 25.758361656156985
2025-10-20 15:11:55,054: nbed.driver: DEBUG: e_nuc: 39.9767716969976
2025-10-20 15:11:55,054: nbed.driver: DEBUG: Getting global DFT potential to optimize embedded calc in.
2025-10-20 15:11:55,088: nbed.driver: INFO: DFT potential average 0.4563204852074258.
2025-10-20 15:11:55,088: nbed.driver: DEBUG: Runnning embedding with mu projector.
2025-10-20 15:11:55,088: nbed.driver: DEBUG: Constructing localised RHF object.
2025-10-20 15:11:55,088: nbed.driver: DEBUG: Constructing molecule.
2025-10-20 15:11:55,088: nbed.driver: INFO: Input geometry is not an existing file. Assumng raw xyz input.
2025-10-20 15:11:55,088: nbed.driver: INFO: Input geometry: 6

O 0.0000000 -1.4330000 0.0000000
H -0.9620000 -1.6700000 0.0000000
C 0.0000000 0.0000000 0.0000000
H -0.4900000 0.4170000 0.8860000
H 1.0400000 0.3310000 0.0000000
H -0.4900000 0.4170000 -0.8860000
2025-10-20 15:11:55,090: nbed.driver: DEBUG: Molecule built.
2025-10-20 15:11:55,090: nbed.driver: DEBUG: Running embedded scf calculation.
2025-10-20 15:11:55,124: nbed.driver: INFO: Embedded scf energy MU_SHIFT: -43.64476878524836, converged: True
2025-10-20 15:11:55,124: nbed.driver: DEBUG: Deleting environment from SCF object.
2025-10-20 15:11:55,124: nbed.driver: DEBUG: Deleting environment for spin.
2025-10-20 15:11:55,124: nbed.driver: INFO: Orbital indices for embedded system: [0, 1, 2, 3, 4, 5, 6, 7, 8, 9]
2025-10-20 15:11:55,124: nbed.driver: INFO: Orbital indices removed from embedded system: [10, 11, 12, 13]
2025-10-20 15:11:55,124: nbed.driver: DEBUG: Spin environment deleted.
2025-10-20 15:11:55,124: nbed.driver: DEBUG: Environment deleted.
2025-10-20 15:11:55,124: nbed.driver: INFO: V emb mean mu: 149884.79109461783
2025-10-20 15:11:55,124: nbed.driver: INFO: RHF energy: -113.81471910858309
2025-10-20 15:11:55,124: nbed.driver: DEBUG: Classical energy: -30.193178626337122
2025-10-20 15:11:55,124: nbed.driver: DEBUG: Performing virtual localization.
2025-10-20 15:11:55,124: nbed.localizers.spade: DEBUG: Localising virtual orbital spin with concentric localization.
2025-10-20 15:11:55,124: nbed.localizers.spade: DEBUG: Creating projected molecule object.
2025-10-20 15:11:55,126: nbed.localizers.spade: DEBUG: n_act_proj_aos=np.int64(6)
2025-10-20 15:11:55,126: nbed.localizers.spade: DEBUG: N effective virtuals: (14, 5)
2025-10-20 15:11:55,126: nbed.localizers.spade: DEBUG: Singular values: [9.95588194e-01 2.15549267e-01 6.06349721e-03 2.59828975e-03
 1.34583201e-08]
2025-10-20 15:11:55,126: nbed.localizers.spade: DEBUG: Initial c_total.shape=(14, 5) (nocc)
2025-10-20 15:11:55,126: nbed.localizers.spade: DEBUG: shell_size=np.int64(5)
2025-10-20 15:11:55,126: nbed.localizers.spade: DEBUG: v_span.shape=(5, 5)
2025-10-20 15:11:55,126: nbed.localizers.spade: DEBUG: v_ker.shape=(5, 0)
2025-10-20 15:11:55,126: nbed.localizers.spade: DEBUG: Created 0th shell.
2025-10-20 15:11:55,126: nbed.localizers.spade: DEBUG: No kernel for 0th shell, cannot perform CL.
2025-10-20 15:11:55,126: nbed.localizers.spade: DEBUG: This is expected for molecules with majority active MOs occupied.
2025-10-20 15:11:55,126: nbed.driver: INFO: Embedding complete.
2025-10-20 15:11:55,126: nbed.driver: DEBUG: Driver initialisation complete.
2025-10-20 15:11:55,126: nbed.driver: DEBUG: Starting embedded CCSD calculation.
2025-10-20 15:11:55,139: nbed.driver: INFO: Embedded CCSD energy: -0.05792193661898626
2025-10-20 15:11:55,378: nbed.driver: DEBUG: Initialising driver.
2025-10-20 15:11:55,378: nbed.driver: DEBUG: Constructing molecule.
2025-10-20 15:11:55,378: nbed.driver: INFO: Input geometry is not an existing file. Assumng raw xyz input.
2025-10-20 15:11:55,378: nbed.driver: INFO: Input geometry: 6

O 0.0000000 -1.4330000 0.0000000
H -0.9620000 -1.6700000 0.0000000
C 0.0000000 0.0000000 0.0000000
H -0.4900000 0.4170000 0.8860000
H 1.0400000 0.3310000 0.0000000
H -0.4900000 0.4170000 -0.8860000
2025-10-20 15:11:55,379: nbed.driver: DEBUG: Molecule built.
2025-10-20 15:11:55,379: nbed.driver: DEBUG: Number of active atoms valid.
2025-10-20 15:11:55,379: nbed.driver: DEBUG: Closed shells, using restricted SCF.
2025-10-20 15:11:55,379: nbed.driver: DEBUG: Embedding molecule.
2025-10-20 15:11:55,380: nbed.driver: DEBUG: Getting localized system using spade.
2025-10-20 15:11:55,380: nbed.driver: DEBUG: Running full system KS DFT.
2025-10-20 15:11:55,380: nbed.driver: DEBUG: Constructing molecule.
2025-10-20 15:11:55,380: nbed.driver: INFO: Input geometry is not an existing file. Assumng raw xyz input.
2025-10-20 15:11:55,380: nbed.driver: INFO: Input geometry: 6

O 0.0000000 -1.4330000 0.0000000
H -0.9620000 -1.6700000 0.0000000
C 0.0000000 0.0000000 0.0000000
H -0.4900000 0.4170000 0.8860000
H 1.0400000 0.3310000 0.0000000
H -0.4900000 0.4170000 -0.8860000
2025-10-20 15:11:55,381: nbed.driver: DEBUG: Molecule built.
2025-10-20 15:11:55,602: nbed.driver: INFO: Global RKS: -114.1760471885187
2025-10-20 15:11:55,602: nbed.localizers.base: DEBUG: Initialising Localizer.
2025-10-20 15:11:55,602: nbed.localizers.spade: DEBUG: Localising with SPADE.
2025-10-20 15:11:55,602: nbed.localizers.spade: DEBUG: 6 active AOs.
2025-10-20 15:11:55,603: nbed.localizers.spade: DEBUG: Singular Values: [1.         0.99986443 0.99522317 0.98931679 0.74590951 0.03784544]
2025-10-20 15:11:55,603: nbed.localizers.spade: DEBUG: 5 active MOs.
2025-10-20 15:11:55,603: nbed.localizers.spade: DEBUG: 4 environment MOs.
2025-10-20 15:11:55,603: nbed.localizers.base: DEBUG: Localization complete.
2025-10-20 15:11:55,603: nbed.localizers.base: DEBUG: Localized orbitals:
2025-10-20 15:11:55,603: nbed.localizers.base: DEBUG: active_MO_inds: [0 1 2 3 4]
2025-10-20 15:11:55,603: nbed.localizers.base: DEBUG: beta_active_MO_inds: None
2025-10-20 15:11:55,603: nbed.localizers.base: DEBUG: enviro_MO_inds: [5 6 7 8]
2025-10-20 15:11:55,603: nbed.localizers.base: DEBUG: beta_enviro_MO_inds: None
2025-10-20 15:11:55,603: nbed.driver: INFO: Indices of embedded electrons:
2025-10-20 15:11:55,603: nbed.driver: INFO: [0 1 2 3 4]
2025-10-20 15:11:55,603: nbed.driver: INFO: [5 6 7 8]
2025-10-20 15:11:55,603: nbed.driver: DEBUG: Calculating active and environment subsystem terms.
2025-10-20 15:11:55,603: nbed.driver: DEBUG: Finding subsystem RKS componenets.
2025-10-20 15:11:55,603: nbed.driver: DEBUG: (14, 14)
2025-10-20 15:11:55,620: nbed.driver: DEBUG: Subsystem RKS components found.
2025-10-20 15:11:55,620: nbed.driver: DEBUG: {e_act=}
2025-10-20 15:11:55,620: nbed.driver: DEBUG: {two_e_term=}
2025-10-20 15:11:55,620: nbed.driver: DEBUG: Finding subsystem RKS componenets.
2025-10-20 15:11:55,620: nbed.driver: DEBUG: (14, 14)
2025-10-20 15:11:55,636: nbed.driver: DEBUG: Subsystem RKS components found.
2025-10-20 15:11:55,636: nbed.driver: DEBUG: {e_act=}
2025-10-20 15:11:55,636: nbed.driver: DEBUG: {two_e_term=}
2025-10-20 15:11:55,636: nbed.driver: DEBUG: Calculating two electron cross subsystem energy.
2025-10-20 15:11:55,652: nbed.driver: DEBUG: j_cross=np.float64(25.920450648628197)
2025-10-20 15:11:55,652: nbed.driver: DEBUG: e_xc_total=np.float64(-15.570582047194044)
2025-10-20 15:11:55,652: nbed.driver: DEBUG: two_e_act.exc=np.float64(-9.375640421933648)
2025-10-20 15:11:55,652: nbed.driver: DEBUG: two_e_env.exc=np.float64(-6.032852632789183)
2025-10-20 15:11:55,652: nbed.driver: DEBUG: RKS components
2025-10-20 15:11:55,652: nbed.driver: DEBUG: e_act: -109.77361544371404
2025-10-20 15:11:55,652: nbed.driver: DEBUG: e_env: -70.13756509795915
2025-10-20 15:11:55,652: nbed.driver: DEBUG: two_e_cross: 25.758361656156985
2025-10-20 15:11:55,652: nbed.driver: DEBUG: e_nuc: 39.9767716969976
2025-10-20 15:11:55,652: nbed.driver: DEBUG: Getting global DFT potential to optimize embedded calc in.
2025-10-20 15:11:55,683: nbed.driver: INFO: DFT potential average 0.4563204852074258.
2025-10-20 15:11:55,683: nbed.driver: DEBUG: Runnning embedding with mu projector.
2025-10-20 15:11:55,683: nbed.driver: DEBUG: Constructing localised RHF object.
2025-10-20 15:11:55,683: nbed.driver: DEBUG: Constructing molecule.
2025-10-20 15:11:55,683: nbed.driver: INFO: Input geometry is not an existing file. Assumng raw xyz input.
2025-10-20 15:11:55,683: nbed.driver: INFO: Input geometry: 6

O 0.0000000 -1.4330000 0.0000000
H -0.9620000 -1.6700000 0.0000000
C 0.0000000 0.0000000 0.0000000
H -0.4900000 0.4170000 0.8860000
H 1.0400000 0.3310000 0.0000000
H -0.4900000 0.4170000 -0.8860000
2025-10-20 15:11:55,684: nbed.driver: DEBUG: Molecule built.
2025-10-20 15:11:55,685: nbed.driver: DEBUG: Running embedded scf calculation.
2025-10-20 15:11:55,713: nbed.driver: INFO: Embedded scf energy MU_SHIFT: -43.64476878524836, converged: True
2025-10-20 15:11:55,713: nbed.driver: DEBUG: Deleting environment from SCF object.
2025-10-20 15:11:55,713: nbed.driver: DEBUG: Deleting environment for spin.
2025-10-20 15:11:55,713: nbed.driver: INFO: Orbital indices for embedded system: [0, 1, 2, 3, 4, 5, 6, 7, 8, 9]
2025-10-20 15:11:55,713: nbed.driver: INFO: Orbital indices removed from embedded system: [10, 11, 12, 13]
2025-10-20 15:11:55,713: nbed.driver: DEBUG: Spin environment deleted.
2025-10-20 15:11:55,713: nbed.driver: DEBUG: Environment deleted.
2025-10-20 15:11:55,713: nbed.driver: INFO: V emb mean mu: 149884.79109461783
2025-10-20 15:11:55,713: nbed.driver: INFO: RHF energy: -113.81471910858309
2025-10-20 15:11:55,713: nbed.driver: DEBUG: Classical energy: -30.193178626337122
2025-10-20 15:11:55,713: nbed.driver: DEBUG: Performing virtual localization.
2025-10-20 15:11:55,713: nbed.localizers.spade: DEBUG: Localising virtual orbital spin with concentric localization.
2025-10-20 15:11:55,714: nbed.localizers.spade: DEBUG: Creating projected molecule object.
2025-10-20 15:11:55,715: nbed.localizers.spade: DEBUG: n_act_proj_aos=np.int64(6)
2025-10-20 15:11:55,715: nbed.localizers.spade: DEBUG: N effective virtuals: (14, 5)
2025-10-20 15:11:55,715: nbed.localizers.spade: DEBUG: Singular values: [9.95588194e-01 2.15549267e-01 6.06349721e-03 2.59828975e-03
 1.34583201e-08]
2025-10-20 15:11:55,715: nbed.localizers.spade: DEBUG: Initial c_total.shape=(14, 5) (nocc)
2025-10-20 15:11:55,715: nbed.localizers.spade: DEBUG: shell_size=np.int64(5)
2025-10-20 15:11:55,715: nbed.localizers.spade: DEBUG: v_span.shape=(5, 5)
2025-10-20 15:11:55,715: nbed.localizers.spade: DEBUG: v_ker.shape=(5, 0)
2025-10-20 15:11:55,715: nbed.localizers.spade: DEBUG: Created 0th shell.
2025-10-20 15:11:55,715: nbed.localizers.spade: DEBUG: No kernel for 0th shell, cannot perform CL.
2025-10-20 15:11:55,715: nbed.localizers.spade: DEBUG: This is expected for molecules with majority active MOs occupied.
2025-10-20 15:11:55,715: nbed.driver: INFO: Embedding complete.
2025-10-20 15:11:55,715: nbed.driver: DEBUG: Driver initialisation complete.
2025-10-20 15:11:55,715: nbed.driver: DEBUG: Starting embedded CCSD calculation.
2025-10-20 15:11:55,728: nbed.driver: INFO: Embedded CCSD energy: -0.05792193661898626
2025-10-20 15:11:55,979: nbed.driver: DEBUG: Initialising driver.
2025-10-20 15:11:55,979: nbed.driver: DEBUG: Constructing molecule.
2025-10-20 15:11:55,979: nbed.driver: INFO: Input geometry is not an existing file. Assumng raw xyz input.
2025-10-20 15:11:55,979: nbed.driver: INFO: Input geometry: 6

O 0.0000000 -1.4330000 0.0000000
H -0.9620000 -1.6700000 0.0000000
C 0.0000000 0.0000000 0.0000000
H -0.4900000 0.4170000 0.8860000
H 1.0400000 0.3310000 0.0000000
H -0.4900000 0.4170000 -0.8860000
2025-10-20 15:11:55,981: nbed.driver: DEBUG: Molecule built.
2025-10-20 15:11:55,981: nbed.driver: DEBUG: Number of active atoms valid.
2025-10-20 15:11:55,981: nbed.driver: DEBUG: Closed shells, using restricted SCF.
2025-10-20 15:11:55,981: nbed.driver: DEBUG: Embedding molecule.
2025-10-20 15:11:55,981: nbed.driver: DEBUG: Getting localized system using spade.
2025-10-20 15:11:55,981: nbed.driver: DEBUG: Running full system KS DFT.
2025-10-20 15:11:55,981: nbed.driver: DEBUG: Constructing molecule.
2025-10-20 15:11:55,981: nbed.driver: INFO: Input geometry is not an existing file. Assumng raw xyz input.
2025-10-20 15:11:55,981: nbed.driver: INFO: Input geometry: 6

O 0.0000000 -1.4330000 0.0000000
H -0.9620000 -1.6700000 0.0000000
C 0.0000000 0.0000000 0.0000000
H -0.4900000 0.4170000 0.8860000
H 1.0400000 0.3310000 0.0000000
H -0.4900000 0.4170000 -0.8860000
2025-10-20 15:11:55,982: nbed.driver: DEBUG: Molecule built.
2025-10-20 15:11:56,204: nbed.driver: INFO: Global RKS: -114.1760471885187
2025-10-20 15:11:56,204: nbed.localizers.base: DEBUG: Initialising Localizer.
2025-10-20 15:11:56,204: nbed.localizers.spade: DEBUG: Localising with SPADE.
2025-10-20 15:11:56,204: nbed.localizers.spade: DEBUG: 6 active AOs.
2025-10-20 15:11:56,205: nbed.localizers.spade: DEBUG: Singular Values: [1.         0.99986443 0.99522317 0.98931679 0.74590951 0.03784544]
2025-10-20 15:11:56,205: nbed.localizers.spade: DEBUG: 5 active MOs.
2025-10-20 15:11:56,205: nbed.localizers.spade: DEBUG: 4 environment MOs.
2025-10-20 15:11:56,205: nbed.localizers.base: DEBUG: Localization complete.
2025-10-20 15:11:56,205: nbed.localizers.base: DEBUG: Localized orbitals:
2025-10-20 15:11:56,205: nbed.localizers.base: DEBUG: active_MO_inds: [0 1 2 3 4]
2025-10-20 15:11:56,205: nbed.localizers.base: DEBUG: beta_active_MO_inds: None
2025-10-20 15:11:56,205: nbed.localizers.base: DEBUG: enviro_MO_inds: [5 6 7 8]
2025-10-20 15:11:56,205: nbed.localizers.base: DEBUG: beta_enviro_MO_inds: None
2025-10-20 15:11:56,205: nbed.driver: INFO: Indices of embedded electrons:
2025-10-20 15:11:56,205: nbed.driver: INFO: [0 1 2 3 4]
2025-10-20 15:11:56,205: nbed.driver: INFO: [5 6 7 8]
2025-10-20 15:11:56,205: nbed.driver: DEBUG: Calculating active and environment subsystem terms.
2025-10-20 15:11:56,205: nbed.driver: DEBUG: Finding subsystem RKS componenets.
2025-10-20 15:11:56,205: nbed.driver: DEBUG: (14, 14)
2025-10-20 15:11:56,221: nbed.driver: DEBUG: Subsystem RKS components found.
2025-10-20 15:11:56,221: nbed.driver: DEBUG: {e_act=}
2025-10-20 15:11:56,221: nbed.driver: DEBUG: {two_e_term=}
2025-10-20 15:11:56,221: nbed.driver: DEBUG: Finding subsystem RKS componenets.
2025-10-20 15:11:56,221: nbed.driver: DEBUG: (14, 14)
2025-10-20 15:11:56,237: nbed.driver: DEBUG: Subsystem RKS components found.
2025-10-20 15:11:56,237: nbed.driver: DEBUG: {e_act=}
2025-10-20 15:11:56,237: nbed.driver: DEBUG: {two_e_term=}
2025-10-20 15:11:56,237: nbed.driver: DEBUG: Calculating two electron cross subsystem energy.
2025-10-20 15:11:56,252: nbed.driver: DEBUG: j_cross=np.float64(25.920450648628197)
2025-10-20 15:11:56,252: nbed.driver: DEBUG: e_xc_total=np.float64(-15.570582047194044)
2025-10-20 15:11:56,252: nbed.driver: DEBUG: two_e_act.exc=np.float64(-9.375640421933648)
2025-10-20 15:11:56,252: nbed.driver: DEBUG: two_e_env.exc=np.float64(-6.032852632789183)
2025-10-20 15:11:56,252: nbed.driver: DEBUG: RKS components
2025-10-20 15:11:56,252: nbed.driver: DEBUG: e_act: -109.77361544371404
2025-10-20 15:11:56,252: nbed.driver: DEBUG: e_env: -70.13756509795915
2025-10-20 15:11:56,252: nbed.driver: DEBUG: two_e_cross: 25.758361656156985
2025-10-20 15:11:56,252: nbed.driver: DEBUG: e_nuc: 39.9767716969976
2025-10-20 15:11:56,253: nbed.driver: DEBUG: Getting global DFT potential to optimize embedded calc in.
2025-10-20 15:11:56,283: nbed.driver: INFO: DFT potential average 0.4563204852074258.
2025-10-20 15:11:56,283: nbed.driver: DEBUG: Runnning embedding with mu projector.
2025-10-20 15:11:56,283: nbed.driver: DEBUG: Constructing localised RHF object.
2025-10-20 15:11:56,283: nbed.driver: DEBUG: Constructing molecule.
2025-10-20 15:11:56,283: nbed.driver: INFO: Input geometry is not an existing file. Assumng raw xyz input.
2025-10-20 15:11:56,283: nbed.driver: INFO: Input geometry: 6

O 0.0000000 -1.4330000 0.0000000
H -0.9620000 -1.6700000 0.0000000
C 0.0000000 0.0000000 0.0000000
H -0.4900000 0.4170000 0.8860000
H 1.0400000 0.3310000 0.0000000
H -0.4900000 0.4170000 -0.8860000
2025-10-20 15:11:56,285: nbed.driver: DEBUG: Molecule built.
2025-10-20 15:11:56,285: nbed.driver: DEBUG: Running embedded scf calculation.
2025-10-20 15:11:56,313: nbed.driver: INFO: Embedded scf energy MU_SHIFT: -43.64476878524836, converged: True
2025-10-20 15:11:56,313: nbed.driver: DEBUG: Deleting environment from SCF object.
2025-10-20 15:11:56,313: nbed.driver: DEBUG: Deleting environment for spin.
2025-10-20 15:11:56,313: nbed.driver: INFO: Orbital indices for embedded system: [0, 1, 2, 3, 4, 5, 6, 7, 8, 9]
2025-10-20 15:11:56,313: nbed.driver: INFO: Orbital indices removed from embedded system: [10, 11, 12, 13]
2025-10-20 15:11:56,313: nbed.driver: DEBUG: Spin environment deleted.
2025-10-20 15:11:56,313: nbed.driver: DEBUG: Environment deleted.
2025-10-20 15:11:56,313: nbed.driver: INFO: V emb mean mu: 149884.79109461783
2025-10-20 15:11:56,313: nbed.driver: INFO: RHF energy: -113.81471910858309
2025-10-20 15:11:56,313: nbed.driver: DEBUG: Classical energy: -30.193178626337122
2025-10-20 15:11:56,313: nbed.driver: DEBUG: Performing virtual localization.
2025-10-20 15:11:56,313: nbed.localizers.spade: DEBUG: Localising virtual orbital spin with concentric localization.
2025-10-20 15:11:56,313: nbed.localizers.spade: DEBUG: Creating projected molecule object.
2025-10-20 15:11:56,315: nbed.localizers.spade: DEBUG: n_act_proj_aos=np.int64(6)
2025-10-20 15:11:56,315: nbed.localizers.spade: DEBUG: N effective virtuals: (14, 5)
2025-10-20 15:11:56,315: nbed.localizers.spade: DEBUG: Singular values: [9.95588194e-01 2.15549267e-01 6.06349721e-03 2.59828975e-03
 1.34583201e-08]
2025-10-20 15:11:56,315: nbed.localizers.spade: DEBUG: Initial c_total.shape=(14, 5) (nocc)
2025-10-20 15:11:56,315: nbed.localizers.spade: DEBUG: shell_size=np.int64(5)
2025-10-20 15:11:56,315: nbed.localizers.spade: DEBUG: v_span.shape=(5, 5)
2025-10-20 15:11:56,315: nbed.localizers.spade: DEBUG: v_ker.shape=(5, 0)
2025-10-20 15:11:56,315: nbed.localizers.spade: DEBUG: Created 0th shell.
2025-10-20 15:11:56,315: nbed.localizers.spade: DEBUG: No kernel for 0th shell, cannot perform CL.
2025-10-20 15:11:56,315: nbed.localizers.spade: DEBUG: This is expected for molecules with majority active MOs occupied.
2025-10-20 15:11:56,315: nbed.driver: INFO: Embedding complete.
2025-10-20 15:11:56,315: nbed.driver: DEBUG: Driver initialisation complete.
2025-10-20 15:11:56,315: nbed.driver: DEBUG: Starting embedded CCSD calculation.
2025-10-20 15:11:56,329: nbed.driver: INFO: Embedded CCSD energy: -0.05792193661898626
2025-10-20 15:11:56,566: nbed.driver: DEBUG: Initialising driver.
2025-10-20 15:11:56,566: nbed.driver: DEBUG: Constructing molecule.
2025-10-20 15:11:56,566: nbed.driver: INFO: Input geometry is not an existing file. Assumng raw xyz input.
2025-10-20 15:11:56,566: nbed.driver: INFO: Input geometry: 6

O 0.0000000 -1.4330000 0.0000000
H -0.9620000 -1.6700000 0.0000000
C 0.0000000 0.0000000 0.0000000
H -0.4900000 0.4170000 0.8860000
H 1.0400000 0.3310000 0.0000000
H -0.4900000 0.4170000 -0.8860000
2025-10-20 15:11:56,567: nbed.driver: DEBUG: Molecule built.
2025-10-20 15:11:56,567: nbed.driver: DEBUG: Number of active atoms valid.
2025-10-20 15:11:56,567: nbed.driver: DEBUG: Closed shells, using restricted SCF.
2025-10-20 15:11:56,567: nbed.driver: DEBUG: Embedding molecule.
2025-10-20 15:11:56,568: nbed.driver: DEBUG: Getting localized system using spade.
2025-10-20 15:11:56,568: nbed.driver: DEBUG: Running full system KS DFT.
2025-10-20 15:11:56,568: nbed.driver: DEBUG: Constructing molecule.
2025-10-20 15:11:56,568: nbed.driver: INFO: Input geometry is not an existing file. Assumng raw xyz input.
2025-10-20 15:11:56,568: nbed.driver: INFO: Input geometry: 6

O 0.0000000 -1.4330000 0.0000000
H -0.9620000 -1.6700000 0.0000000
C 0.0000000 0.0000000 0.0000000
H -0.4900000 0.4170000 0.8860000
H 1.0400000 0.3310000 0.0000000
H -0.4900000 0.4170000 -0.8860000
2025-10-20 15:11:56,569: nbed.driver: DEBUG: Molecule built.
2025-10-20 15:11:56,779: nbed.driver: INFO: Global RKS: -114.1760471885187
2025-10-20 15:11:56,779: nbed.localizers.base: DEBUG: Initialising Localizer.
2025-10-20 15:11:56,779: nbed.localizers.spade: DEBUG: Localising with SPADE.
2025-10-20 15:11:56,779: nbed.localizers.spade: DEBUG: 6 active AOs.
2025-10-20 15:11:56,780: nbed.localizers.spade: DEBUG: Singular Values: [1.         0.99986443 0.99522317 0.98931679 0.74590951 0.03784544]
2025-10-20 15:11:56,780: nbed.localizers.spade: DEBUG: 5 active MOs.
2025-10-20 15:11:56,780: nbed.localizers.spade: DEBUG: 4 environment MOs.
2025-10-20 15:11:56,780: nbed.localizers.base: DEBUG: Localization complete.
2025-10-20 15:11:56,780: nbed.localizers.base: DEBUG: Localized orbitals:
2025-10-20 15:11:56,780: nbed.localizers.base: DEBUG: active_MO_inds: [0 1 2 3 4]
2025-10-20 15:11:56,780: nbed.localizers.base: DEBUG: beta_active_MO_inds: None
2025-10-20 15:11:56,780: nbed.localizers.base: DEBUG: enviro_MO_inds: [5 6 7 8]
2025-10-20 15:11:56,780: nbed.localizers.base: DEBUG: beta_enviro_MO_inds: None
2025-10-20 15:11:56,780: nbed.driver: INFO: Indices of embedded electrons:
2025-10-20 15:11:56,780: nbed.driver: INFO: [0 1 2 3 4]
2025-10-20 15:11:56,781: nbed.driver: INFO: [5 6 7 8]
2025-10-20 15:11:56,781: nbed.driver: DEBUG: Calculating active and environment subsystem terms.
2025-10-20 15:11:56,781: nbed.driver: DEBUG: Finding subsystem RKS componenets.
2025-10-20 15:11:56,781: nbed.driver: DEBUG: (14, 14)
2025-10-20 15:11:56,797: nbed.driver: DEBUG: Subsystem RKS components found.
2025-10-20 15:11:56,797: nbed.driver: DEBUG: {e_act=}
2025-10-20 15:11:56,797: nbed.driver: DEBUG: {two_e_term=}
2025-10-20 15:11:56,797: nbed.driver: DEBUG: Finding subsystem RKS componenets.
2025-10-20 15:11:56,797: nbed.driver: DEBUG: (14, 14)
2025-10-20 15:11:56,812: nbed.driver: DEBUG: Subsystem RKS components found.
2025-10-20 15:11:56,812: nbed.driver: DEBUG: {e_act=}
2025-10-20 15:11:56,812: nbed.driver: DEBUG: {two_e_term=}
2025-10-20 15:11:56,812: nbed.driver: DEBUG: Calculating two electron cross subsystem energy.
2025-10-20 15:11:56,828: nbed.driver: DEBUG: j_cross=np.float64(25.920450648628197)
2025-10-20 15:11:56,829: nbed.driver: DEBUG: e_xc_total=np.float64(-15.570582047194044)
2025-10-20 15:11:56,829: nbed.driver: DEBUG: two_e_act.exc=np.float64(-9.375640421933648)
2025-10-20 15:11:56,829: nbed.driver: DEBUG: two_e_env.exc=np.float64(-6.032852632789183)
2025-10-20 15:11:56,829: nbed.driver: DEBUG: RKS components
2025-10-20 15:11:56,829: nbed.driver: DEBUG: e_act: -109.77361544371404
2025-10-20 15:11:56,829: nbed.driver: DEBUG: e_env: -70.13756509795915
2025-10-20 15:11:56,829: nbed.driver: DEBUG: two_e_cross: 25.758361656156985
2025-10-20 15:11:56,829: nbed.driver: DEBUG: e_nuc: 39.9767716969976
2025-10-20 15:11:56,829: nbed.driver: DEBUG: Getting global DFT potential to optimize embedded calc in.
2025-10-20 15:11:56,861: nbed.driver: INFO: DFT potential average 0.4563204852074258.
2025-10-20 15:11:56,861: nbed.driver: DEBUG: Runnning embedding with mu projector.
2025-10-20 15:11:56,861: nbed.driver: DEBUG: Constructing localised RHF object.
2025-10-20 15:11:56,861: nbed.driver: DEBUG: Constructing molecule.
2025-10-20 15:11:56,861: nbed.driver: INFO: Input geometry is not an existing file. Assumng raw xyz input.
2025-10-20 15:11:56,861: nbed.driver: INFO: Input geometry: 6

O 0.0000000 -1.4330000 0.0000000
H -0.9620000 -1.6700000 0.0000000
C 0.0000000 0.0000000 0.0000000
H -0.4900000 0.4170000 0.8860000
H 1.0400000 0.3310000 0.0000000
H -0.4900000 0.4170000 -0.8860000
2025-10-20 15:11:56,863: nbed.driver: DEBUG: Molecule built.
2025-10-20 15:11:56,863: nbed.driver: DEBUG: Running embedded scf calculation.
2025-10-20 15:11:56,893: nbed.driver: INFO: Embedded scf energy MU_SHIFT: -43.64476878524836, converged: True
2025-10-20 15:11:56,893: nbed.driver: DEBUG: Deleting environment from SCF object.
2025-10-20 15:11:56,893: nbed.driver: DEBUG: Deleting environment for spin.
2025-10-20 15:11:56,893: nbed.driver: INFO: Orbital indices for embedded system: [0, 1, 2, 3, 4, 5, 6, 7, 8, 9]
2025-10-20 15:11:56,893: nbed.driver: INFO: Orbital indices removed from embedded system: [10, 11, 12, 13]
2025-10-20 15:11:56,893: nbed.driver: DEBUG: Spin environment deleted.
2025-10-20 15:11:56,893: nbed.driver: DEBUG: Environment deleted.
2025-10-20 15:11:56,893: nbed.driver: INFO: V emb mean mu: 149884.79109461783
2025-10-20 15:11:56,893: nbed.driver: INFO: RHF energy: -113.81471910858309
2025-10-20 15:11:56,893: nbed.driver: DEBUG: Classical energy: -30.193178626337122
2025-10-20 15:11:56,893: nbed.driver: DEBUG: Performing virtual localization.
2025-10-20 15:11:56,893: nbed.localizers.spade: DEBUG: Localising virtual orbital spin with concentric localization.
2025-10-20 15:11:56,893: nbed.localizers.spade: DEBUG: Creating projected molecule object.
2025-10-20 15:11:56,895: nbed.localizers.spade: DEBUG: n_act_proj_aos=np.int64(6)
2025-10-20 15:11:56,895: nbed.localizers.spade: DEBUG: N effective virtuals: (14, 5)
2025-10-20 15:11:56,895: nbed.localizers.spade: DEBUG: Singular values: [9.95588194e-01 2.15549267e-01 6.06349721e-03 2.59828975e-03
 1.34583201e-08]
2025-10-20 15:11:56,895: nbed.localizers.spade: DEBUG: Initial c_total.shape=(14, 5) (nocc)
2025-10-20 15:11:56,895: nbed.localizers.spade: DEBUG: shell_size=np.int64(5)
2025-10-20 15:11:56,895: nbed.localizers.spade: DEBUG: v_span.shape=(5, 5)
2025-10-20 15:11:56,895: nbed.localizers.spade: DEBUG: v_ker.shape=(5, 0)
2025-10-20 15:11:56,895: nbed.localizers.spade: DEBUG: Created 0th shell.
2025-10-20 15:11:56,895: nbed.localizers.spade: DEBUG: No kernel for 0th shell, cannot perform CL.
2025-10-20 15:11:56,895: nbed.localizers.spade: DEBUG: This is expected for molecules with majority active MOs occupied.
2025-10-20 15:11:56,895: nbed.driver: INFO: Embedding complete.
2025-10-20 15:11:56,895: nbed.driver: DEBUG: Driver initialisation complete.
2025-10-20 15:11:56,895: nbed.driver: DEBUG: Starting embedded CCSD calculation.
2025-10-20 15:11:56,910: nbed.driver: INFO: Embedded CCSD energy: -0.05792193661898626
2025-10-20 15:11:57,153: nbed.driver: DEBUG: Initialising driver.
2025-10-20 15:11:57,153: nbed.driver: DEBUG: Constructing molecule.
2025-10-20 15:11:57,153: nbed.driver: INFO: Input geometry is not an existing file. Assumng raw xyz input.
2025-10-20 15:11:57,153: nbed.driver: INFO: Input geometry: 6

O 0.0000000 -1.4330000 0.0000000
H -0.9620000 -1.6700000 0.0000000
C 0.0000000 0.0000000 0.0000000
H -0.4900000 0.4170000 0.8860000
H 1.0400000 0.3310000 0.0000000
H -0.4900000 0.4170000 -0.8860000
2025-10-20 15:11:57,155: nbed.driver: DEBUG: Molecule built.
2025-10-20 15:11:57,155: nbed.driver: DEBUG: Number of active atoms valid.
2025-10-20 15:11:57,155: nbed.driver: DEBUG: Closed shells, using restricted SCF.
2025-10-20 15:11:57,155: nbed.driver: DEBUG: Embedding molecule.
2025-10-20 15:11:57,155: nbed.driver: DEBUG: Getting localized system using spade.
2025-10-20 15:11:57,155: nbed.driver: DEBUG: Running full system KS DFT.
2025-10-20 15:11:57,155: nbed.driver: DEBUG: Constructing molecule.
2025-10-20 15:11:57,155: nbed.driver: INFO: Input geometry is not an existing file. Assumng raw xyz input.
2025-10-20 15:11:57,155: nbed.driver: INFO: Input geometry: 6

O 0.0000000 -1.4330000 0.0000000
H -0.9620000 -1.6700000 0.0000000
C 0.0000000 0.0000000 0.0000000
H -0.4900000 0.4170000 0.8860000
H 1.0400000 0.3310000 0.0000000
H -0.4900000 0.4170000 -0.8860000
2025-10-20 15:11:57,156: nbed.driver: DEBUG: Molecule built.
2025-10-20 15:11:57,380: nbed.driver: INFO: Global RKS: -114.1760471885187
2025-10-20 15:11:57,380: nbed.localizers.base: DEBUG: Initialising Localizer.
2025-10-20 15:11:57,380: nbed.localizers.spade: DEBUG: Localising with SPADE.
2025-10-20 15:11:57,380: nbed.localizers.spade: DEBUG: 6 active AOs.
2025-10-20 15:11:57,381: nbed.localizers.spade: DEBUG: Singular Values: [1.         0.99986443 0.99522317 0.98931679 0.74590951 0.03784544]
2025-10-20 15:11:57,381: nbed.localizers.spade: DEBUG: 5 active MOs.
2025-10-20 15:11:57,381: nbed.localizers.spade: DEBUG: 4 environment MOs.
2025-10-20 15:11:57,381: nbed.localizers.base: DEBUG: Localization complete.
2025-10-20 15:11:57,381: nbed.localizers.base: DEBUG: Localized orbitals:
2025-10-20 15:11:57,381: nbed.localizers.base: DEBUG: active_MO_inds: [0 1 2 3 4]
2025-10-20 15:11:57,381: nbed.localizers.base: DEBUG: beta_active_MO_inds: None
2025-10-20 15:11:57,381: nbed.localizers.base: DEBUG: enviro_MO_inds: [5 6 7 8]
2025-10-20 15:11:57,381: nbed.localizers.base: DEBUG: beta_enviro_MO_inds: None
2025-10-20 15:11:57,381: nbed.driver: INFO: Indices of embedded electrons:
2025-10-20 15:11:57,381: nbed.driver: INFO: [0 1 2 3 4]
2025-10-20 15:11:57,381: nbed.driver: INFO: [5 6 7 8]
2025-10-20 15:11:57,381: nbed.driver: DEBUG: Calculating active and environment subsystem terms.
2025-10-20 15:11:57,381: nbed.driver: DEBUG: Finding subsystem RKS componenets.
2025-10-20 15:11:57,381: nbed.driver: DEBUG: (14, 14)
2025-10-20 15:11:57,397: nbed.driver: DEBUG: Subsystem RKS components found.
2025-10-20 15:11:57,397: nbed.driver: DEBUG: {e_act=}
2025-10-20 15:11:57,397: nbed.driver: DEBUG: {two_e_term=}
2025-10-20 15:11:57,397: nbed.driver: DEBUG: Finding subsystem RKS componenets.
2025-10-20 15:11:57,397: nbed.driver: DEBUG: (14, 14)
2025-10-20 15:11:57,414: nbed.driver: DEBUG: Subsystem RKS components found.
2025-10-20 15:11:57,414: nbed.driver: DEBUG: {e_act=}
2025-10-20 15:11:57,414: nbed.driver: DEBUG: {two_e_term=}
2025-10-20 15:11:57,414: nbed.driver: DEBUG: Calculating two electron cross subsystem energy.
2025-10-20 15:11:57,430: nbed.driver: DEBUG: j_cross=np.float64(25.920450648628197)
2025-10-20 15:11:57,430: nbed.driver: DEBUG: e_xc_total=np.float64(-15.570582047194044)
2025-10-20 15:11:57,430: nbed.driver: DEBUG: two_e_act.exc=np.float64(-9.375640421933648)
2025-10-20 15:11:57,430: nbed.driver: DEBUG: two_e_env.exc=np.float64(-6.032852632789183)
2025-10-20 15:11:57,430: nbed.driver: DEBUG: RKS components
2025-10-20 15:11:57,430: nbed.driver: DEBUG: e_act: -109.77361544371404
2025-10-20 15:11:57,430: nbed.driver: DEBUG: e_env: -70.13756509795915
2025-10-20 15:11:57,430: nbed.driver: DEBUG: two_e_cross: 25.758361656156985
2025-10-20 15:11:57,430: nbed.driver: DEBUG: e_nuc: 39.9767716969976
2025-10-20 15:11:57,430: nbed.driver: DEBUG: Getting global DFT potential to optimize embedded calc in.
2025-10-20 15:11:57,463: nbed.driver: INFO: DFT potential average 0.4563204852074258.
2025-10-20 15:11:57,463: nbed.driver: DEBUG: Runnning embedding with mu projector.
2025-10-20 15:11:57,463: nbed.driver: DEBUG: Constructing localised RHF object.
2025-10-20 15:11:57,463: nbed.driver: DEBUG: Constructing molecule.
2025-10-20 15:11:57,463: nbed.driver: INFO: Input geometry is not an existing file. Assumng raw xyz input.
2025-10-20 15:11:57,463: nbed.driver: INFO: Input geometry: 6

O 0.0000000 -1.4330000 0.0000000
H -0.9620000 -1.6700000 0.0000000
C 0.0000000 0.0000000 0.0000000
H -0.4900000 0.4170000 0.8860000
H 1.0400000 0.3310000 0.0000000
H -0.4900000 0.4170000 -0.8860000
2025-10-20 15:11:57,464: nbed.driver: DEBUG: Molecule built.
2025-10-20 15:11:57,465: nbed.driver: DEBUG: Running embedded scf calculation.
2025-10-20 15:11:57,495: nbed.driver: INFO: Embedded scf energy MU_SHIFT: -43.64476878524836, converged: True
2025-10-20 15:11:57,495: nbed.driver: DEBUG: Deleting environment from SCF object.
2025-10-20 15:11:57,495: nbed.driver: DEBUG: Deleting environment for spin.
2025-10-20 15:11:57,495: nbed.driver: INFO: Orbital indices for embedded system: [0, 1, 2, 3, 4, 5, 6, 7, 8, 9]
2025-10-20 15:11:57,495: nbed.driver: INFO: Orbital indices removed from embedded system: [10, 11, 12, 13]
2025-10-20 15:11:57,495: nbed.driver: DEBUG: Spin environment deleted.
2025-10-20 15:11:57,495: nbed.driver: DEBUG: Environment deleted.
2025-10-20 15:11:57,495: nbed.driver: INFO: V emb mean mu: 149884.79109461783
2025-10-20 15:11:57,495: nbed.driver: INFO: RHF energy: -113.81471910858309
2025-10-20 15:11:57,495: nbed.driver: DEBUG: Classical energy: -30.193178626337122
2025-10-20 15:11:57,495: nbed.driver: DEBUG: Performing virtual localization.
2025-10-20 15:11:57,495: nbed.localizers.spade: DEBUG: Localising virtual orbital spin with concentric localization.
2025-10-20 15:11:57,495: nbed.localizers.spade: DEBUG: Creating projected molecule object.
2025-10-20 15:11:57,496: nbed.localizers.spade: DEBUG: n_act_proj_aos=np.int64(6)
2025-10-20 15:11:57,496: nbed.localizers.spade: DEBUG: N effective virtuals: (14, 5)
2025-10-20 15:11:57,496: nbed.localizers.spade: DEBUG: Singular values: [9.95588194e-01 2.15549267e-01 6.06349721e-03 2.59828975e-03
 1.34583201e-08]
2025-10-20 15:11:57,496: nbed.localizers.spade: DEBUG: Initial c_total.shape=(14, 5) (nocc)
2025-10-20 15:11:57,496: nbed.localizers.spade: DEBUG: shell_size=np.int64(5)
2025-10-20 15:11:57,497: nbed.localizers.spade: DEBUG: v_span.shape=(5, 5)
2025-10-20 15:11:57,497: nbed.localizers.spade: DEBUG: v_ker.shape=(5, 0)
2025-10-20 15:11:57,497: nbed.localizers.spade: DEBUG: Created 0th shell.
2025-10-20 15:11:57,497: nbed.localizers.spade: DEBUG: No kernel for 0th shell, cannot perform CL.
2025-10-20 15:11:57,497: nbed.localizers.spade: DEBUG: This is expected for molecules with majority active MOs occupied.
2025-10-20 15:11:57,497: nbed.driver: INFO: Embedding complete.
2025-10-20 15:11:57,497: nbed.driver: DEBUG: Driver initialisation complete.
2025-10-20 15:11:57,497: nbed.driver: DEBUG: Starting embedded CCSD calculation.
2025-10-20 15:11:57,512: nbed.driver: INFO: Embedded CCSD energy: -0.05792193661898626
2025-10-20 15:11:57,752: nbed.driver: DEBUG: Initialising driver.
2025-10-20 15:11:57,752: nbed.driver: DEBUG: Constructing molecule.
2025-10-20 15:11:57,752: nbed.driver: INFO: Input geometry is not an existing file. Assumng raw xyz input.
2025-10-20 15:11:57,752: nbed.driver: INFO: Input geometry: 6

O 0.0000000 -1.4330000 0.0000000
H -0.9620000 -1.6700000 0.0000000
C 0.0000000 0.0000000 0.0000000
H -0.4900000 0.4170000 0.8860000
H 1.0400000 0.3310000 0.0000000
H -0.4900000 0.4170000 -0.8860000
2025-10-20 15:11:57,754: nbed.driver: DEBUG: Molecule built.
2025-10-20 15:11:57,754: nbed.driver: DEBUG: Number of active atoms valid.
2025-10-20 15:11:57,754: nbed.driver: DEBUG: Closed shells, using restricted SCF.
2025-10-20 15:11:57,754: nbed.driver: DEBUG: Embedding molecule.
2025-10-20 15:11:57,754: nbed.driver: DEBUG: Getting localized system using spade.
2025-10-20 15:11:57,754: nbed.driver: DEBUG: Running full system KS DFT.
2025-10-20 15:11:57,754: nbed.driver: DEBUG: Constructing molecule.
2025-10-20 15:11:57,754: nbed.driver: INFO: Input geometry is not an existing file. Assumng raw xyz input.
2025-10-20 15:11:57,754: nbed.driver: INFO: Input geometry: 6

O 0.0000000 -1.4330000 0.0000000
H -0.9620000 -1.6700000 0.0000000
C 0.0000000 0.0000000 0.0000000
H -0.4900000 0.4170000 0.8860000
H 1.0400000 0.3310000 0.0000000
H -0.4900000 0.4170000 -0.8860000
2025-10-20 15:11:57,756: nbed.driver: DEBUG: Molecule built.
2025-10-20 15:11:57,966: nbed.driver: INFO: Global RKS: -114.1760471885187
2025-10-20 15:11:57,966: nbed.localizers.base: DEBUG: Initialising Localizer.
2025-10-20 15:11:57,966: nbed.localizers.spade: DEBUG: Localising with SPADE.
2025-10-20 15:11:57,966: nbed.localizers.spade: DEBUG: 6 active AOs.
2025-10-20 15:11:57,967: nbed.localizers.spade: DEBUG: Singular Values: [1.         0.99986443 0.99522317 0.98931679 0.74590951 0.03784544]
2025-10-20 15:11:57,967: nbed.localizers.spade: DEBUG: 5 active MOs.
2025-10-20 15:11:57,967: nbed.localizers.spade: DEBUG: 4 environment MOs.
2025-10-20 15:11:57,967: nbed.localizers.base: DEBUG: Localization complete.
2025-10-20 15:11:57,967: nbed.localizers.base: DEBUG: Localized orbitals:
2025-10-20 15:11:57,967: nbed.localizers.base: DEBUG: active_MO_inds: [0 1 2 3 4]
2025-10-20 15:11:57,967: nbed.localizers.base: DEBUG: beta_active_MO_inds: None
2025-10-20 15:11:57,967: nbed.localizers.base: DEBUG: enviro_MO_inds: [5 6 7 8]
2025-10-20 15:11:57,967: nbed.localizers.base: DEBUG: beta_enviro_MO_inds: None
2025-10-20 15:11:57,967: nbed.driver: INFO: Indices of embedded electrons:
2025-10-20 15:11:57,967: nbed.driver: INFO: [0 1 2 3 4]
2025-10-20 15:11:57,967: nbed.driver: INFO: [5 6 7 8]
2025-10-20 15:11:57,967: nbed.driver: DEBUG: Calculating active and environment subsystem terms.
2025-10-20 15:11:57,967: nbed.driver: DEBUG: Finding subsystem RKS componenets.
2025-10-20 15:11:57,967: nbed.driver: DEBUG: (14, 14)
2025-10-20 15:11:57,982: nbed.driver: DEBUG: Subsystem RKS components found.
2025-10-20 15:11:57,982: nbed.driver: DEBUG: {e_act=}
2025-10-20 15:11:57,982: nbed.driver: DEBUG: {two_e_term=}
2025-10-20 15:11:57,982: nbed.driver: DEBUG: Finding subsystem RKS componenets.
2025-10-20 15:11:57,982: nbed.driver: DEBUG: (14, 14)
2025-10-20 15:11:57,997: nbed.driver: DEBUG: Subsystem RKS components found.
2025-10-20 15:11:57,997: nbed.driver: DEBUG: {e_act=}
2025-10-20 15:11:57,997: nbed.driver: DEBUG: {two_e_term=}
2025-10-20 15:11:57,997: nbed.driver: DEBUG: Calculating two electron cross subsystem energy.
2025-10-20 15:11:58,012: nbed.driver: DEBUG: j_cross=np.float64(25.920450648628197)
2025-10-20 15:11:58,013: nbed.driver: DEBUG: e_xc_total=np.float64(-15.570582047194044)
2025-10-20 15:11:58,013: nbed.driver: DEBUG: two_e_act.exc=np.float64(-9.375640421933648)
2025-10-20 15:11:58,013: nbed.driver: DEBUG: two_e_env.exc=np.float64(-6.032852632789183)
2025-10-20 15:11:58,013: nbed.driver: DEBUG: RKS components
2025-10-20 15:11:58,013: nbed.driver: DEBUG: e_act: -109.77361544371404
2025-10-20 15:11:58,013: nbed.driver: DEBUG: e_env: -70.13756509795915
2025-10-20 15:11:58,013: nbed.driver: DEBUG: two_e_cross: 25.758361656156985
2025-10-20 15:11:58,013: nbed.driver: DEBUG: e_nuc: 39.9767716969976
2025-10-20 15:11:58,013: nbed.driver: DEBUG: Getting global DFT potential to optimize embedded calc in.
2025-10-20 15:11:58,044: nbed.driver: INFO: DFT potential average 0.4563204852074258.
2025-10-20 15:11:58,044: nbed.driver: DEBUG: Runnning embedding with mu projector.
2025-10-20 15:11:58,044: nbed.driver: DEBUG: Constructing localised RHF object.
2025-10-20 15:11:58,044: nbed.driver: DEBUG: Constructing molecule.
2025-10-20 15:11:58,044: nbed.driver: INFO: Input geometry is not an existing file. Assumng raw xyz input.
2025-10-20 15:11:58,044: nbed.driver: INFO: Input geometry: 6

O 0.0000000 -1.4330000 0.0000000
H -0.9620000 -1.6700000 0.0000000
C 0.0000000 0.0000000 0.0000000
H -0.4900000 0.4170000 0.8860000
H 1.0400000 0.3310000 0.0000000
H -0.4900000 0.4170000 -0.8860000
2025-10-20 15:11:58,046: nbed.driver: DEBUG: Molecule built.
2025-10-20 15:11:58,046: nbed.driver: DEBUG: Running embedded scf calculation.
2025-10-20 15:11:58,074: nbed.driver: INFO: Embedded scf energy MU_SHIFT: -43.64476878524836, converged: True
2025-10-20 15:11:58,074: nbed.driver: DEBUG: Deleting environment from SCF object.
2025-10-20 15:11:58,074: nbed.driver: DEBUG: Deleting environment for spin.
2025-10-20 15:11:58,074: nbed.driver: INFO: Orbital indices for embedded system: [0, 1, 2, 3, 4, 5, 6, 7, 8, 9]
2025-10-20 15:11:58,074: nbed.driver: INFO: Orbital indices removed from embedded system: [10, 11, 12, 13]
2025-10-20 15:11:58,074: nbed.driver: DEBUG: Spin environment deleted.
2025-10-20 15:11:58,074: nbed.driver: DEBUG: Environment deleted.
2025-10-20 15:11:58,074: nbed.driver: INFO: V emb mean mu: 149884.79109461783
2025-10-20 15:11:58,074: nbed.driver: INFO: RHF energy: -113.81471910858309
2025-10-20 15:11:58,074: nbed.driver: DEBUG: Classical energy: -30.193178626337122
2025-10-20 15:11:58,074: nbed.driver: DEBUG: Performing virtual localization.
2025-10-20 15:11:58,074: nbed.localizers.spade: DEBUG: Localising virtual orbital spin with concentric localization.
2025-10-20 15:11:58,074: nbed.localizers.spade: DEBUG: Creating projected molecule object.
2025-10-20 15:11:58,076: nbed.localizers.spade: DEBUG: n_act_proj_aos=np.int64(6)
2025-10-20 15:11:58,076: nbed.localizers.spade: DEBUG: N effective virtuals: (14, 5)
2025-10-20 15:11:58,076: nbed.localizers.spade: DEBUG: Singular values: [9.95588194e-01 2.15549267e-01 6.06349721e-03 2.59828975e-03
 1.34583201e-08]
2025-10-20 15:11:58,076: nbed.localizers.spade: DEBUG: Initial c_total.shape=(14, 5) (nocc)
2025-10-20 15:11:58,076: nbed.localizers.spade: DEBUG: shell_size=np.int64(5)
2025-10-20 15:11:58,076: nbed.localizers.spade: DEBUG: v_span.shape=(5, 5)
2025-10-20 15:11:58,076: nbed.localizers.spade: DEBUG: v_ker.shape=(5, 0)
2025-10-20 15:11:58,076: nbed.localizers.spade: DEBUG: Created 0th shell.
2025-10-20 15:11:58,076: nbed.localizers.spade: DEBUG: No kernel for 0th shell, cannot perform CL.
2025-10-20 15:11:58,076: nbed.localizers.spade: DEBUG: This is expected for molecules with majority active MOs occupied.
2025-10-20 15:11:58,076: nbed.driver: INFO: Embedding complete.
2025-10-20 15:11:58,076: nbed.driver: DEBUG: Driver initialisation complete.
2025-10-20 15:11:58,076: nbed.driver: DEBUG: Starting embedded CCSD calculation.
2025-10-20 15:11:58,090: nbed.driver: INFO: Embedded CCSD energy: -0.05792193661898626
2025-10-20 15:11:58,342: nbed.driver: DEBUG: Initialising driver.
2025-10-20 15:11:58,342: nbed.driver: DEBUG: Constructing molecule.
2025-10-20 15:11:58,342: nbed.driver: INFO: Input geometry is not an existing file. Assumng raw xyz input.
2025-10-20 15:11:58,342: nbed.driver: INFO: Input geometry: 6

O 0.0000000 -1.4330000 0.0000000
H -0.9620000 -1.6700000 0.0000000
C 0.0000000 0.0000000 0.0000000
H -0.4900000 0.4170000 0.8860000
H 1.0400000 0.3310000 0.0000000
H -0.4900000 0.4170000 -0.8860000
2025-10-20 15:11:58,343: nbed.driver: DEBUG: Molecule built.
2025-10-20 15:11:58,343: nbed.driver: DEBUG: Number of active atoms valid.
2025-10-20 15:11:58,343: nbed.driver: DEBUG: Closed shells, using restricted SCF.
2025-10-20 15:11:58,343: nbed.driver: DEBUG: Embedding molecule.
2025-10-20 15:11:58,343: nbed.driver: DEBUG: Getting localized system using spade.
2025-10-20 15:11:58,343: nbed.driver: DEBUG: Running full system KS DFT.
2025-10-20 15:11:58,343: nbed.driver: DEBUG: Constructing molecule.
2025-10-20 15:11:58,343: nbed.driver: INFO: Input geometry is not an existing file. Assumng raw xyz input.
2025-10-20 15:11:58,343: nbed.driver: INFO: Input geometry: 6

O 0.0000000 -1.4330000 0.0000000
H -0.9620000 -1.6700000 0.0000000
C 0.0000000 0.0000000 0.0000000
H -0.4900000 0.4170000 0.8860000
H 1.0400000 0.3310000 0.0000000
H -0.4900000 0.4170000 -0.8860000
2025-10-20 15:11:58,344: nbed.driver: DEBUG: Molecule built.
2025-10-20 15:11:58,558: nbed.driver: INFO: Global RKS: -114.1760471885187
2025-10-20 15:11:58,558: nbed.localizers.base: DEBUG: Initialising Localizer.
2025-10-20 15:11:58,558: nbed.localizers.spade: DEBUG: Localising with SPADE.
2025-10-20 15:11:58,558: nbed.localizers.spade: DEBUG: 6 active AOs.
2025-10-20 15:11:58,559: nbed.localizers.spade: DEBUG: Singular Values: [1.         0.99986443 0.99522317 0.98931679 0.74590951 0.03784544]
2025-10-20 15:11:58,559: nbed.localizers.spade: DEBUG: 5 active MOs.
2025-10-20 15:11:58,559: nbed.localizers.spade: DEBUG: 4 environment MOs.
2025-10-20 15:11:58,559: nbed.localizers.base: DEBUG: Localization complete.
2025-10-20 15:11:58,559: nbed.localizers.base: DEBUG: Localized orbitals:
2025-10-20 15:11:58,559: nbed.localizers.base: DEBUG: active_MO_inds: [0 1 2 3 4]
2025-10-20 15:11:58,559: nbed.localizers.base: DEBUG: beta_active_MO_inds: None
2025-10-20 15:11:58,559: nbed.localizers.base: DEBUG: enviro_MO_inds: [5 6 7 8]
2025-10-20 15:11:58,559: nbed.localizers.base: DEBUG: beta_enviro_MO_inds: None
2025-10-20 15:11:58,559: nbed.driver: INFO: Indices of embedded electrons:
2025-10-20 15:11:58,559: nbed.driver: INFO: [0 1 2 3 4]
2025-10-20 15:11:58,559: nbed.driver: INFO: [5 6 7 8]
2025-10-20 15:11:58,559: nbed.driver: DEBUG: Calculating active and environment subsystem terms.
2025-10-20 15:11:58,559: nbed.driver: DEBUG: Finding subsystem RKS componenets.
2025-10-20 15:11:58,559: nbed.driver: DEBUG: (14, 14)
2025-10-20 15:11:58,575: nbed.driver: DEBUG: Subsystem RKS components found.
2025-10-20 15:11:58,575: nbed.driver: DEBUG: {e_act=}
2025-10-20 15:11:58,575: nbed.driver: DEBUG: {two_e_term=}
2025-10-20 15:11:58,575: nbed.driver: DEBUG: Finding subsystem RKS componenets.
2025-10-20 15:11:58,575: nbed.driver: DEBUG: (14, 14)
2025-10-20 15:11:58,591: nbed.driver: DEBUG: Subsystem RKS components found.
2025-10-20 15:11:58,591: nbed.driver: DEBUG: {e_act=}
2025-10-20 15:11:58,591: nbed.driver: DEBUG: {two_e_term=}
2025-10-20 15:11:58,591: nbed.driver: DEBUG: Calculating two electron cross subsystem energy.
2025-10-20 15:11:58,608: nbed.driver: DEBUG: j_cross=np.float64(25.920450648628197)
2025-10-20 15:11:58,608: nbed.driver: DEBUG: e_xc_total=np.float64(-15.570582047194044)
2025-10-20 15:11:58,608: nbed.driver: DEBUG: two_e_act.exc=np.float64(-9.375640421933648)
2025-10-20 15:11:58,608: nbed.driver: DEBUG: two_e_env.exc=np.float64(-6.032852632789183)
2025-10-20 15:11:58,608: nbed.driver: DEBUG: RKS components
2025-10-20 15:11:58,608: nbed.driver: DEBUG: e_act: -109.77361544371404
2025-10-20 15:11:58,608: nbed.driver: DEBUG: e_env: -70.13756509795915
2025-10-20 15:11:58,608: nbed.driver: DEBUG: two_e_cross: 25.758361656156985
2025-10-20 15:11:58,608: nbed.driver: DEBUG: e_nuc: 39.9767716969976
2025-10-20 15:11:58,608: nbed.driver: DEBUG: Getting global DFT potential to optimize embedded calc in.
2025-10-20 15:11:58,639: nbed.driver: INFO: DFT potential average 0.4563204852074258.
2025-10-20 15:11:58,639: nbed.driver: DEBUG: Runnning embedding with mu projector.
2025-10-20 15:11:58,639: nbed.driver: DEBUG: Constructing localised RHF object.
2025-10-20 15:11:58,639: nbed.driver: DEBUG: Constructing molecule.
2025-10-20 15:11:58,639: nbed.driver: INFO: Input geometry is not an existing file. Assumng raw xyz input.
2025-10-20 15:11:58,639: nbed.driver: INFO: Input geometry: 6

O 0.0000000 -1.4330000 0.0000000
H -0.9620000 -1.6700000 0.0000000
C 0.0000000 0.0000000 0.0000000
H -0.4900000 0.4170000 0.8860000
H 1.0400000 0.3310000 0.0000000
H -0.4900000 0.4170000 -0.8860000
2025-10-20 15:11:58,641: nbed.driver: DEBUG: Molecule built.
2025-10-20 15:11:58,641: nbed.driver: DEBUG: Running embedded scf calculation.
2025-10-20 15:11:58,669: nbed.driver: INFO: Embedded scf energy MU_SHIFT: -43.64476878524836, converged: True
2025-10-20 15:11:58,669: nbed.driver: DEBUG: Deleting environment from SCF object.
2025-10-20 15:11:58,669: nbed.driver: DEBUG: Deleting environment for spin.
2025-10-20 15:11:58,669: nbed.driver: INFO: Orbital indices for embedded system: [0, 1, 2, 3, 4, 5, 6, 7, 8, 9]
2025-10-20 15:11:58,669: nbed.driver: INFO: Orbital indices removed from embedded system: [10, 11, 12, 13]
2025-10-20 15:11:58,669: nbed.driver: DEBUG: Spin environment deleted.
2025-10-20 15:11:58,669: nbed.driver: DEBUG: Environment deleted.
2025-10-20 15:11:58,669: nbed.driver: INFO: V emb mean mu: 149884.79109461783
2025-10-20 15:11:58,669: nbed.driver: INFO: RHF energy: -113.81471910858309
2025-10-20 15:11:58,669: nbed.driver: DEBUG: Classical energy: -30.193178626337122
2025-10-20 15:11:58,669: nbed.driver: DEBUG: Performing virtual localization.
2025-10-20 15:11:58,669: nbed.localizers.spade: DEBUG: Localising virtual orbital spin with concentric localization.
2025-10-20 15:11:58,669: nbed.localizers.spade: DEBUG: Creating projected molecule object.
2025-10-20 15:11:58,671: nbed.localizers.spade: DEBUG: n_act_proj_aos=np.int64(6)
2025-10-20 15:11:58,671: nbed.localizers.spade: DEBUG: N effective virtuals: (14, 5)
2025-10-20 15:11:58,671: nbed.localizers.spade: DEBUG: Singular values: [9.95588194e-01 2.15549267e-01 6.06349721e-03 2.59828975e-03
 1.34583201e-08]
2025-10-20 15:11:58,671: nbed.localizers.spade: DEBUG: Initial c_total.shape=(14, 5) (nocc)
2025-10-20 15:11:58,671: nbed.localizers.spade: DEBUG: shell_size=np.int64(5)
2025-10-20 15:11:58,671: nbed.localizers.spade: DEBUG: v_span.shape=(5, 5)
2025-10-20 15:11:58,671: nbed.localizers.spade: DEBUG: v_ker.shape=(5, 0)
2025-10-20 15:11:58,671: nbed.localizers.spade: DEBUG: Created 0th shell.
2025-10-20 15:11:58,671: nbed.localizers.spade: DEBUG: No kernel for 0th shell, cannot perform CL.
2025-10-20 15:11:58,671: nbed.localizers.spade: DEBUG: This is expected for molecules with majority active MOs occupied.
2025-10-20 15:11:58,671: nbed.driver: INFO: Embedding complete.
2025-10-20 15:11:58,671: nbed.driver: DEBUG: Driver initialisation complete.
2025-10-20 15:11:58,671: nbed.driver: DEBUG: Starting embedded CCSD calculation.
2025-10-20 15:11:58,684: nbed.driver: INFO: Embedded CCSD energy: -0.05792193661898626
2025-10-20 15:11:58,923: nbed.driver: DEBUG: Initialising driver.
2025-10-20 15:11:58,923: nbed.driver: DEBUG: Constructing molecule.
2025-10-20 15:11:58,923: nbed.driver: INFO: Input geometry is not an existing file. Assumng raw xyz input.
2025-10-20 15:11:58,923: nbed.driver: INFO: Input geometry: 6

O 0.0000000 -1.4330000 0.0000000
H -0.9620000 -1.6700000 0.0000000
C 0.0000000 0.0000000 0.0000000
H -0.4900000 0.4170000 0.8860000
H 1.0400000 0.3310000 0.0000000
H -0.4900000 0.4170000 -0.8860000
2025-10-20 15:11:58,925: nbed.driver: DEBUG: Molecule built.
2025-10-20 15:11:58,925: nbed.driver: DEBUG: Number of active atoms valid.
2025-10-20 15:11:58,925: nbed.driver: DEBUG: Closed shells, using restricted SCF.
2025-10-20 15:11:58,925: nbed.driver: DEBUG: Embedding molecule.
2025-10-20 15:11:58,925: nbed.driver: DEBUG: Getting localized system using spade.
2025-10-20 15:11:58,925: nbed.driver: DEBUG: Running full system KS DFT.
2025-10-20 15:11:58,925: nbed.driver: DEBUG: Constructing molecule.
2025-10-20 15:11:58,925: nbed.driver: INFO: Input geometry is not an existing file. Assumng raw xyz input.
2025-10-20 15:11:58,925: nbed.driver: INFO: Input geometry: 6

O 0.0000000 -1.4330000 0.0000000
H -0.9620000 -1.6700000 0.0000000
C 0.0000000 0.0000000 0.0000000
H -0.4900000 0.4170000 0.8860000
H 1.0400000 0.3310000 0.0000000
H -0.4900000 0.4170000 -0.8860000
2025-10-20 15:11:58,926: nbed.driver: DEBUG: Molecule built.
2025-10-20 15:11:59,135: nbed.driver: INFO: Global RKS: -114.1760471885187
2025-10-20 15:11:59,135: nbed.localizers.base: DEBUG: Initialising Localizer.
2025-10-20 15:11:59,135: nbed.localizers.spade: DEBUG: Localising with SPADE.
2025-10-20 15:11:59,135: nbed.localizers.spade: DEBUG: 6 active AOs.
2025-10-20 15:11:59,135: nbed.localizers.spade: DEBUG: Singular Values: [1.         0.99986443 0.99522317 0.98931679 0.74590951 0.03784544]
2025-10-20 15:11:59,135: nbed.localizers.spade: DEBUG: 5 active MOs.
2025-10-20 15:11:59,135: nbed.localizers.spade: DEBUG: 4 environment MOs.
2025-10-20 15:11:59,135: nbed.localizers.base: DEBUG: Localization complete.
2025-10-20 15:11:59,135: nbed.localizers.base: DEBUG: Localized orbitals:
2025-10-20 15:11:59,135: nbed.localizers.base: DEBUG: active_MO_inds: [0 1 2 3 4]
2025-10-20 15:11:59,135: nbed.localizers.base: DEBUG: beta_active_MO_inds: None
2025-10-20 15:11:59,136: nbed.localizers.base: DEBUG: enviro_MO_inds: [5 6 7 8]
2025-10-20 15:11:59,136: nbed.localizers.base: DEBUG: beta_enviro_MO_inds: None
2025-10-20 15:11:59,136: nbed.driver: INFO: Indices of embedded electrons:
2025-10-20 15:11:59,136: nbed.driver: INFO: [0 1 2 3 4]
2025-10-20 15:11:59,136: nbed.driver: INFO: [5 6 7 8]
2025-10-20 15:11:59,136: nbed.driver: DEBUG: Calculating active and environment subsystem terms.
2025-10-20 15:11:59,136: nbed.driver: DEBUG: Finding subsystem RKS componenets.
2025-10-20 15:11:59,136: nbed.driver: DEBUG: (14, 14)
2025-10-20 15:11:59,151: nbed.driver: DEBUG: Subsystem RKS components found.
2025-10-20 15:11:59,151: nbed.driver: DEBUG: {e_act=}
2025-10-20 15:11:59,151: nbed.driver: DEBUG: {two_e_term=}
2025-10-20 15:11:59,151: nbed.driver: DEBUG: Finding subsystem RKS componenets.
2025-10-20 15:11:59,151: nbed.driver: DEBUG: (14, 14)
2025-10-20 15:11:59,166: nbed.driver: DEBUG: Subsystem RKS components found.
2025-10-20 15:11:59,166: nbed.driver: DEBUG: {e_act=}
2025-10-20 15:11:59,166: nbed.driver: DEBUG: {two_e_term=}
2025-10-20 15:11:59,167: nbed.driver: DEBUG: Calculating two electron cross subsystem energy.
2025-10-20 15:11:59,182: nbed.driver: DEBUG: j_cross=np.float64(25.920450648628197)
2025-10-20 15:11:59,182: nbed.driver: DEBUG: e_xc_total=np.float64(-15.570582047194044)
2025-10-20 15:11:59,182: nbed.driver: DEBUG: two_e_act.exc=np.float64(-9.375640421933648)
2025-10-20 15:11:59,182: nbed.driver: DEBUG: two_e_env.exc=np.float64(-6.032852632789183)
2025-10-20 15:11:59,182: nbed.driver: DEBUG: RKS components
2025-10-20 15:11:59,182: nbed.driver: DEBUG: e_act: -109.77361544371404
2025-10-20 15:11:59,182: nbed.driver: DEBUG: e_env: -70.13756509795915
2025-10-20 15:11:59,182: nbed.driver: DEBUG: two_e_cross: 25.758361656156985
2025-10-20 15:11:59,182: nbed.driver: DEBUG: e_nuc: 39.9767716969976
2025-10-20 15:11:59,182: nbed.driver: DEBUG: Getting global DFT potential to optimize embedded calc in.
2025-10-20 15:11:59,213: nbed.driver: INFO: DFT potential average 0.4563204852074258.
2025-10-20 15:11:59,213: nbed.driver: DEBUG: Runnning embedding with mu projector.
2025-10-20 15:11:59,213: nbed.driver: DEBUG: Constructing localised RHF object.
2025-10-20 15:11:59,213: nbed.driver: DEBUG: Constructing molecule.
2025-10-20 15:11:59,213: nbed.driver: INFO: Input geometry is not an existing file. Assumng raw xyz input.
2025-10-20 15:11:59,213: nbed.driver: INFO: Input geometry: 6

O 0.0000000 -1.4330000 0.0000000
H -0.9620000 -1.6700000 0.0000000
C 0.0000000 0.0000000 0.0000000
H -0.4900000 0.4170000 0.8860000
H 1.0400000 0.3310000 0.0000000
H -0.4900000 0.4170000 -0.8860000
2025-10-20 15:11:59,215: nbed.driver: DEBUG: Molecule built.
2025-10-20 15:11:59,215: nbed.driver: DEBUG: Running embedded scf calculation.
2025-10-20 15:11:59,243: nbed.driver: INFO: Embedded scf energy MU_SHIFT: -43.64476878524836, converged: True
2025-10-20 15:11:59,243: nbed.driver: DEBUG: Deleting environment from SCF object.
2025-10-20 15:11:59,243: nbed.driver: DEBUG: Deleting environment for spin.
2025-10-20 15:11:59,243: nbed.driver: INFO: Orbital indices for embedded system: [0, 1, 2, 3, 4, 5, 6, 7, 8, 9]
2025-10-20 15:11:59,243: nbed.driver: INFO: Orbital indices removed from embedded system: [10, 11, 12, 13]
2025-10-20 15:11:59,243: nbed.driver: DEBUG: Spin environment deleted.
2025-10-20 15:11:59,243: nbed.driver: DEBUG: Environment deleted.
2025-10-20 15:11:59,243: nbed.driver: INFO: V emb mean mu: 149884.79109461783
2025-10-20 15:11:59,243: nbed.driver: INFO: RHF energy: -113.81471910858309
2025-10-20 15:11:59,243: nbed.driver: DEBUG: Classical energy: -30.193178626337122
2025-10-20 15:11:59,243: nbed.driver: DEBUG: Performing virtual localization.
2025-10-20 15:11:59,243: nbed.localizers.spade: DEBUG: Localising virtual orbital spin with concentric localization.
2025-10-20 15:11:59,243: nbed.localizers.spade: DEBUG: Creating projected molecule object.
2025-10-20 15:11:59,245: nbed.localizers.spade: DEBUG: n_act_proj_aos=np.int64(6)
2025-10-20 15:11:59,245: nbed.localizers.spade: DEBUG: N effective virtuals: (14, 5)
2025-10-20 15:11:59,245: nbed.localizers.spade: DEBUG: Singular values: [9.95588194e-01 2.15549267e-01 6.06349721e-03 2.59828975e-03
 1.34583201e-08]
2025-10-20 15:11:59,245: nbed.localizers.spade: DEBUG: Initial c_total.shape=(14, 5) (nocc)
2025-10-20 15:11:59,245: nbed.localizers.spade: DEBUG: shell_size=np.int64(5)
2025-10-20 15:11:59,245: nbed.localizers.spade: DEBUG: v_span.shape=(5, 5)
2025-10-20 15:11:59,245: nbed.localizers.spade: DEBUG: v_ker.shape=(5, 0)
2025-10-20 15:11:59,245: nbed.localizers.spade: DEBUG: Created 0th shell.
2025-10-20 15:11:59,245: nbed.localizers.spade: DEBUG: No kernel for 0th shell, cannot perform CL.
2025-10-20 15:11:59,245: nbed.localizers.spade: DEBUG: This is expected for molecules with majority active MOs occupied.
2025-10-20 15:11:59,245: nbed.driver: INFO: Embedding complete.
2025-10-20 15:11:59,245: nbed.driver: DEBUG: Driver initialisation complete.
2025-10-20 15:11:59,245: nbed.driver: DEBUG: Starting embedded CCSD calculation.
2025-10-20 15:11:59,258: nbed.driver: INFO: Embedded CCSD energy: -0.05792193661898626
2025-10-20 15:11:59,495: nbed.driver: DEBUG: Initialising driver.
2025-10-20 15:11:59,495: nbed.driver: DEBUG: Constructing molecule.
2025-10-20 15:11:59,495: nbed.driver: INFO: Input geometry is not an existing file. Assumng raw xyz input.
2025-10-20 15:11:59,495: nbed.driver: INFO: Input geometry: 6

O 0.0000000 -1.4330000 0.0000000
H -0.9620000 -1.6700000 0.0000000
C 0.0000000 0.0000000 0.0000000
H -0.4900000 0.4170000 0.8860000
H 1.0400000 0.3310000 0.0000000
H -0.4900000 0.4170000 -0.8860000
2025-10-20 15:11:59,497: nbed.driver: DEBUG: Molecule built.
2025-10-20 15:11:59,497: nbed.driver: DEBUG: Number of active atoms valid.
2025-10-20 15:11:59,497: nbed.driver: DEBUG: Closed shells, using restricted SCF.
2025-10-20 15:11:59,497: nbed.driver: DEBUG: Embedding molecule.
2025-10-20 15:11:59,497: nbed.driver: DEBUG: Getting localized system using spade.
2025-10-20 15:11:59,497: nbed.driver: DEBUG: Running full system KS DFT.
2025-10-20 15:11:59,497: nbed.driver: DEBUG: Constructing molecule.
2025-10-20 15:11:59,497: nbed.driver: INFO: Input geometry is not an existing file. Assumng raw xyz input.
2025-10-20 15:11:59,497: nbed.driver: INFO: Input geometry: 6

O 0.0000000 -1.4330000 0.0000000
H -0.9620000 -1.6700000 0.0000000
C 0.0000000 0.0000000 0.0000000
H -0.4900000 0.4170000 0.8860000
H 1.0400000 0.3310000 0.0000000
H -0.4900000 0.4170000 -0.8860000
2025-10-20 15:11:59,498: nbed.driver: DEBUG: Molecule built.
2025-10-20 15:11:59,705: nbed.driver: INFO: Global RKS: -114.1760471885187
2025-10-20 15:11:59,705: nbed.localizers.base: DEBUG: Initialising Localizer.
2025-10-20 15:11:59,705: nbed.localizers.spade: DEBUG: Localising with SPADE.
2025-10-20 15:11:59,705: nbed.localizers.spade: DEBUG: 6 active AOs.
2025-10-20 15:11:59,706: nbed.localizers.spade: DEBUG: Singular Values: [1.         0.99986443 0.99522317 0.98931679 0.74590951 0.03784544]
2025-10-20 15:11:59,706: nbed.localizers.spade: DEBUG: 5 active MOs.
2025-10-20 15:11:59,706: nbed.localizers.spade: DEBUG: 4 environment MOs.
2025-10-20 15:11:59,706: nbed.localizers.base: DEBUG: Localization complete.
2025-10-20 15:11:59,706: nbed.localizers.base: DEBUG: Localized orbitals:
2025-10-20 15:11:59,706: nbed.localizers.base: DEBUG: active_MO_inds: [0 1 2 3 4]
2025-10-20 15:11:59,706: nbed.localizers.base: DEBUG: beta_active_MO_inds: None
2025-10-20 15:11:59,706: nbed.localizers.base: DEBUG: enviro_MO_inds: [5 6 7 8]
2025-10-20 15:11:59,706: nbed.localizers.base: DEBUG: beta_enviro_MO_inds: None
2025-10-20 15:11:59,706: nbed.driver: INFO: Indices of embedded electrons:
2025-10-20 15:11:59,706: nbed.driver: INFO: [0 1 2 3 4]
2025-10-20 15:11:59,706: nbed.driver: INFO: [5 6 7 8]
2025-10-20 15:11:59,706: nbed.driver: DEBUG: Calculating active and environment subsystem terms.
2025-10-20 15:11:59,706: nbed.driver: DEBUG: Finding subsystem RKS componenets.
2025-10-20 15:11:59,706: nbed.driver: DEBUG: (14, 14)
2025-10-20 15:11:59,722: nbed.driver: DEBUG: Subsystem RKS components found.
2025-10-20 15:11:59,722: nbed.driver: DEBUG: {e_act=}
2025-10-20 15:11:59,722: nbed.driver: DEBUG: {two_e_term=}
2025-10-20 15:11:59,722: nbed.driver: DEBUG: Finding subsystem RKS componenets.
2025-10-20 15:11:59,722: nbed.driver: DEBUG: (14, 14)
2025-10-20 15:11:59,737: nbed.driver: DEBUG: Subsystem RKS components found.
2025-10-20 15:11:59,737: nbed.driver: DEBUG: {e_act=}
2025-10-20 15:11:59,737: nbed.driver: DEBUG: {two_e_term=}
2025-10-20 15:11:59,737: nbed.driver: DEBUG: Calculating two electron cross subsystem energy.
2025-10-20 15:11:59,752: nbed.driver: DEBUG: j_cross=np.float64(25.920450648628197)
2025-10-20 15:11:59,752: nbed.driver: DEBUG: e_xc_total=np.float64(-15.570582047194044)
2025-10-20 15:11:59,752: nbed.driver: DEBUG: two_e_act.exc=np.float64(-9.375640421933648)
2025-10-20 15:11:59,752: nbed.driver: DEBUG: two_e_env.exc=np.float64(-6.032852632789183)
2025-10-20 15:11:59,752: nbed.driver: DEBUG: RKS components
2025-10-20 15:11:59,752: nbed.driver: DEBUG: e_act: -109.77361544371404
2025-10-20 15:11:59,752: nbed.driver: DEBUG: e_env: -70.13756509795915
2025-10-20 15:11:59,752: nbed.driver: DEBUG: two_e_cross: 25.758361656156985
2025-10-20 15:11:59,752: nbed.driver: DEBUG: e_nuc: 39.9767716969976
2025-10-20 15:11:59,752: nbed.driver: DEBUG: Getting global DFT potential to optimize embedded calc in.
2025-10-20 15:11:59,783: nbed.driver: INFO: DFT potential average 0.4563204852074258.
2025-10-20 15:11:59,783: nbed.driver: DEBUG: Runnning embedding with mu projector.
2025-10-20 15:11:59,783: nbed.driver: DEBUG: Constructing localised RHF object.
2025-10-20 15:11:59,783: nbed.driver: DEBUG: Constructing molecule.
2025-10-20 15:11:59,783: nbed.driver: INFO: Input geometry is not an existing file. Assumng raw xyz input.
2025-10-20 15:11:59,783: nbed.driver: INFO: Input geometry: 6

O 0.0000000 -1.4330000 0.0000000
H -0.9620000 -1.6700000 0.0000000
C 0.0000000 0.0000000 0.0000000
H -0.4900000 0.4170000 0.8860000
H 1.0400000 0.3310000 0.0000000
H -0.4900000 0.4170000 -0.8860000
2025-10-20 15:11:59,784: nbed.driver: DEBUG: Molecule built.
2025-10-20 15:11:59,785: nbed.driver: DEBUG: Running embedded scf calculation.
2025-10-20 15:11:59,812: nbed.driver: INFO: Embedded scf energy MU_SHIFT: -43.64476878524836, converged: True
2025-10-20 15:11:59,812: nbed.driver: DEBUG: Deleting environment from SCF object.
2025-10-20 15:11:59,812: nbed.driver: DEBUG: Deleting environment for spin.
2025-10-20 15:11:59,812: nbed.driver: INFO: Orbital indices for embedded system: [0, 1, 2, 3, 4, 5, 6, 7, 8, 9]
2025-10-20 15:11:59,812: nbed.driver: INFO: Orbital indices removed from embedded system: [10, 11, 12, 13]
2025-10-20 15:11:59,812: nbed.driver: DEBUG: Spin environment deleted.
2025-10-20 15:11:59,812: nbed.driver: DEBUG: Environment deleted.
2025-10-20 15:11:59,812: nbed.driver: INFO: V emb mean mu: 149884.79109461783
2025-10-20 15:11:59,813: nbed.driver: INFO: RHF energy: -113.81471910858309
2025-10-20 15:11:59,813: nbed.driver: DEBUG: Classical energy: -30.193178626337122
2025-10-20 15:11:59,813: nbed.driver: DEBUG: Performing virtual localization.
2025-10-20 15:11:59,813: nbed.localizers.spade: DEBUG: Localising virtual orbital spin with concentric localization.
2025-10-20 15:11:59,813: nbed.localizers.spade: DEBUG: Creating projected molecule object.
2025-10-20 15:11:59,814: nbed.localizers.spade: DEBUG: n_act_proj_aos=np.int64(6)
2025-10-20 15:11:59,814: nbed.localizers.spade: DEBUG: N effective virtuals: (14, 5)
2025-10-20 15:11:59,814: nbed.localizers.spade: DEBUG: Singular values: [9.95588194e-01 2.15549267e-01 6.06349721e-03 2.59828975e-03
 1.34583201e-08]
2025-10-20 15:11:59,814: nbed.localizers.spade: DEBUG: Initial c_total.shape=(14, 5) (nocc)
2025-10-20 15:11:59,814: nbed.localizers.spade: DEBUG: shell_size=np.int64(5)
2025-10-20 15:11:59,814: nbed.localizers.spade: DEBUG: v_span.shape=(5, 5)
2025-10-20 15:11:59,814: nbed.localizers.spade: DEBUG: v_ker.shape=(5, 0)
2025-10-20 15:11:59,814: nbed.localizers.spade: DEBUG: Created 0th shell.
2025-10-20 15:11:59,814: nbed.localizers.spade: DEBUG: No kernel for 0th shell, cannot perform CL.
2025-10-20 15:11:59,814: nbed.localizers.spade: DEBUG: This is expected for molecules with majority active MOs occupied.
2025-10-20 15:11:59,814: nbed.driver: INFO: Embedding complete.
2025-10-20 15:11:59,814: nbed.driver: DEBUG: Driver initialisation complete.
2025-10-20 15:11:59,815: nbed.driver: DEBUG: Starting embedded CCSD calculation.
2025-10-20 15:11:59,829: nbed.driver: INFO: Embedded CCSD energy: -0.05792193661898626
2025-10-20 15:12:00,065: nbed.driver: DEBUG: Initialising driver.
2025-10-20 15:12:00,065: nbed.driver: DEBUG: Constructing molecule.
2025-10-20 15:12:00,065: nbed.driver: INFO: Input geometry is not an existing file. Assumng raw xyz input.
2025-10-20 15:12:00,065: nbed.driver: INFO: Input geometry: 6

O 0.0000000 -1.4330000 0.0000000
H -0.9620000 -1.6700000 0.0000000
C 0.0000000 0.0000000 0.0000000
H -0.4900000 0.4170000 0.8860000
H 1.0400000 0.3310000 0.0000000
H -0.4900000 0.4170000 -0.8860000
2025-10-20 15:12:00,066: nbed.driver: DEBUG: Molecule built.
2025-10-20 15:12:00,066: nbed.driver: DEBUG: Number of active atoms valid.
2025-10-20 15:12:00,066: nbed.driver: DEBUG: Closed shells, using restricted SCF.
2025-10-20 15:12:00,066: nbed.driver: DEBUG: Embedding molecule.
2025-10-20 15:12:00,066: nbed.driver: DEBUG: Getting localized system using spade.
2025-10-20 15:12:00,066: nbed.driver: DEBUG: Running full system KS DFT.
2025-10-20 15:12:00,066: nbed.driver: DEBUG: Constructing molecule.
2025-10-20 15:12:00,066: nbed.driver: INFO: Input geometry is not an existing file. Assumng raw xyz input.
2025-10-20 15:12:00,066: nbed.driver: INFO: Input geometry: 6

O 0.0000000 -1.4330000 0.0000000
H -0.9620000 -1.6700000 0.0000000
C 0.0000000 0.0000000 0.0000000
H -0.4900000 0.4170000 0.8860000
H 1.0400000 0.3310000 0.0000000
H -0.4900000 0.4170000 -0.8860000
2025-10-20 15:12:00,068: nbed.driver: DEBUG: Molecule built.
2025-10-20 15:12:00,272: nbed.driver: INFO: Global RKS: -114.1760471885187
2025-10-20 15:12:00,272: nbed.localizers.base: DEBUG: Initialising Localizer.
2025-10-20 15:12:00,272: nbed.localizers.spade: DEBUG: Localising with SPADE.
2025-10-20 15:12:00,273: nbed.localizers.spade: DEBUG: 6 active AOs.
2025-10-20 15:12:00,273: nbed.localizers.spade: DEBUG: Singular Values: [1.         0.99986443 0.99522317 0.98931679 0.74590951 0.03784544]
2025-10-20 15:12:00,273: nbed.localizers.spade: DEBUG: 5 active MOs.
2025-10-20 15:12:00,273: nbed.localizers.spade: DEBUG: 4 environment MOs.
2025-10-20 15:12:00,273: nbed.localizers.base: DEBUG: Localization complete.
2025-10-20 15:12:00,273: nbed.localizers.base: DEBUG: Localized orbitals:
2025-10-20 15:12:00,273: nbed.localizers.base: DEBUG: active_MO_inds: [0 1 2 3 4]
2025-10-20 15:12:00,273: nbed.localizers.base: DEBUG: beta_active_MO_inds: None
2025-10-20 15:12:00,273: nbed.localizers.base: DEBUG: enviro_MO_inds: [5 6 7 8]
2025-10-20 15:12:00,273: nbed.localizers.base: DEBUG: beta_enviro_MO_inds: None
2025-10-20 15:12:00,273: nbed.driver: INFO: Indices of embedded electrons:
2025-10-20 15:12:00,273: nbed.driver: INFO: [0 1 2 3 4]
2025-10-20 15:12:00,273: nbed.driver: INFO: [5 6 7 8]
2025-10-20 15:12:00,273: nbed.driver: DEBUG: Calculating active and environment subsystem terms.
2025-10-20 15:12:00,273: nbed.driver: DEBUG: Finding subsystem RKS componenets.
2025-10-20 15:12:00,273: nbed.driver: DEBUG: (14, 14)
2025-10-20 15:12:00,289: nbed.driver: DEBUG: Subsystem RKS components found.
2025-10-20 15:12:00,289: nbed.driver: DEBUG: {e_act=}
2025-10-20 15:12:00,289: nbed.driver: DEBUG: {two_e_term=}
2025-10-20 15:12:00,289: nbed.driver: DEBUG: Finding subsystem RKS componenets.
2025-10-20 15:12:00,289: nbed.driver: DEBUG: (14, 14)
2025-10-20 15:12:00,304: nbed.driver: DEBUG: Subsystem RKS components found.
2025-10-20 15:12:00,304: nbed.driver: DEBUG: {e_act=}
2025-10-20 15:12:00,304: nbed.driver: DEBUG: {two_e_term=}
2025-10-20 15:12:00,304: nbed.driver: DEBUG: Calculating two electron cross subsystem energy.
2025-10-20 15:12:00,319: nbed.driver: DEBUG: j_cross=np.float64(25.920450648628197)
2025-10-20 15:12:00,319: nbed.driver: DEBUG: e_xc_total=np.float64(-15.570582047194044)
2025-10-20 15:12:00,319: nbed.driver: DEBUG: two_e_act.exc=np.float64(-9.375640421933648)
2025-10-20 15:12:00,319: nbed.driver: DEBUG: two_e_env.exc=np.float64(-6.032852632789183)
2025-10-20 15:12:00,319: nbed.driver: DEBUG: RKS components
2025-10-20 15:12:00,319: nbed.driver: DEBUG: e_act: -109.77361544371404
2025-10-20 15:12:00,319: nbed.driver: DEBUG: e_env: -70.13756509795915
2025-10-20 15:12:00,319: nbed.driver: DEBUG: two_e_cross: 25.758361656156985
2025-10-20 15:12:00,319: nbed.driver: DEBUG: e_nuc: 39.9767716969976
2025-10-20 15:12:00,319: nbed.driver: DEBUG: Getting global DFT potential to optimize embedded calc in.
2025-10-20 15:12:00,349: nbed.driver: INFO: DFT potential average 0.4563204852074258.
2025-10-20 15:12:00,349: nbed.driver: DEBUG: Runnning embedding with mu projector.
2025-10-20 15:12:00,349: nbed.driver: DEBUG: Constructing localised RHF object.
2025-10-20 15:12:00,350: nbed.driver: DEBUG: Constructing molecule.
2025-10-20 15:12:00,350: nbed.driver: INFO: Input geometry is not an existing file. Assumng raw xyz input.
2025-10-20 15:12:00,350: nbed.driver: INFO: Input geometry: 6

O 0.0000000 -1.4330000 0.0000000
H -0.9620000 -1.6700000 0.0000000
C 0.0000000 0.0000000 0.0000000
H -0.4900000 0.4170000 0.8860000
H 1.0400000 0.3310000 0.0000000
H -0.4900000 0.4170000 -0.8860000
2025-10-20 15:12:00,351: nbed.driver: DEBUG: Molecule built.
2025-10-20 15:12:00,351: nbed.driver: DEBUG: Running embedded scf calculation.
2025-10-20 15:12:00,379: nbed.driver: INFO: Embedded scf energy MU_SHIFT: -43.64476878524836, converged: True
2025-10-20 15:12:00,379: nbed.driver: DEBUG: Deleting environment from SCF object.
2025-10-20 15:12:00,379: nbed.driver: DEBUG: Deleting environment for spin.
2025-10-20 15:12:00,379: nbed.driver: INFO: Orbital indices for embedded system: [0, 1, 2, 3, 4, 5, 6, 7, 8, 9]
2025-10-20 15:12:00,379: nbed.driver: INFO: Orbital indices removed from embedded system: [10, 11, 12, 13]
2025-10-20 15:12:00,379: nbed.driver: DEBUG: Spin environment deleted.
2025-10-20 15:12:00,379: nbed.driver: DEBUG: Environment deleted.
2025-10-20 15:12:00,379: nbed.driver: INFO: V emb mean mu: 149884.79109461783
2025-10-20 15:12:00,379: nbed.driver: INFO: RHF energy: -113.81471910858309
2025-10-20 15:12:00,379: nbed.driver: DEBUG: Classical energy: -30.193178626337122
2025-10-20 15:12:00,379: nbed.driver: DEBUG: Performing virtual localization.
2025-10-20 15:12:00,379: nbed.localizers.spade: DEBUG: Localising virtual orbital spin with concentric localization.
2025-10-20 15:12:00,379: nbed.localizers.spade: DEBUG: Creating projected molecule object.
2025-10-20 15:12:00,381: nbed.localizers.spade: DEBUG: n_act_proj_aos=np.int64(6)
2025-10-20 15:12:00,381: nbed.localizers.spade: DEBUG: N effective virtuals: (14, 5)
2025-10-20 15:12:00,381: nbed.localizers.spade: DEBUG: Singular values: [9.95588194e-01 2.15549267e-01 6.06349721e-03 2.59828975e-03
 1.34583201e-08]
2025-10-20 15:12:00,381: nbed.localizers.spade: DEBUG: Initial c_total.shape=(14, 5) (nocc)
2025-10-20 15:12:00,381: nbed.localizers.spade: DEBUG: shell_size=np.int64(5)
2025-10-20 15:12:00,381: nbed.localizers.spade: DEBUG: v_span.shape=(5, 5)
2025-10-20 15:12:00,381: nbed.localizers.spade: DEBUG: v_ker.shape=(5, 0)
2025-10-20 15:12:00,381: nbed.localizers.spade: DEBUG: Created 0th shell.
2025-10-20 15:12:00,381: nbed.localizers.spade: DEBUG: No kernel for 0th shell, cannot perform CL.
2025-10-20 15:12:00,381: nbed.localizers.spade: DEBUG: This is expected for molecules with majority active MOs occupied.
2025-10-20 15:12:00,381: nbed.driver: INFO: Embedding complete.
2025-10-20 15:12:00,381: nbed.driver: DEBUG: Driver initialisation complete.
2025-10-20 15:12:00,381: nbed.driver: DEBUG: Starting embedded CCSD calculation.
2025-10-20 15:12:00,394: nbed.driver: INFO: Embedded CCSD energy: -0.05792193661898626
2025-10-20 15:12:00,631: nbed.driver: DEBUG: Initialising driver.
2025-10-20 15:12:00,631: nbed.driver: DEBUG: Constructing molecule.
2025-10-20 15:12:00,631: nbed.driver: INFO: Input geometry is not an existing file. Assumng raw xyz input.
2025-10-20 15:12:00,631: nbed.driver: INFO: Input geometry: 6

O 0.0000000 -1.4330000 0.0000000
H -0.9620000 -1.6700000 0.0000000
C 0.0000000 0.0000000 0.0000000
H -0.4900000 0.4170000 0.8860000
H 1.0400000 0.3310000 0.0000000
H -0.4900000 0.4170000 -0.8860000
2025-10-20 15:12:00,633: nbed.driver: DEBUG: Molecule built.
2025-10-20 15:12:00,633: nbed.driver: DEBUG: Number of active atoms valid.
2025-10-20 15:12:00,633: nbed.driver: DEBUG: Closed shells, using restricted SCF.
2025-10-20 15:12:00,633: nbed.driver: DEBUG: Embedding molecule.
2025-10-20 15:12:00,633: nbed.driver: DEBUG: Getting localized system using spade.
2025-10-20 15:12:00,633: nbed.driver: DEBUG: Running full system KS DFT.
2025-10-20 15:12:00,633: nbed.driver: DEBUG: Constructing molecule.
2025-10-20 15:12:00,633: nbed.driver: INFO: Input geometry is not an existing file. Assumng raw xyz input.
2025-10-20 15:12:00,633: nbed.driver: INFO: Input geometry: 6

O 0.0000000 -1.4330000 0.0000000
H -0.9620000 -1.6700000 0.0000000
C 0.0000000 0.0000000 0.0000000
H -0.4900000 0.4170000 0.8860000
H 1.0400000 0.3310000 0.0000000
H -0.4900000 0.4170000 -0.8860000
2025-10-20 15:12:00,634: nbed.driver: DEBUG: Molecule built.
2025-10-20 15:12:00,839: nbed.driver: INFO: Global RKS: -114.1760471885187
2025-10-20 15:12:00,839: nbed.localizers.base: DEBUG: Initialising Localizer.
2025-10-20 15:12:00,839: nbed.localizers.spade: DEBUG: Localising with SPADE.
2025-10-20 15:12:00,839: nbed.localizers.spade: DEBUG: 6 active AOs.
2025-10-20 15:12:00,840: nbed.localizers.spade: DEBUG: Singular Values: [1.         0.99986443 0.99522317 0.98931679 0.74590951 0.03784544]
2025-10-20 15:12:00,840: nbed.localizers.spade: DEBUG: 5 active MOs.
2025-10-20 15:12:00,840: nbed.localizers.spade: DEBUG: 4 environment MOs.
2025-10-20 15:12:00,840: nbed.localizers.base: DEBUG: Localization complete.
2025-10-20 15:12:00,840: nbed.localizers.base: DEBUG: Localized orbitals:
2025-10-20 15:12:00,840: nbed.localizers.base: DEBUG: active_MO_inds: [0 1 2 3 4]
2025-10-20 15:12:00,840: nbed.localizers.base: DEBUG: beta_active_MO_inds: None
2025-10-20 15:12:00,840: nbed.localizers.base: DEBUG: enviro_MO_inds: [5 6 7 8]
2025-10-20 15:12:00,840: nbed.localizers.base: DEBUG: beta_enviro_MO_inds: None
2025-10-20 15:12:00,840: nbed.driver: INFO: Indices of embedded electrons:
2025-10-20 15:12:00,840: nbed.driver: INFO: [0 1 2 3 4]
2025-10-20 15:12:00,840: nbed.driver: INFO: [5 6 7 8]
2025-10-20 15:12:00,840: nbed.driver: DEBUG: Calculating active and environment subsystem terms.
2025-10-20 15:12:00,840: nbed.driver: DEBUG: Finding subsystem RKS componenets.
2025-10-20 15:12:00,840: nbed.driver: DEBUG: (14, 14)
2025-10-20 15:12:00,855: nbed.driver: DEBUG: Subsystem RKS components found.
2025-10-20 15:12:00,855: nbed.driver: DEBUG: {e_act=}
2025-10-20 15:12:00,855: nbed.driver: DEBUG: {two_e_term=}
2025-10-20 15:12:00,855: nbed.driver: DEBUG: Finding subsystem RKS componenets.
2025-10-20 15:12:00,855: nbed.driver: DEBUG: (14, 14)
2025-10-20 15:12:00,870: nbed.driver: DEBUG: Subsystem RKS components found.
2025-10-20 15:12:00,870: nbed.driver: DEBUG: {e_act=}
2025-10-20 15:12:00,870: nbed.driver: DEBUG: {two_e_term=}
2025-10-20 15:12:00,870: nbed.driver: DEBUG: Calculating two electron cross subsystem energy.
2025-10-20 15:12:00,886: nbed.driver: DEBUG: j_cross=np.float64(25.920450648628197)
2025-10-20 15:12:00,886: nbed.driver: DEBUG: e_xc_total=np.float64(-15.570582047194044)
2025-10-20 15:12:00,886: nbed.driver: DEBUG: two_e_act.exc=np.float64(-9.375640421933648)
2025-10-20 15:12:00,886: nbed.driver: DEBUG: two_e_env.exc=np.float64(-6.032852632789183)
2025-10-20 15:12:00,886: nbed.driver: DEBUG: RKS components
2025-10-20 15:12:00,886: nbed.driver: DEBUG: e_act: -109.77361544371404
2025-10-20 15:12:00,886: nbed.driver: DEBUG: e_env: -70.13756509795915
2025-10-20 15:12:00,886: nbed.driver: DEBUG: two_e_cross: 25.758361656156985
2025-10-20 15:12:00,886: nbed.driver: DEBUG: e_nuc: 39.9767716969976
2025-10-20 15:12:00,886: nbed.driver: DEBUG: Getting global DFT potential to optimize embedded calc in.
2025-10-20 15:12:00,916: nbed.driver: INFO: DFT potential average 0.4563204852074258.
2025-10-20 15:12:00,916: nbed.driver: DEBUG: Runnning embedding with mu projector.
2025-10-20 15:12:00,916: nbed.driver: DEBUG: Constructing localised RHF object.
2025-10-20 15:12:00,916: nbed.driver: DEBUG: Constructing molecule.
2025-10-20 15:12:00,916: nbed.driver: INFO: Input geometry is not an existing file. Assumng raw xyz input.
2025-10-20 15:12:00,916: nbed.driver: INFO: Input geometry: 6

O 0.0000000 -1.4330000 0.0000000
H -0.9620000 -1.6700000 0.0000000
C 0.0000000 0.0000000 0.0000000
H -0.4900000 0.4170000 0.8860000
H 1.0400000 0.3310000 0.0000000
H -0.4900000 0.4170000 -0.8860000
2025-10-20 15:12:00,918: nbed.driver: DEBUG: Molecule built.
2025-10-20 15:12:00,918: nbed.driver: DEBUG: Running embedded scf calculation.
2025-10-20 15:12:00,945: nbed.driver: INFO: Embedded scf energy MU_SHIFT: -43.64476878524836, converged: True
2025-10-20 15:12:00,945: nbed.driver: DEBUG: Deleting environment from SCF object.
2025-10-20 15:12:00,945: nbed.driver: DEBUG: Deleting environment for spin.
2025-10-20 15:12:00,945: nbed.driver: INFO: Orbital indices for embedded system: [0, 1, 2, 3, 4, 5, 6, 7, 8, 9]
2025-10-20 15:12:00,945: nbed.driver: INFO: Orbital indices removed from embedded system: [10, 11, 12, 13]
2025-10-20 15:12:00,945: nbed.driver: DEBUG: Spin environment deleted.
2025-10-20 15:12:00,945: nbed.driver: DEBUG: Environment deleted.
2025-10-20 15:12:00,945: nbed.driver: INFO: V emb mean mu: 149884.79109461783
2025-10-20 15:12:00,945: nbed.driver: INFO: RHF energy: -113.81471910858309
2025-10-20 15:12:00,946: nbed.driver: DEBUG: Classical energy: -30.193178626337122
2025-10-20 15:12:00,946: nbed.driver: DEBUG: Performing virtual localization.
2025-10-20 15:12:00,946: nbed.localizers.spade: DEBUG: Localising virtual orbital spin with concentric localization.
2025-10-20 15:12:00,946: nbed.localizers.spade: DEBUG: Creating projected molecule object.
2025-10-20 15:12:00,947: nbed.localizers.spade: DEBUG: n_act_proj_aos=np.int64(6)
2025-10-20 15:12:00,947: nbed.localizers.spade: DEBUG: N effective virtuals: (14, 5)
2025-10-20 15:12:00,947: nbed.localizers.spade: DEBUG: Singular values: [9.95588194e-01 2.15549267e-01 6.06349721e-03 2.59828975e-03
 1.34583201e-08]
2025-10-20 15:12:00,947: nbed.localizers.spade: DEBUG: Initial c_total.shape=(14, 5) (nocc)
2025-10-20 15:12:00,947: nbed.localizers.spade: DEBUG: shell_size=np.int64(5)
2025-10-20 15:12:00,947: nbed.localizers.spade: DEBUG: v_span.shape=(5, 5)
2025-10-20 15:12:00,947: nbed.localizers.spade: DEBUG: v_ker.shape=(5, 0)
2025-10-20 15:12:00,947: nbed.localizers.spade: DEBUG: Created 0th shell.
2025-10-20 15:12:00,947: nbed.localizers.spade: DEBUG: No kernel for 0th shell, cannot perform CL.
2025-10-20 15:12:00,947: nbed.localizers.spade: DEBUG: This is expected for molecules with majority active MOs occupied.
2025-10-20 15:12:00,947: nbed.driver: INFO: Embedding complete.
2025-10-20 15:12:00,947: nbed.driver: DEBUG: Driver initialisation complete.
2025-10-20 15:12:00,947: nbed.driver: DEBUG: Starting embedded CCSD calculation.
2025-10-20 15:12:00,960: nbed.driver: INFO: Embedded CCSD energy: -0.05792193661898626
2025-10-20 15:12:01,210: nbed.driver: DEBUG: Initialising driver.
2025-10-20 15:12:01,211: nbed.driver: DEBUG: Constructing molecule.
2025-10-20 15:12:01,211: nbed.driver: INFO: Input geometry is not an existing file. Assumng raw xyz input.
2025-10-20 15:12:01,211: nbed.driver: INFO: Input geometry: 6

O 0.0000000 -1.4330000 0.0000000
H -0.9620000 -1.6700000 0.0000000
C 0.0000000 0.0000000 0.0000000
H -0.4900000 0.4170000 0.8860000
H 1.0400000 0.3310000 0.0000000
H -0.4900000 0.4170000 -0.8860000
2025-10-20 15:12:01,212: nbed.driver: DEBUG: Molecule built.
2025-10-20 15:12:01,212: nbed.driver: DEBUG: Number of active atoms valid.
2025-10-20 15:12:01,212: nbed.driver: DEBUG: Closed shells, using restricted SCF.
2025-10-20 15:12:01,212: nbed.driver: DEBUG: Embedding molecule.
2025-10-20 15:12:01,212: nbed.driver: DEBUG: Getting localized system using spade.
2025-10-20 15:12:01,212: nbed.driver: DEBUG: Running full system KS DFT.
2025-10-20 15:12:01,212: nbed.driver: DEBUG: Constructing molecule.
2025-10-20 15:12:01,212: nbed.driver: INFO: Input geometry is not an existing file. Assumng raw xyz input.
2025-10-20 15:12:01,212: nbed.driver: INFO: Input geometry: 6

O 0.0000000 -1.4330000 0.0000000
H -0.9620000 -1.6700000 0.0000000
C 0.0000000 0.0000000 0.0000000
H -0.4900000 0.4170000 0.8860000
H 1.0400000 0.3310000 0.0000000
H -0.4900000 0.4170000 -0.8860000
2025-10-20 15:12:01,213: nbed.driver: DEBUG: Molecule built.
2025-10-20 15:12:01,420: nbed.driver: INFO: Global RKS: -114.1760471885187
2025-10-20 15:12:01,420: nbed.localizers.base: DEBUG: Initialising Localizer.
2025-10-20 15:12:01,420: nbed.localizers.spade: DEBUG: Localising with SPADE.
2025-10-20 15:12:01,420: nbed.localizers.spade: DEBUG: 6 active AOs.
2025-10-20 15:12:01,421: nbed.localizers.spade: DEBUG: Singular Values: [1.         0.99986443 0.99522317 0.98931679 0.74590951 0.03784544]
2025-10-20 15:12:01,421: nbed.localizers.spade: DEBUG: 5 active MOs.
2025-10-20 15:12:01,421: nbed.localizers.spade: DEBUG: 4 environment MOs.
2025-10-20 15:12:01,421: nbed.localizers.base: DEBUG: Localization complete.
2025-10-20 15:12:01,421: nbed.localizers.base: DEBUG: Localized orbitals:
2025-10-20 15:12:01,421: nbed.localizers.base: DEBUG: active_MO_inds: [0 1 2 3 4]
2025-10-20 15:12:01,421: nbed.localizers.base: DEBUG: beta_active_MO_inds: None
2025-10-20 15:12:01,421: nbed.localizers.base: DEBUG: enviro_MO_inds: [5 6 7 8]
2025-10-20 15:12:01,421: nbed.localizers.base: DEBUG: beta_enviro_MO_inds: None
2025-10-20 15:12:01,421: nbed.driver: INFO: Indices of embedded electrons:
2025-10-20 15:12:01,421: nbed.driver: INFO: [0 1 2 3 4]
2025-10-20 15:12:01,421: nbed.driver: INFO: [5 6 7 8]
2025-10-20 15:12:01,421: nbed.driver: DEBUG: Calculating active and environment subsystem terms.
2025-10-20 15:12:01,421: nbed.driver: DEBUG: Finding subsystem RKS componenets.
2025-10-20 15:12:01,421: nbed.driver: DEBUG: (14, 14)
2025-10-20 15:12:01,436: nbed.driver: DEBUG: Subsystem RKS components found.
2025-10-20 15:12:01,436: nbed.driver: DEBUG: {e_act=}
2025-10-20 15:12:01,436: nbed.driver: DEBUG: {two_e_term=}
2025-10-20 15:12:01,436: nbed.driver: DEBUG: Finding subsystem RKS componenets.
2025-10-20 15:12:01,436: nbed.driver: DEBUG: (14, 14)
2025-10-20 15:12:01,451: nbed.driver: DEBUG: Subsystem RKS components found.
2025-10-20 15:12:01,451: nbed.driver: DEBUG: {e_act=}
2025-10-20 15:12:01,451: nbed.driver: DEBUG: {two_e_term=}
2025-10-20 15:12:01,451: nbed.driver: DEBUG: Calculating two electron cross subsystem energy.
2025-10-20 15:12:01,466: nbed.driver: DEBUG: j_cross=np.float64(25.920450648628197)
2025-10-20 15:12:01,466: nbed.driver: DEBUG: e_xc_total=np.float64(-15.570582047194044)
2025-10-20 15:12:01,466: nbed.driver: DEBUG: two_e_act.exc=np.float64(-9.375640421933648)
2025-10-20 15:12:01,466: nbed.driver: DEBUG: two_e_env.exc=np.float64(-6.032852632789183)
2025-10-20 15:12:01,466: nbed.driver: DEBUG: RKS components
2025-10-20 15:12:01,466: nbed.driver: DEBUG: e_act: -109.77361544371404
2025-10-20 15:12:01,466: nbed.driver: DEBUG: e_env: -70.13756509795915
2025-10-20 15:12:01,466: nbed.driver: DEBUG: two_e_cross: 25.758361656156985
2025-10-20 15:12:01,466: nbed.driver: DEBUG: e_nuc: 39.9767716969976
2025-10-20 15:12:01,466: nbed.driver: DEBUG: Getting global DFT potential to optimize embedded calc in.
2025-10-20 15:12:01,497: nbed.driver: INFO: DFT potential average 0.4563204852074258.
2025-10-20 15:12:01,497: nbed.driver: DEBUG: Runnning embedding with mu projector.
2025-10-20 15:12:01,497: nbed.driver: DEBUG: Constructing localised RHF object.
2025-10-20 15:12:01,497: nbed.driver: DEBUG: Constructing molecule.
2025-10-20 15:12:01,497: nbed.driver: INFO: Input geometry is not an existing file. Assumng raw xyz input.
2025-10-20 15:12:01,497: nbed.driver: INFO: Input geometry: 6

O 0.0000000 -1.4330000 0.0000000
H -0.9620000 -1.6700000 0.0000000
C 0.0000000 0.0000000 0.0000000
H -0.4900000 0.4170000 0.8860000
H 1.0400000 0.3310000 0.0000000
H -0.4900000 0.4170000 -0.8860000
2025-10-20 15:12:01,499: nbed.driver: DEBUG: Molecule built.
2025-10-20 15:12:01,499: nbed.driver: DEBUG: Running embedded scf calculation.
2025-10-20 15:12:01,527: nbed.driver: INFO: Embedded scf energy MU_SHIFT: -43.64476878524836, converged: True
2025-10-20 15:12:01,527: nbed.driver: DEBUG: Deleting environment from SCF object.
2025-10-20 15:12:01,527: nbed.driver: DEBUG: Deleting environment for spin.
2025-10-20 15:12:01,527: nbed.driver: INFO: Orbital indices for embedded system: [0, 1, 2, 3, 4, 5, 6, 7, 8, 9]
2025-10-20 15:12:01,527: nbed.driver: INFO: Orbital indices removed from embedded system: [10, 11, 12, 13]
2025-10-20 15:12:01,527: nbed.driver: DEBUG: Spin environment deleted.
2025-10-20 15:12:01,527: nbed.driver: DEBUG: Environment deleted.
2025-10-20 15:12:01,527: nbed.driver: INFO: V emb mean mu: 149884.79109461783
2025-10-20 15:12:01,527: nbed.driver: INFO: RHF energy: -113.81471910858309
2025-10-20 15:12:01,527: nbed.driver: DEBUG: Classical energy: -30.193178626337122
2025-10-20 15:12:01,527: nbed.driver: DEBUG: Performing virtual localization.
2025-10-20 15:12:01,527: nbed.localizers.spade: DEBUG: Localising virtual orbital spin with concentric localization.
2025-10-20 15:12:01,527: nbed.localizers.spade: DEBUG: Creating projected molecule object.
2025-10-20 15:12:01,528: nbed.localizers.spade: DEBUG: n_act_proj_aos=np.int64(6)
2025-10-20 15:12:01,528: nbed.localizers.spade: DEBUG: N effective virtuals: (14, 5)
2025-10-20 15:12:01,528: nbed.localizers.spade: DEBUG: Singular values: [9.95588194e-01 2.15549267e-01 6.06349721e-03 2.59828975e-03
 1.34583201e-08]
2025-10-20 15:12:01,528: nbed.localizers.spade: DEBUG: Initial c_total.shape=(14, 5) (nocc)
2025-10-20 15:12:01,528: nbed.localizers.spade: DEBUG: shell_size=np.int64(5)
2025-10-20 15:12:01,528: nbed.localizers.spade: DEBUG: v_span.shape=(5, 5)
2025-10-20 15:12:01,528: nbed.localizers.spade: DEBUG: v_ker.shape=(5, 0)
2025-10-20 15:12:01,529: nbed.localizers.spade: DEBUG: Created 0th shell.
2025-10-20 15:12:01,529: nbed.localizers.spade: DEBUG: No kernel for 0th shell, cannot perform CL.
2025-10-20 15:12:01,529: nbed.localizers.spade: DEBUG: This is expected for molecules with majority active MOs occupied.
2025-10-20 15:12:01,529: nbed.driver: INFO: Embedding complete.
2025-10-20 15:12:01,529: nbed.driver: DEBUG: Driver initialisation complete.
2025-10-20 15:12:01,529: nbed.driver: DEBUG: Starting embedded CCSD calculation.
2025-10-20 15:12:01,541: nbed.driver: INFO: Embedded CCSD energy: -0.05792193661898626
2025-10-20 15:12:01,778: nbed.driver: DEBUG: Initialising driver.
2025-10-20 15:12:01,778: nbed.driver: DEBUG: Constructing molecule.
2025-10-20 15:12:01,778: nbed.driver: INFO: Input geometry is not an existing file. Assumng raw xyz input.
2025-10-20 15:12:01,778: nbed.driver: INFO: Input geometry: 6

O 0.0000000 -1.4330000 0.0000000
H -0.9620000 -1.6700000 0.0000000
C 0.0000000 0.0000000 0.0000000
H -0.4900000 0.4170000 0.8860000
H 1.0400000 0.3310000 0.0000000
H -0.4900000 0.4170000 -0.8860000
2025-10-20 15:12:01,780: nbed.driver: DEBUG: Molecule built.
2025-10-20 15:12:01,780: nbed.driver: DEBUG: Number of active atoms valid.
2025-10-20 15:12:01,780: nbed.driver: DEBUG: Closed shells, using restricted SCF.
2025-10-20 15:12:01,780: nbed.driver: DEBUG: Embedding molecule.
2025-10-20 15:12:01,780: nbed.driver: DEBUG: Getting localized system using spade.
2025-10-20 15:12:01,780: nbed.driver: DEBUG: Running full system KS DFT.
2025-10-20 15:12:01,780: nbed.driver: DEBUG: Constructing molecule.
2025-10-20 15:12:01,780: nbed.driver: INFO: Input geometry is not an existing file. Assumng raw xyz input.
2025-10-20 15:12:01,780: nbed.driver: INFO: Input geometry: 6

O 0.0000000 -1.4330000 0.0000000
H -0.9620000 -1.6700000 0.0000000
C 0.0000000 0.0000000 0.0000000
H -0.4900000 0.4170000 0.8860000
H 1.0400000 0.3310000 0.0000000
H -0.4900000 0.4170000 -0.8860000
2025-10-20 15:12:01,781: nbed.driver: DEBUG: Molecule built.
2025-10-20 15:12:01,987: nbed.driver: INFO: Global RKS: -114.1760471885187
2025-10-20 15:12:01,987: nbed.localizers.base: DEBUG: Initialising Localizer.
2025-10-20 15:12:01,987: nbed.localizers.spade: DEBUG: Localising with SPADE.
2025-10-20 15:12:01,987: nbed.localizers.spade: DEBUG: 6 active AOs.
2025-10-20 15:12:01,988: nbed.localizers.spade: DEBUG: Singular Values: [1.         0.99986443 0.99522317 0.98931679 0.74590951 0.03784544]
2025-10-20 15:12:01,988: nbed.localizers.spade: DEBUG: 5 active MOs.
2025-10-20 15:12:01,988: nbed.localizers.spade: DEBUG: 4 environment MOs.
2025-10-20 15:12:01,988: nbed.localizers.base: DEBUG: Localization complete.
2025-10-20 15:12:01,988: nbed.localizers.base: DEBUG: Localized orbitals:
2025-10-20 15:12:01,988: nbed.localizers.base: DEBUG: active_MO_inds: [0 1 2 3 4]
2025-10-20 15:12:01,988: nbed.localizers.base: DEBUG: beta_active_MO_inds: None
2025-10-20 15:12:01,988: nbed.localizers.base: DEBUG: enviro_MO_inds: [5 6 7 8]
2025-10-20 15:12:01,988: nbed.localizers.base: DEBUG: beta_enviro_MO_inds: None
2025-10-20 15:12:01,988: nbed.driver: INFO: Indices of embedded electrons:
2025-10-20 15:12:01,988: nbed.driver: INFO: [0 1 2 3 4]
2025-10-20 15:12:01,988: nbed.driver: INFO: [5 6 7 8]
2025-10-20 15:12:01,988: nbed.driver: DEBUG: Calculating active and environment subsystem terms.
2025-10-20 15:12:01,988: nbed.driver: DEBUG: Finding subsystem RKS componenets.
2025-10-20 15:12:01,988: nbed.driver: DEBUG: (14, 14)
2025-10-20 15:12:02,004: nbed.driver: DEBUG: Subsystem RKS components found.
2025-10-20 15:12:02,004: nbed.driver: DEBUG: {e_act=}
2025-10-20 15:12:02,004: nbed.driver: DEBUG: {two_e_term=}
2025-10-20 15:12:02,004: nbed.driver: DEBUG: Finding subsystem RKS componenets.
2025-10-20 15:12:02,004: nbed.driver: DEBUG: (14, 14)
2025-10-20 15:12:02,019: nbed.driver: DEBUG: Subsystem RKS components found.
2025-10-20 15:12:02,019: nbed.driver: DEBUG: {e_act=}
2025-10-20 15:12:02,019: nbed.driver: DEBUG: {two_e_term=}
2025-10-20 15:12:02,019: nbed.driver: DEBUG: Calculating two electron cross subsystem energy.
2025-10-20 15:12:02,035: nbed.driver: DEBUG: j_cross=np.float64(25.920450648628197)
2025-10-20 15:12:02,035: nbed.driver: DEBUG: e_xc_total=np.float64(-15.570582047194044)
2025-10-20 15:12:02,035: nbed.driver: DEBUG: two_e_act.exc=np.float64(-9.375640421933648)
2025-10-20 15:12:02,035: nbed.driver: DEBUG: two_e_env.exc=np.float64(-6.032852632789183)
2025-10-20 15:12:02,035: nbed.driver: DEBUG: RKS components
2025-10-20 15:12:02,035: nbed.driver: DEBUG: e_act: -109.77361544371404
2025-10-20 15:12:02,035: nbed.driver: DEBUG: e_env: -70.13756509795915
2025-10-20 15:12:02,035: nbed.driver: DEBUG: two_e_cross: 25.758361656156985
2025-10-20 15:12:02,035: nbed.driver: DEBUG: e_nuc: 39.9767716969976
2025-10-20 15:12:02,035: nbed.driver: DEBUG: Getting global DFT potential to optimize embedded calc in.
2025-10-20 15:12:02,066: nbed.driver: INFO: DFT potential average 0.4563204852074258.
2025-10-20 15:12:02,066: nbed.driver: DEBUG: Runnning embedding with mu projector.
2025-10-20 15:12:02,066: nbed.driver: DEBUG: Constructing localised RHF object.
2025-10-20 15:12:02,066: nbed.driver: DEBUG: Constructing molecule.
2025-10-20 15:12:02,066: nbed.driver: INFO: Input geometry is not an existing file. Assumng raw xyz input.
2025-10-20 15:12:02,066: nbed.driver: INFO: Input geometry: 6

O 0.0000000 -1.4330000 0.0000000
H -0.9620000 -1.6700000 0.0000000
C 0.0000000 0.0000000 0.0000000
H -0.4900000 0.4170000 0.8860000
H 1.0400000 0.3310000 0.0000000
H -0.4900000 0.4170000 -0.8860000
2025-10-20 15:12:02,068: nbed.driver: DEBUG: Molecule built.
2025-10-20 15:12:02,068: nbed.driver: DEBUG: Running embedded scf calculation.
2025-10-20 15:12:02,096: nbed.driver: INFO: Embedded scf energy MU_SHIFT: -43.64476878524836, converged: True
2025-10-20 15:12:02,096: nbed.driver: DEBUG: Deleting environment from SCF object.
2025-10-20 15:12:02,096: nbed.driver: DEBUG: Deleting environment for spin.
2025-10-20 15:12:02,096: nbed.driver: INFO: Orbital indices for embedded system: [0, 1, 2, 3, 4, 5, 6, 7, 8, 9]
2025-10-20 15:12:02,096: nbed.driver: INFO: Orbital indices removed from embedded system: [10, 11, 12, 13]
2025-10-20 15:12:02,096: nbed.driver: DEBUG: Spin environment deleted.
2025-10-20 15:12:02,096: nbed.driver: DEBUG: Environment deleted.
2025-10-20 15:12:02,096: nbed.driver: INFO: V emb mean mu: 149884.79109461783
2025-10-20 15:12:02,096: nbed.driver: INFO: RHF energy: -113.81471910858309
2025-10-20 15:12:02,096: nbed.driver: DEBUG: Classical energy: -30.193178626337122
2025-10-20 15:12:02,096: nbed.driver: DEBUG: Performing virtual localization.
2025-10-20 15:12:02,096: nbed.localizers.spade: DEBUG: Localising virtual orbital spin with concentric localization.
2025-10-20 15:12:02,096: nbed.localizers.spade: DEBUG: Creating projected molecule object.
2025-10-20 15:12:02,097: nbed.localizers.spade: DEBUG: n_act_proj_aos=np.int64(6)
2025-10-20 15:12:02,097: nbed.localizers.spade: DEBUG: N effective virtuals: (14, 5)
2025-10-20 15:12:02,097: nbed.localizers.spade: DEBUG: Singular values: [9.95588194e-01 2.15549267e-01 6.06349721e-03 2.59828975e-03
 1.34583201e-08]
2025-10-20 15:12:02,097: nbed.localizers.spade: DEBUG: Initial c_total.shape=(14, 5) (nocc)
2025-10-20 15:12:02,097: nbed.localizers.spade: DEBUG: shell_size=np.int64(5)
2025-10-20 15:12:02,097: nbed.localizers.spade: DEBUG: v_span.shape=(5, 5)
2025-10-20 15:12:02,097: nbed.localizers.spade: DEBUG: v_ker.shape=(5, 0)
2025-10-20 15:12:02,097: nbed.localizers.spade: DEBUG: Created 0th shell.
2025-10-20 15:12:02,097: nbed.localizers.spade: DEBUG: No kernel for 0th shell, cannot perform CL.
2025-10-20 15:12:02,097: nbed.localizers.spade: DEBUG: This is expected for molecules with majority active MOs occupied.
2025-10-20 15:12:02,098: nbed.driver: INFO: Embedding complete.
2025-10-20 15:12:02,098: nbed.driver: DEBUG: Driver initialisation complete.
2025-10-20 15:12:02,098: nbed.driver: DEBUG: Starting embedded CCSD calculation.
2025-10-20 15:12:02,110: nbed.driver: INFO: Embedded CCSD energy: -0.05792193661898626
2025-10-20 15:12:02,347: nbed.driver: DEBUG: Initialising driver.
2025-10-20 15:12:02,347: nbed.driver: DEBUG: Constructing molecule.
2025-10-20 15:12:02,347: nbed.driver: INFO: Input geometry is not an existing file. Assumng raw xyz input.
2025-10-20 15:12:02,347: nbed.driver: INFO: Input geometry: 6

O 0.0000000 -1.4330000 0.0000000
H -0.9620000 -1.6700000 0.0000000
C 0.0000000 0.0000000 0.0000000
H -0.4900000 0.4170000 0.8860000
H 1.0400000 0.3310000 0.0000000
H -0.4900000 0.4170000 -0.8860000
2025-10-20 15:12:02,348: nbed.driver: DEBUG: Molecule built.
2025-10-20 15:12:02,348: nbed.driver: DEBUG: Number of active atoms valid.
2025-10-20 15:12:02,348: nbed.driver: DEBUG: Closed shells, using restricted SCF.
2025-10-20 15:12:02,348: nbed.driver: DEBUG: Embedding molecule.
2025-10-20 15:12:02,348: nbed.driver: DEBUG: Getting localized system using spade.
2025-10-20 15:12:02,348: nbed.driver: DEBUG: Running full system KS DFT.
2025-10-20 15:12:02,348: nbed.driver: DEBUG: Constructing molecule.
2025-10-20 15:12:02,348: nbed.driver: INFO: Input geometry is not an existing file. Assumng raw xyz input.
2025-10-20 15:12:02,348: nbed.driver: INFO: Input geometry: 6

O 0.0000000 -1.4330000 0.0000000
H -0.9620000 -1.6700000 0.0000000
C 0.0000000 0.0000000 0.0000000
H -0.4900000 0.4170000 0.8860000
H 1.0400000 0.3310000 0.0000000
H -0.4900000 0.4170000 -0.8860000
2025-10-20 15:12:02,349: nbed.driver: DEBUG: Molecule built.
2025-10-20 15:12:02,561: nbed.driver: INFO: Global RKS: -114.1760471885187
2025-10-20 15:12:02,561: nbed.localizers.base: DEBUG: Initialising Localizer.
2025-10-20 15:12:02,561: nbed.localizers.spade: DEBUG: Localising with SPADE.
2025-10-20 15:12:02,561: nbed.localizers.spade: DEBUG: 6 active AOs.
2025-10-20 15:12:02,561: nbed.localizers.spade: DEBUG: Singular Values: [1.         0.99986443 0.99522317 0.98931679 0.74590951 0.03784544]
2025-10-20 15:12:02,561: nbed.localizers.spade: DEBUG: 5 active MOs.
2025-10-20 15:12:02,561: nbed.localizers.spade: DEBUG: 4 environment MOs.
2025-10-20 15:12:02,561: nbed.localizers.base: DEBUG: Localization complete.
2025-10-20 15:12:02,561: nbed.localizers.base: DEBUG: Localized orbitals:
2025-10-20 15:12:02,561: nbed.localizers.base: DEBUG: active_MO_inds: [0 1 2 3 4]
2025-10-20 15:12:02,561: nbed.localizers.base: DEBUG: beta_active_MO_inds: None
2025-10-20 15:12:02,561: nbed.localizers.base: DEBUG: enviro_MO_inds: [5 6 7 8]
2025-10-20 15:12:02,561: nbed.localizers.base: DEBUG: beta_enviro_MO_inds: None
2025-10-20 15:12:02,562: nbed.driver: INFO: Indices of embedded electrons:
2025-10-20 15:12:02,562: nbed.driver: INFO: [0 1 2 3 4]
2025-10-20 15:12:02,562: nbed.driver: INFO: [5 6 7 8]
2025-10-20 15:12:02,562: nbed.driver: DEBUG: Calculating active and environment subsystem terms.
2025-10-20 15:12:02,562: nbed.driver: DEBUG: Finding subsystem RKS componenets.
2025-10-20 15:12:02,562: nbed.driver: DEBUG: (14, 14)
2025-10-20 15:12:02,577: nbed.driver: DEBUG: Subsystem RKS components found.
2025-10-20 15:12:02,577: nbed.driver: DEBUG: {e_act=}
2025-10-20 15:12:02,577: nbed.driver: DEBUG: {two_e_term=}
2025-10-20 15:12:02,577: nbed.driver: DEBUG: Finding subsystem RKS componenets.
2025-10-20 15:12:02,577: nbed.driver: DEBUG: (14, 14)
2025-10-20 15:12:02,593: nbed.driver: DEBUG: Subsystem RKS components found.
2025-10-20 15:12:02,593: nbed.driver: DEBUG: {e_act=}
2025-10-20 15:12:02,593: nbed.driver: DEBUG: {two_e_term=}
2025-10-20 15:12:02,593: nbed.driver: DEBUG: Calculating two electron cross subsystem energy.
2025-10-20 15:12:02,608: nbed.driver: DEBUG: j_cross=np.float64(25.920450648628197)
2025-10-20 15:12:02,608: nbed.driver: DEBUG: e_xc_total=np.float64(-15.570582047194044)
2025-10-20 15:12:02,608: nbed.driver: DEBUG: two_e_act.exc=np.float64(-9.375640421933648)
2025-10-20 15:12:02,608: nbed.driver: DEBUG: two_e_env.exc=np.float64(-6.032852632789183)
2025-10-20 15:12:02,608: nbed.driver: DEBUG: RKS components
2025-10-20 15:12:02,608: nbed.driver: DEBUG: e_act: -109.77361544371404
2025-10-20 15:12:02,608: nbed.driver: DEBUG: e_env: -70.13756509795915
2025-10-20 15:12:02,608: nbed.driver: DEBUG: two_e_cross: 25.758361656156985
2025-10-20 15:12:02,608: nbed.driver: DEBUG: e_nuc: 39.9767716969976
2025-10-20 15:12:02,608: nbed.driver: DEBUG: Getting global DFT potential to optimize embedded calc in.
2025-10-20 15:12:02,638: nbed.driver: INFO: DFT potential average 0.4563204852074258.
2025-10-20 15:12:02,638: nbed.driver: DEBUG: Runnning embedding with mu projector.
2025-10-20 15:12:02,638: nbed.driver: DEBUG: Constructing localised RHF object.
2025-10-20 15:12:02,638: nbed.driver: DEBUG: Constructing molecule.
2025-10-20 15:12:02,638: nbed.driver: INFO: Input geometry is not an existing file. Assumng raw xyz input.
2025-10-20 15:12:02,638: nbed.driver: INFO: Input geometry: 6

O 0.0000000 -1.4330000 0.0000000
H -0.9620000 -1.6700000 0.0000000
C 0.0000000 0.0000000 0.0000000
H -0.4900000 0.4170000 0.8860000
H 1.0400000 0.3310000 0.0000000
H -0.4900000 0.4170000 -0.8860000
2025-10-20 15:12:02,640: nbed.driver: DEBUG: Molecule built.
2025-10-20 15:12:02,640: nbed.driver: DEBUG: Running embedded scf calculation.
2025-10-20 15:12:02,668: nbed.driver: INFO: Embedded scf energy MU_SHIFT: -43.64476878524836, converged: True
2025-10-20 15:12:02,668: nbed.driver: DEBUG: Deleting environment from SCF object.
2025-10-20 15:12:02,668: nbed.driver: DEBUG: Deleting environment for spin.
2025-10-20 15:12:02,668: nbed.driver: INFO: Orbital indices for embedded system: [0, 1, 2, 3, 4, 5, 6, 7, 8, 9]
2025-10-20 15:12:02,668: nbed.driver: INFO: Orbital indices removed from embedded system: [10, 11, 12, 13]
2025-10-20 15:12:02,668: nbed.driver: DEBUG: Spin environment deleted.
2025-10-20 15:12:02,668: nbed.driver: DEBUG: Environment deleted.
2025-10-20 15:12:02,668: nbed.driver: INFO: V emb mean mu: 149884.79109461783
2025-10-20 15:12:02,668: nbed.driver: INFO: RHF energy: -113.81471910858309
2025-10-20 15:12:02,668: nbed.driver: DEBUG: Classical energy: -30.193178626337122
2025-10-20 15:12:02,668: nbed.driver: DEBUG: Performing virtual localization.
2025-10-20 15:12:02,668: nbed.localizers.spade: DEBUG: Localising virtual orbital spin with concentric localization.
2025-10-20 15:12:02,668: nbed.localizers.spade: DEBUG: Creating projected molecule object.
2025-10-20 15:12:02,670: nbed.localizers.spade: DEBUG: n_act_proj_aos=np.int64(6)
2025-10-20 15:12:02,670: nbed.localizers.spade: DEBUG: N effective virtuals: (14, 5)
2025-10-20 15:12:02,670: nbed.localizers.spade: DEBUG: Singular values: [9.95588194e-01 2.15549267e-01 6.06349721e-03 2.59828975e-03
 1.34583201e-08]
2025-10-20 15:12:02,670: nbed.localizers.spade: DEBUG: Initial c_total.shape=(14, 5) (nocc)
2025-10-20 15:12:02,670: nbed.localizers.spade: DEBUG: shell_size=np.int64(5)
2025-10-20 15:12:02,670: nbed.localizers.spade: DEBUG: v_span.shape=(5, 5)
2025-10-20 15:12:02,670: nbed.localizers.spade: DEBUG: v_ker.shape=(5, 0)
2025-10-20 15:12:02,670: nbed.localizers.spade: DEBUG: Created 0th shell.
2025-10-20 15:12:02,670: nbed.localizers.spade: DEBUG: No kernel for 0th shell, cannot perform CL.
2025-10-20 15:12:02,670: nbed.localizers.spade: DEBUG: This is expected for molecules with majority active MOs occupied.
2025-10-20 15:12:02,670: nbed.driver: INFO: Embedding complete.
2025-10-20 15:12:02,670: nbed.driver: DEBUG: Driver initialisation complete.
2025-10-20 15:12:02,670: nbed.driver: DEBUG: Starting embedded CCSD calculation.
2025-10-20 15:12:02,684: nbed.driver: INFO: Embedded CCSD energy: -0.05792193661898626
2025-10-20 15:12:02,921: nbed.driver: DEBUG: Initialising driver.
2025-10-20 15:12:02,921: nbed.driver: DEBUG: Constructing molecule.
2025-10-20 15:12:02,921: nbed.driver: INFO: Input geometry is not an existing file. Assumng raw xyz input.
2025-10-20 15:12:02,921: nbed.driver: INFO: Input geometry: 6

O 0.0000000 -1.4330000 0.0000000
H -0.9620000 -1.6700000 0.0000000
C 0.0000000 0.0000000 0.0000000
H -0.4900000 0.4170000 0.8860000
H 1.0400000 0.3310000 0.0000000
H -0.4900000 0.4170000 -0.8860000
2025-10-20 15:12:02,923: nbed.driver: DEBUG: Molecule built.
2025-10-20 15:12:02,923: nbed.driver: DEBUG: Number of active atoms valid.
2025-10-20 15:12:02,923: nbed.driver: DEBUG: Closed shells, using restricted SCF.
2025-10-20 15:12:02,923: nbed.driver: DEBUG: Embedding molecule.
2025-10-20 15:12:02,923: nbed.driver: DEBUG: Getting localized system using spade.
2025-10-20 15:12:02,923: nbed.driver: DEBUG: Running full system KS DFT.
2025-10-20 15:12:02,923: nbed.driver: DEBUG: Constructing molecule.
2025-10-20 15:12:02,923: nbed.driver: INFO: Input geometry is not an existing file. Assumng raw xyz input.
2025-10-20 15:12:02,923: nbed.driver: INFO: Input geometry: 6

O 0.0000000 -1.4330000 0.0000000
H -0.9620000 -1.6700000 0.0000000
C 0.0000000 0.0000000 0.0000000
H -0.4900000 0.4170000 0.8860000
H 1.0400000 0.3310000 0.0000000
H -0.4900000 0.4170000 -0.8860000
2025-10-20 15:12:02,924: nbed.driver: DEBUG: Molecule built.
2025-10-20 15:12:03,134: nbed.driver: INFO: Global RKS: -114.1760471885187
2025-10-20 15:12:03,134: nbed.localizers.base: DEBUG: Initialising Localizer.
2025-10-20 15:12:03,134: nbed.localizers.spade: DEBUG: Localising with SPADE.
2025-10-20 15:12:03,134: nbed.localizers.spade: DEBUG: 6 active AOs.
2025-10-20 15:12:03,135: nbed.localizers.spade: DEBUG: Singular Values: [1.         0.99986443 0.99522317 0.98931679 0.74590951 0.03784544]
2025-10-20 15:12:03,135: nbed.localizers.spade: DEBUG: 5 active MOs.
2025-10-20 15:12:03,135: nbed.localizers.spade: DEBUG: 4 environment MOs.
2025-10-20 15:12:03,135: nbed.localizers.base: DEBUG: Localization complete.
2025-10-20 15:12:03,135: nbed.localizers.base: DEBUG: Localized orbitals:
2025-10-20 15:12:03,135: nbed.localizers.base: DEBUG: active_MO_inds: [0 1 2 3 4]
2025-10-20 15:12:03,135: nbed.localizers.base: DEBUG: beta_active_MO_inds: None
2025-10-20 15:12:03,135: nbed.localizers.base: DEBUG: enviro_MO_inds: [5 6 7 8]
2025-10-20 15:12:03,135: nbed.localizers.base: DEBUG: beta_enviro_MO_inds: None
2025-10-20 15:12:03,135: nbed.driver: INFO: Indices of embedded electrons:
2025-10-20 15:12:03,135: nbed.driver: INFO: [0 1 2 3 4]
2025-10-20 15:12:03,135: nbed.driver: INFO: [5 6 7 8]
2025-10-20 15:12:03,135: nbed.driver: DEBUG: Calculating active and environment subsystem terms.
2025-10-20 15:12:03,135: nbed.driver: DEBUG: Finding subsystem RKS componenets.
2025-10-20 15:12:03,135: nbed.driver: DEBUG: (14, 14)
2025-10-20 15:12:03,150: nbed.driver: DEBUG: Subsystem RKS components found.
2025-10-20 15:12:03,150: nbed.driver: DEBUG: {e_act=}
2025-10-20 15:12:03,150: nbed.driver: DEBUG: {two_e_term=}
2025-10-20 15:12:03,150: nbed.driver: DEBUG: Finding subsystem RKS componenets.
2025-10-20 15:12:03,150: nbed.driver: DEBUG: (14, 14)
2025-10-20 15:12:03,165: nbed.driver: DEBUG: Subsystem RKS components found.
2025-10-20 15:12:03,165: nbed.driver: DEBUG: {e_act=}
2025-10-20 15:12:03,165: nbed.driver: DEBUG: {two_e_term=}
2025-10-20 15:12:03,165: nbed.driver: DEBUG: Calculating two electron cross subsystem energy.
2025-10-20 15:12:03,181: nbed.driver: DEBUG: j_cross=np.float64(25.920450648628197)
2025-10-20 15:12:03,181: nbed.driver: DEBUG: e_xc_total=np.float64(-15.570582047194044)
2025-10-20 15:12:03,181: nbed.driver: DEBUG: two_e_act.exc=np.float64(-9.375640421933648)
2025-10-20 15:12:03,181: nbed.driver: DEBUG: two_e_env.exc=np.float64(-6.032852632789183)
2025-10-20 15:12:03,181: nbed.driver: DEBUG: RKS components
2025-10-20 15:12:03,181: nbed.driver: DEBUG: e_act: -109.77361544371404
2025-10-20 15:12:03,181: nbed.driver: DEBUG: e_env: -70.13756509795915
2025-10-20 15:12:03,181: nbed.driver: DEBUG: two_e_cross: 25.758361656156985
2025-10-20 15:12:03,181: nbed.driver: DEBUG: e_nuc: 39.9767716969976
2025-10-20 15:12:03,181: nbed.driver: DEBUG: Getting global DFT potential to optimize embedded calc in.
2025-10-20 15:12:03,212: nbed.driver: INFO: DFT potential average 0.4563204852074258.
2025-10-20 15:12:03,212: nbed.driver: DEBUG: Runnning embedding with mu projector.
2025-10-20 15:12:03,212: nbed.driver: DEBUG: Constructing localised RHF object.
2025-10-20 15:12:03,212: nbed.driver: DEBUG: Constructing molecule.
2025-10-20 15:12:03,212: nbed.driver: INFO: Input geometry is not an existing file. Assumng raw xyz input.
2025-10-20 15:12:03,212: nbed.driver: INFO: Input geometry: 6

O 0.0000000 -1.4330000 0.0000000
H -0.9620000 -1.6700000 0.0000000
C 0.0000000 0.0000000 0.0000000
H -0.4900000 0.4170000 0.8860000
H 1.0400000 0.3310000 0.0000000
H -0.4900000 0.4170000 -0.8860000
2025-10-20 15:12:03,214: nbed.driver: DEBUG: Molecule built.
2025-10-20 15:12:03,214: nbed.driver: DEBUG: Running embedded scf calculation.
2025-10-20 15:12:03,241: nbed.driver: INFO: Embedded scf energy MU_SHIFT: -43.64476878524836, converged: True
2025-10-20 15:12:03,241: nbed.driver: DEBUG: Deleting environment from SCF object.
2025-10-20 15:12:03,241: nbed.driver: DEBUG: Deleting environment for spin.
2025-10-20 15:12:03,241: nbed.driver: INFO: Orbital indices for embedded system: [0, 1, 2, 3, 4, 5, 6, 7, 8, 9]
2025-10-20 15:12:03,241: nbed.driver: INFO: Orbital indices removed from embedded system: [10, 11, 12, 13]
2025-10-20 15:12:03,241: nbed.driver: DEBUG: Spin environment deleted.
2025-10-20 15:12:03,241: nbed.driver: DEBUG: Environment deleted.
2025-10-20 15:12:03,241: nbed.driver: INFO: V emb mean mu: 149884.79109461783
2025-10-20 15:12:03,241: nbed.driver: INFO: RHF energy: -113.81471910858309
2025-10-20 15:12:03,241: nbed.driver: DEBUG: Classical energy: -30.193178626337122
2025-10-20 15:12:03,241: nbed.driver: DEBUG: Performing virtual localization.
2025-10-20 15:12:03,241: nbed.localizers.spade: DEBUG: Localising virtual orbital spin with concentric localization.
2025-10-20 15:12:03,241: nbed.localizers.spade: DEBUG: Creating projected molecule object.
2025-10-20 15:12:03,242: nbed.localizers.spade: DEBUG: n_act_proj_aos=np.int64(6)
2025-10-20 15:12:03,242: nbed.localizers.spade: DEBUG: N effective virtuals: (14, 5)
2025-10-20 15:12:03,243: nbed.localizers.spade: DEBUG: Singular values: [9.95588194e-01 2.15549267e-01 6.06349721e-03 2.59828975e-03
 1.34583201e-08]
2025-10-20 15:12:03,243: nbed.localizers.spade: DEBUG: Initial c_total.shape=(14, 5) (nocc)
2025-10-20 15:12:03,243: nbed.localizers.spade: DEBUG: shell_size=np.int64(5)
2025-10-20 15:12:03,243: nbed.localizers.spade: DEBUG: v_span.shape=(5, 5)
2025-10-20 15:12:03,243: nbed.localizers.spade: DEBUG: v_ker.shape=(5, 0)
2025-10-20 15:12:03,243: nbed.localizers.spade: DEBUG: Created 0th shell.
2025-10-20 15:12:03,243: nbed.localizers.spade: DEBUG: No kernel for 0th shell, cannot perform CL.
2025-10-20 15:12:03,243: nbed.localizers.spade: DEBUG: This is expected for molecules with majority active MOs occupied.
2025-10-20 15:12:03,243: nbed.driver: INFO: Embedding complete.
2025-10-20 15:12:03,243: nbed.driver: DEBUG: Driver initialisation complete.
2025-10-20 15:12:03,243: nbed.driver: DEBUG: Starting embedded CCSD calculation.
2025-10-20 15:12:03,256: nbed.driver: INFO: Embedded CCSD energy: -0.05792193661898626
2025-10-20 15:12:03,492: nbed.driver: DEBUG: Initialising driver.
2025-10-20 15:12:03,492: nbed.driver: DEBUG: Constructing molecule.
2025-10-20 15:12:03,492: nbed.driver: INFO: Input geometry is not an existing file. Assumng raw xyz input.
2025-10-20 15:12:03,492: nbed.driver: INFO: Input geometry: 6

O 0.0000000 -1.4330000 0.0000000
H -0.9620000 -1.6700000 0.0000000
C 0.0000000 0.0000000 0.0000000
H -0.4900000 0.4170000 0.8860000
H 1.0400000 0.3310000 0.0000000
H -0.4900000 0.4170000 -0.8860000
2025-10-20 15:12:03,494: nbed.driver: DEBUG: Molecule built.
2025-10-20 15:12:03,494: nbed.driver: DEBUG: Number of active atoms valid.
2025-10-20 15:12:03,494: nbed.driver: DEBUG: Closed shells, using restricted SCF.
2025-10-20 15:12:03,494: nbed.driver: DEBUG: Embedding molecule.
2025-10-20 15:12:03,494: nbed.driver: DEBUG: Getting localized system using spade.
2025-10-20 15:12:03,494: nbed.driver: DEBUG: Running full system KS DFT.
2025-10-20 15:12:03,494: nbed.driver: DEBUG: Constructing molecule.
2025-10-20 15:12:03,494: nbed.driver: INFO: Input geometry is not an existing file. Assumng raw xyz input.
2025-10-20 15:12:03,494: nbed.driver: INFO: Input geometry: 6

O 0.0000000 -1.4330000 0.0000000
H -0.9620000 -1.6700000 0.0000000
C 0.0000000 0.0000000 0.0000000
H -0.4900000 0.4170000 0.8860000
H 1.0400000 0.3310000 0.0000000
H -0.4900000 0.4170000 -0.8860000
2025-10-20 15:12:03,495: nbed.driver: DEBUG: Molecule built.
2025-10-20 15:12:03,704: nbed.driver: INFO: Global RKS: -114.1760471885187
2025-10-20 15:12:03,704: nbed.localizers.base: DEBUG: Initialising Localizer.
2025-10-20 15:12:03,704: nbed.localizers.spade: DEBUG: Localising with SPADE.
2025-10-20 15:12:03,704: nbed.localizers.spade: DEBUG: 6 active AOs.
2025-10-20 15:12:03,704: nbed.localizers.spade: DEBUG: Singular Values: [1.         0.99986443 0.99522317 0.98931679 0.74590951 0.03784544]
2025-10-20 15:12:03,704: nbed.localizers.spade: DEBUG: 5 active MOs.
2025-10-20 15:12:03,704: nbed.localizers.spade: DEBUG: 4 environment MOs.
2025-10-20 15:12:03,704: nbed.localizers.base: DEBUG: Localization complete.
2025-10-20 15:12:03,704: nbed.localizers.base: DEBUG: Localized orbitals:
2025-10-20 15:12:03,705: nbed.localizers.base: DEBUG: active_MO_inds: [0 1 2 3 4]
2025-10-20 15:12:03,705: nbed.localizers.base: DEBUG: beta_active_MO_inds: None
2025-10-20 15:12:03,705: nbed.localizers.base: DEBUG: enviro_MO_inds: [5 6 7 8]
2025-10-20 15:12:03,705: nbed.localizers.base: DEBUG: beta_enviro_MO_inds: None
2025-10-20 15:12:03,705: nbed.driver: INFO: Indices of embedded electrons:
2025-10-20 15:12:03,705: nbed.driver: INFO: [0 1 2 3 4]
2025-10-20 15:12:03,705: nbed.driver: INFO: [5 6 7 8]
2025-10-20 15:12:03,705: nbed.driver: DEBUG: Calculating active and environment subsystem terms.
2025-10-20 15:12:03,705: nbed.driver: DEBUG: Finding subsystem RKS componenets.
2025-10-20 15:12:03,705: nbed.driver: DEBUG: (14, 14)
2025-10-20 15:12:03,720: nbed.driver: DEBUG: Subsystem RKS components found.
2025-10-20 15:12:03,720: nbed.driver: DEBUG: {e_act=}
2025-10-20 15:12:03,720: nbed.driver: DEBUG: {two_e_term=}
2025-10-20 15:12:03,720: nbed.driver: DEBUG: Finding subsystem RKS componenets.
2025-10-20 15:12:03,720: nbed.driver: DEBUG: (14, 14)
2025-10-20 15:12:03,735: nbed.driver: DEBUG: Subsystem RKS components found.
2025-10-20 15:12:03,735: nbed.driver: DEBUG: {e_act=}
2025-10-20 15:12:03,735: nbed.driver: DEBUG: {two_e_term=}
2025-10-20 15:12:03,735: nbed.driver: DEBUG: Calculating two electron cross subsystem energy.
2025-10-20 15:12:03,751: nbed.driver: DEBUG: j_cross=np.float64(25.920450648628197)
2025-10-20 15:12:03,751: nbed.driver: DEBUG: e_xc_total=np.float64(-15.570582047194044)
2025-10-20 15:12:03,751: nbed.driver: DEBUG: two_e_act.exc=np.float64(-9.375640421933648)
2025-10-20 15:12:03,751: nbed.driver: DEBUG: two_e_env.exc=np.float64(-6.032852632789183)
2025-10-20 15:12:03,751: nbed.driver: DEBUG: RKS components
2025-10-20 15:12:03,751: nbed.driver: DEBUG: e_act: -109.77361544371404
2025-10-20 15:12:03,751: nbed.driver: DEBUG: e_env: -70.13756509795915
2025-10-20 15:12:03,751: nbed.driver: DEBUG: two_e_cross: 25.758361656156985
2025-10-20 15:12:03,751: nbed.driver: DEBUG: e_nuc: 39.9767716969976
2025-10-20 15:12:03,751: nbed.driver: DEBUG: Getting global DFT potential to optimize embedded calc in.
2025-10-20 15:12:03,782: nbed.driver: INFO: DFT potential average 0.4563204852074258.
2025-10-20 15:12:03,782: nbed.driver: DEBUG: Runnning embedding with mu projector.
2025-10-20 15:12:03,782: nbed.driver: DEBUG: Constructing localised RHF object.
2025-10-20 15:12:03,782: nbed.driver: DEBUG: Constructing molecule.
2025-10-20 15:12:03,782: nbed.driver: INFO: Input geometry is not an existing file. Assumng raw xyz input.
2025-10-20 15:12:03,782: nbed.driver: INFO: Input geometry: 6

O 0.0000000 -1.4330000 0.0000000
H -0.9620000 -1.6700000 0.0000000
C 0.0000000 0.0000000 0.0000000
H -0.4900000 0.4170000 0.8860000
H 1.0400000 0.3310000 0.0000000
H -0.4900000 0.4170000 -0.8860000
2025-10-20 15:12:03,784: nbed.driver: DEBUG: Molecule built.
2025-10-20 15:12:03,784: nbed.driver: DEBUG: Running embedded scf calculation.
2025-10-20 15:12:03,811: nbed.driver: INFO: Embedded scf energy MU_SHIFT: -43.64476878524836, converged: True
2025-10-20 15:12:03,811: nbed.driver: DEBUG: Deleting environment from SCF object.
2025-10-20 15:12:03,811: nbed.driver: DEBUG: Deleting environment for spin.
2025-10-20 15:12:03,811: nbed.driver: INFO: Orbital indices for embedded system: [0, 1, 2, 3, 4, 5, 6, 7, 8, 9]
2025-10-20 15:12:03,811: nbed.driver: INFO: Orbital indices removed from embedded system: [10, 11, 12, 13]
2025-10-20 15:12:03,811: nbed.driver: DEBUG: Spin environment deleted.
2025-10-20 15:12:03,811: nbed.driver: DEBUG: Environment deleted.
2025-10-20 15:12:03,811: nbed.driver: INFO: V emb mean mu: 149884.79109461783
2025-10-20 15:12:03,811: nbed.driver: INFO: RHF energy: -113.81471910858309
2025-10-20 15:12:03,811: nbed.driver: DEBUG: Classical energy: -30.193178626337122
2025-10-20 15:12:03,811: nbed.driver: DEBUG: Performing virtual localization.
2025-10-20 15:12:03,811: nbed.localizers.spade: DEBUG: Localising virtual orbital spin with concentric localization.
2025-10-20 15:12:03,811: nbed.localizers.spade: DEBUG: Creating projected molecule object.
2025-10-20 15:12:03,813: nbed.localizers.spade: DEBUG: n_act_proj_aos=np.int64(6)
2025-10-20 15:12:03,813: nbed.localizers.spade: DEBUG: N effective virtuals: (14, 5)
2025-10-20 15:12:03,813: nbed.localizers.spade: DEBUG: Singular values: [9.95588194e-01 2.15549267e-01 6.06349721e-03 2.59828975e-03
 1.34583201e-08]
2025-10-20 15:12:03,813: nbed.localizers.spade: DEBUG: Initial c_total.shape=(14, 5) (nocc)
2025-10-20 15:12:03,813: nbed.localizers.spade: DEBUG: shell_size=np.int64(5)
2025-10-20 15:12:03,813: nbed.localizers.spade: DEBUG: v_span.shape=(5, 5)
2025-10-20 15:12:03,813: nbed.localizers.spade: DEBUG: v_ker.shape=(5, 0)
2025-10-20 15:12:03,813: nbed.localizers.spade: DEBUG: Created 0th shell.
2025-10-20 15:12:03,813: nbed.localizers.spade: DEBUG: No kernel for 0th shell, cannot perform CL.
2025-10-20 15:12:03,813: nbed.localizers.spade: DEBUG: This is expected for molecules with majority active MOs occupied.
2025-10-20 15:12:03,813: nbed.driver: INFO: Embedding complete.
2025-10-20 15:12:03,813: nbed.driver: DEBUG: Driver initialisation complete.
2025-10-20 15:12:03,813: nbed.driver: DEBUG: Starting embedded CCSD calculation.
2025-10-20 15:12:03,827: nbed.driver: INFO: Embedded CCSD energy: -0.05792193661898626
2025-10-20 15:12:04,080: nbed.driver: DEBUG: Initialising driver.
2025-10-20 15:12:04,080: nbed.driver: DEBUG: Constructing molecule.
2025-10-20 15:12:04,080: nbed.driver: INFO: Input geometry is not an existing file. Assumng raw xyz input.
2025-10-20 15:12:04,080: nbed.driver: INFO: Input geometry: 6

O 0.0000000 -1.4330000 0.0000000
H -0.9620000 -1.6700000 0.0000000
C 0.0000000 0.0000000 0.0000000
H -0.4900000 0.4170000 0.8860000
H 1.0400000 0.3310000 0.0000000
H -0.4900000 0.4170000 -0.8860000
2025-10-20 15:12:04,081: nbed.driver: DEBUG: Molecule built.
2025-10-20 15:12:04,081: nbed.driver: DEBUG: Number of active atoms valid.
2025-10-20 15:12:04,081: nbed.driver: DEBUG: Closed shells, using restricted SCF.
2025-10-20 15:12:04,081: nbed.driver: DEBUG: Embedding molecule.
2025-10-20 15:12:04,081: nbed.driver: DEBUG: Getting localized system using spade.
2025-10-20 15:12:04,081: nbed.driver: DEBUG: Running full system KS DFT.
2025-10-20 15:12:04,081: nbed.driver: DEBUG: Constructing molecule.
2025-10-20 15:12:04,081: nbed.driver: INFO: Input geometry is not an existing file. Assumng raw xyz input.
2025-10-20 15:12:04,081: nbed.driver: INFO: Input geometry: 6

O 0.0000000 -1.4330000 0.0000000
H -0.9620000 -1.6700000 0.0000000
C 0.0000000 0.0000000 0.0000000
H -0.4900000 0.4170000 0.8860000
H 1.0400000 0.3310000 0.0000000
H -0.4900000 0.4170000 -0.8860000
2025-10-20 15:12:04,083: nbed.driver: DEBUG: Molecule built.
2025-10-20 15:12:04,292: nbed.driver: INFO: Global RKS: -114.1760471885187
2025-10-20 15:12:04,292: nbed.localizers.base: DEBUG: Initialising Localizer.
2025-10-20 15:12:04,292: nbed.localizers.spade: DEBUG: Localising with SPADE.
2025-10-20 15:12:04,292: nbed.localizers.spade: DEBUG: 6 active AOs.
2025-10-20 15:12:04,293: nbed.localizers.spade: DEBUG: Singular Values: [1.         0.99986443 0.99522317 0.98931679 0.74590951 0.03784544]
2025-10-20 15:12:04,293: nbed.localizers.spade: DEBUG: 5 active MOs.
2025-10-20 15:12:04,293: nbed.localizers.spade: DEBUG: 4 environment MOs.
2025-10-20 15:12:04,293: nbed.localizers.base: DEBUG: Localization complete.
2025-10-20 15:12:04,293: nbed.localizers.base: DEBUG: Localized orbitals:
2025-10-20 15:12:04,293: nbed.localizers.base: DEBUG: active_MO_inds: [0 1 2 3 4]
2025-10-20 15:12:04,293: nbed.localizers.base: DEBUG: beta_active_MO_inds: None
2025-10-20 15:12:04,293: nbed.localizers.base: DEBUG: enviro_MO_inds: [5 6 7 8]
2025-10-20 15:12:04,293: nbed.localizers.base: DEBUG: beta_enviro_MO_inds: None
2025-10-20 15:12:04,293: nbed.driver: INFO: Indices of embedded electrons:
2025-10-20 15:12:04,293: nbed.driver: INFO: [0 1 2 3 4]
2025-10-20 15:12:04,293: nbed.driver: INFO: [5 6 7 8]
2025-10-20 15:12:04,293: nbed.driver: DEBUG: Calculating active and environment subsystem terms.
2025-10-20 15:12:04,293: nbed.driver: DEBUG: Finding subsystem RKS componenets.
2025-10-20 15:12:04,293: nbed.driver: DEBUG: (14, 14)
2025-10-20 15:12:04,308: nbed.driver: DEBUG: Subsystem RKS components found.
2025-10-20 15:12:04,309: nbed.driver: DEBUG: {e_act=}
2025-10-20 15:12:04,309: nbed.driver: DEBUG: {two_e_term=}
2025-10-20 15:12:04,309: nbed.driver: DEBUG: Finding subsystem RKS componenets.
2025-10-20 15:12:04,309: nbed.driver: DEBUG: (14, 14)
2025-10-20 15:12:04,324: nbed.driver: DEBUG: Subsystem RKS components found.
2025-10-20 15:12:04,324: nbed.driver: DEBUG: {e_act=}
2025-10-20 15:12:04,324: nbed.driver: DEBUG: {two_e_term=}
2025-10-20 15:12:04,324: nbed.driver: DEBUG: Calculating two electron cross subsystem energy.
2025-10-20 15:12:04,339: nbed.driver: DEBUG: j_cross=np.float64(25.920450648628197)
2025-10-20 15:12:04,340: nbed.driver: DEBUG: e_xc_total=np.float64(-15.570582047194044)
2025-10-20 15:12:04,340: nbed.driver: DEBUG: two_e_act.exc=np.float64(-9.375640421933648)
2025-10-20 15:12:04,340: nbed.driver: DEBUG: two_e_env.exc=np.float64(-6.032852632789183)
2025-10-20 15:12:04,340: nbed.driver: DEBUG: RKS components
2025-10-20 15:12:04,340: nbed.driver: DEBUG: e_act: -109.77361544371404
2025-10-20 15:12:04,340: nbed.driver: DEBUG: e_env: -70.13756509795915
2025-10-20 15:12:04,340: nbed.driver: DEBUG: two_e_cross: 25.758361656156985
2025-10-20 15:12:04,340: nbed.driver: DEBUG: e_nuc: 39.9767716969976
2025-10-20 15:12:04,340: nbed.driver: DEBUG: Getting global DFT potential to optimize embedded calc in.
2025-10-20 15:12:04,370: nbed.driver: INFO: DFT potential average 0.4563204852074258.
2025-10-20 15:12:04,370: nbed.driver: DEBUG: Runnning embedding with mu projector.
2025-10-20 15:12:04,370: nbed.driver: DEBUG: Constructing localised RHF object.
2025-10-20 15:12:04,370: nbed.driver: DEBUG: Constructing molecule.
2025-10-20 15:12:04,370: nbed.driver: INFO: Input geometry is not an existing file. Assumng raw xyz input.
2025-10-20 15:12:04,370: nbed.driver: INFO: Input geometry: 6

O 0.0000000 -1.4330000 0.0000000
H -0.9620000 -1.6700000 0.0000000
C 0.0000000 0.0000000 0.0000000
H -0.4900000 0.4170000 0.8860000
H 1.0400000 0.3310000 0.0000000
H -0.4900000 0.4170000 -0.8860000
2025-10-20 15:12:04,372: nbed.driver: DEBUG: Molecule built.
2025-10-20 15:12:04,372: nbed.driver: DEBUG: Running embedded scf calculation.
2025-10-20 15:12:04,401: nbed.driver: INFO: Embedded scf energy MU_SHIFT: -43.64476878524836, converged: True
2025-10-20 15:12:04,401: nbed.driver: DEBUG: Deleting environment from SCF object.
2025-10-20 15:12:04,401: nbed.driver: DEBUG: Deleting environment for spin.
2025-10-20 15:12:04,401: nbed.driver: INFO: Orbital indices for embedded system: [0, 1, 2, 3, 4, 5, 6, 7, 8, 9]
2025-10-20 15:12:04,401: nbed.driver: INFO: Orbital indices removed from embedded system: [10, 11, 12, 13]
2025-10-20 15:12:04,401: nbed.driver: DEBUG: Spin environment deleted.
2025-10-20 15:12:04,401: nbed.driver: DEBUG: Environment deleted.
2025-10-20 15:12:04,401: nbed.driver: INFO: V emb mean mu: 149884.79109461783
2025-10-20 15:12:04,401: nbed.driver: INFO: RHF energy: -113.81471910858309
2025-10-20 15:12:04,401: nbed.driver: DEBUG: Classical energy: -30.193178626337122
2025-10-20 15:12:04,401: nbed.driver: DEBUG: Performing virtual localization.
2025-10-20 15:12:04,401: nbed.localizers.spade: DEBUG: Localising virtual orbital spin with concentric localization.
2025-10-20 15:12:04,401: nbed.localizers.spade: DEBUG: Creating projected molecule object.
2025-10-20 15:12:04,403: nbed.localizers.spade: DEBUG: n_act_proj_aos=np.int64(6)
2025-10-20 15:12:04,403: nbed.localizers.spade: DEBUG: N effective virtuals: (14, 5)
2025-10-20 15:12:04,403: nbed.localizers.spade: DEBUG: Singular values: [9.95588194e-01 2.15549267e-01 6.06349721e-03 2.59828975e-03
 1.34583201e-08]
2025-10-20 15:12:04,403: nbed.localizers.spade: DEBUG: Initial c_total.shape=(14, 5) (nocc)
2025-10-20 15:12:04,403: nbed.localizers.spade: DEBUG: shell_size=np.int64(5)
2025-10-20 15:12:04,403: nbed.localizers.spade: DEBUG: v_span.shape=(5, 5)
2025-10-20 15:12:04,403: nbed.localizers.spade: DEBUG: v_ker.shape=(5, 0)
2025-10-20 15:12:04,403: nbed.localizers.spade: DEBUG: Created 0th shell.
2025-10-20 15:12:04,403: nbed.localizers.spade: DEBUG: No kernel for 0th shell, cannot perform CL.
2025-10-20 15:12:04,403: nbed.localizers.spade: DEBUG: This is expected for molecules with majority active MOs occupied.
2025-10-20 15:12:04,403: nbed.driver: INFO: Embedding complete.
2025-10-20 15:12:04,403: nbed.driver: DEBUG: Driver initialisation complete.
2025-10-20 15:12:04,403: nbed.driver: DEBUG: Starting embedded CCSD calculation.
2025-10-20 15:12:04,417: nbed.driver: INFO: Embedded CCSD energy: -0.05792193661898626
2025-10-20 15:12:04,654: nbed.driver: DEBUG: Initialising driver.
2025-10-20 15:12:04,654: nbed.driver: DEBUG: Constructing molecule.
2025-10-20 15:12:04,654: nbed.driver: INFO: Input geometry is not an existing file. Assumng raw xyz input.
2025-10-20 15:12:04,654: nbed.driver: INFO: Input geometry: 6

O 0.0000000 -1.4330000 0.0000000
H -0.9620000 -1.6700000 0.0000000
C 0.0000000 0.0000000 0.0000000
H -0.4900000 0.4170000 0.8860000
H 1.0400000 0.3310000 0.0000000
H -0.4900000 0.4170000 -0.8860000
2025-10-20 15:12:04,656: nbed.driver: DEBUG: Molecule built.
2025-10-20 15:12:04,656: nbed.driver: DEBUG: Number of active atoms valid.
2025-10-20 15:12:04,656: nbed.driver: DEBUG: Closed shells, using restricted SCF.
2025-10-20 15:12:04,656: nbed.driver: DEBUG: Embedding molecule.
2025-10-20 15:12:04,656: nbed.driver: DEBUG: Getting localized system using spade.
2025-10-20 15:12:04,656: nbed.driver: DEBUG: Running full system KS DFT.
2025-10-20 15:12:04,656: nbed.driver: DEBUG: Constructing molecule.
2025-10-20 15:12:04,656: nbed.driver: INFO: Input geometry is not an existing file. Assumng raw xyz input.
2025-10-20 15:12:04,656: nbed.driver: INFO: Input geometry: 6

O 0.0000000 -1.4330000 0.0000000
H -0.9620000 -1.6700000 0.0000000
C 0.0000000 0.0000000 0.0000000
H -0.4900000 0.4170000 0.8860000
H 1.0400000 0.3310000 0.0000000
H -0.4900000 0.4170000 -0.8860000
2025-10-20 15:12:04,657: nbed.driver: DEBUG: Molecule built.
2025-10-20 15:12:04,866: nbed.driver: INFO: Global RKS: -114.1760471885187
2025-10-20 15:12:04,867: nbed.localizers.base: DEBUG: Initialising Localizer.
2025-10-20 15:12:04,867: nbed.localizers.spade: DEBUG: Localising with SPADE.
2025-10-20 15:12:04,867: nbed.localizers.spade: DEBUG: 6 active AOs.
2025-10-20 15:12:04,867: nbed.localizers.spade: DEBUG: Singular Values: [1.         0.99986443 0.99522317 0.98931679 0.74590951 0.03784544]
2025-10-20 15:12:04,867: nbed.localizers.spade: DEBUG: 5 active MOs.
2025-10-20 15:12:04,867: nbed.localizers.spade: DEBUG: 4 environment MOs.
2025-10-20 15:12:04,867: nbed.localizers.base: DEBUG: Localization complete.
2025-10-20 15:12:04,867: nbed.localizers.base: DEBUG: Localized orbitals:
2025-10-20 15:12:04,867: nbed.localizers.base: DEBUG: active_MO_inds: [0 1 2 3 4]
2025-10-20 15:12:04,867: nbed.localizers.base: DEBUG: beta_active_MO_inds: None
2025-10-20 15:12:04,867: nbed.localizers.base: DEBUG: enviro_MO_inds: [5 6 7 8]
2025-10-20 15:12:04,867: nbed.localizers.base: DEBUG: beta_enviro_MO_inds: None
2025-10-20 15:12:04,867: nbed.driver: INFO: Indices of embedded electrons:
2025-10-20 15:12:04,867: nbed.driver: INFO: [0 1 2 3 4]
2025-10-20 15:12:04,867: nbed.driver: INFO: [5 6 7 8]
2025-10-20 15:12:04,867: nbed.driver: DEBUG: Calculating active and environment subsystem terms.
2025-10-20 15:12:04,868: nbed.driver: DEBUG: Finding subsystem RKS componenets.
2025-10-20 15:12:04,868: nbed.driver: DEBUG: (14, 14)
2025-10-20 15:12:04,883: nbed.driver: DEBUG: Subsystem RKS components found.
2025-10-20 15:12:04,883: nbed.driver: DEBUG: {e_act=}
2025-10-20 15:12:04,883: nbed.driver: DEBUG: {two_e_term=}
2025-10-20 15:12:04,883: nbed.driver: DEBUG: Finding subsystem RKS componenets.
2025-10-20 15:12:04,883: nbed.driver: DEBUG: (14, 14)
2025-10-20 15:12:04,899: nbed.driver: DEBUG: Subsystem RKS components found.
2025-10-20 15:12:04,899: nbed.driver: DEBUG: {e_act=}
2025-10-20 15:12:04,899: nbed.driver: DEBUG: {two_e_term=}
2025-10-20 15:12:04,899: nbed.driver: DEBUG: Calculating two electron cross subsystem energy.
2025-10-20 15:12:04,914: nbed.driver: DEBUG: j_cross=np.float64(25.920450648628197)
2025-10-20 15:12:04,914: nbed.driver: DEBUG: e_xc_total=np.float64(-15.570582047194044)
2025-10-20 15:12:04,914: nbed.driver: DEBUG: two_e_act.exc=np.float64(-9.375640421933648)
2025-10-20 15:12:04,914: nbed.driver: DEBUG: two_e_env.exc=np.float64(-6.032852632789183)
2025-10-20 15:12:04,914: nbed.driver: DEBUG: RKS components
2025-10-20 15:12:04,914: nbed.driver: DEBUG: e_act: -109.77361544371404
2025-10-20 15:12:04,914: nbed.driver: DEBUG: e_env: -70.13756509795915
2025-10-20 15:12:04,914: nbed.driver: DEBUG: two_e_cross: 25.758361656156985
2025-10-20 15:12:04,914: nbed.driver: DEBUG: e_nuc: 39.9767716969976
2025-10-20 15:12:04,914: nbed.driver: DEBUG: Getting global DFT potential to optimize embedded calc in.
2025-10-20 15:12:04,945: nbed.driver: INFO: DFT potential average 0.4563204852074258.
2025-10-20 15:12:04,945: nbed.driver: DEBUG: Runnning embedding with mu projector.
2025-10-20 15:12:04,945: nbed.driver: DEBUG: Constructing localised RHF object.
2025-10-20 15:12:04,945: nbed.driver: DEBUG: Constructing molecule.
2025-10-20 15:12:04,945: nbed.driver: INFO: Input geometry is not an existing file. Assumng raw xyz input.
2025-10-20 15:12:04,945: nbed.driver: INFO: Input geometry: 6

O 0.0000000 -1.4330000 0.0000000
H -0.9620000 -1.6700000 0.0000000
C 0.0000000 0.0000000 0.0000000
H -0.4900000 0.4170000 0.8860000
H 1.0400000 0.3310000 0.0000000
H -0.4900000 0.4170000 -0.8860000
2025-10-20 15:12:04,947: nbed.driver: DEBUG: Molecule built.
2025-10-20 15:12:04,947: nbed.driver: DEBUG: Running embedded scf calculation.
2025-10-20 15:12:04,975: nbed.driver: INFO: Embedded scf energy MU_SHIFT: -43.64476878524836, converged: True
2025-10-20 15:12:04,975: nbed.driver: DEBUG: Deleting environment from SCF object.
2025-10-20 15:12:04,975: nbed.driver: DEBUG: Deleting environment for spin.
2025-10-20 15:12:04,975: nbed.driver: INFO: Orbital indices for embedded system: [0, 1, 2, 3, 4, 5, 6, 7, 8, 9]
2025-10-20 15:12:04,975: nbed.driver: INFO: Orbital indices removed from embedded system: [10, 11, 12, 13]
2025-10-20 15:12:04,975: nbed.driver: DEBUG: Spin environment deleted.
2025-10-20 15:12:04,975: nbed.driver: DEBUG: Environment deleted.
2025-10-20 15:12:04,975: nbed.driver: INFO: V emb mean mu: 149884.79109461783
2025-10-20 15:12:04,975: nbed.driver: INFO: RHF energy: -113.81471910858309
2025-10-20 15:12:04,975: nbed.driver: DEBUG: Classical energy: -30.193178626337122
2025-10-20 15:12:04,975: nbed.driver: DEBUG: Performing virtual localization.
2025-10-20 15:12:04,975: nbed.localizers.spade: DEBUG: Localising virtual orbital spin with concentric localization.
2025-10-20 15:12:04,975: nbed.localizers.spade: DEBUG: Creating projected molecule object.
2025-10-20 15:12:04,976: nbed.localizers.spade: DEBUG: n_act_proj_aos=np.int64(6)
2025-10-20 15:12:04,977: nbed.localizers.spade: DEBUG: N effective virtuals: (14, 5)
2025-10-20 15:12:04,977: nbed.localizers.spade: DEBUG: Singular values: [9.95588194e-01 2.15549267e-01 6.06349721e-03 2.59828975e-03
 1.34583201e-08]
2025-10-20 15:12:04,977: nbed.localizers.spade: DEBUG: Initial c_total.shape=(14, 5) (nocc)
2025-10-20 15:12:04,977: nbed.localizers.spade: DEBUG: shell_size=np.int64(5)
2025-10-20 15:12:04,977: nbed.localizers.spade: DEBUG: v_span.shape=(5, 5)
2025-10-20 15:12:04,977: nbed.localizers.spade: DEBUG: v_ker.shape=(5, 0)
2025-10-20 15:12:04,977: nbed.localizers.spade: DEBUG: Created 0th shell.
2025-10-20 15:12:04,977: nbed.localizers.spade: DEBUG: No kernel for 0th shell, cannot perform CL.
2025-10-20 15:12:04,977: nbed.localizers.spade: DEBUG: This is expected for molecules with majority active MOs occupied.
2025-10-20 15:12:04,977: nbed.driver: INFO: Embedding complete.
2025-10-20 15:12:04,977: nbed.driver: DEBUG: Driver initialisation complete.
2025-10-20 15:12:04,977: nbed.driver: DEBUG: Starting embedded CCSD calculation.
2025-10-20 15:12:04,990: nbed.driver: INFO: Embedded CCSD energy: -0.05792193661898626
