#MM gradient None (au/Bohr):
0    O  -0.00006145    0.00015447   -0.00002485
1    H   0.00000006    0.00000022    0.00000007
2    C  -0.00004793   -0.00010757   -0.00007671
3    H   0.00000297   -0.00006390   -0.00009194
4    H  -0.00006790   -0.00002532   -0.00002472
5    H   0.00001855   -0.00004129    0.00003257
6    O   0.00974338    0.00082110    0.02146830
7    H  -0.00128551   -0.00548978   -0.00983400
8    H  -0.00322277    0.00526687   -0.01438355
9    O  -0.00585796   -0.00456710   -0.00053812
10    H   0.00606228    0.01123396   -0.00747856
11    H   0.01029254    0.00239151    0.00111594
12    O  -0.02256892    0.00098393   -0.00637450
13    H   0.01078981    0.00364478   -0.00015754
14    H   0.00814076   -0.00571295    0.00252977
15    O  -0.01073926    0.00040933    0.01222376
16    H   0.00955027    0.00512841   -0.00733977
17    H   0.00162334   -0.00525370   -0.00544022
18    O   0.01144727   -0.01201391   -0.03433319
19    H  -0.00476322    0.00328669    0.01352402
20    H  -0.00258555    0.00267957    0.01030828
21    O   0.02516953    0.02214279    0.02055604
22    H  -0.00342213   -0.00784990   -0.01159028
23    H  -0.01516049   -0.01143119   -0.01161191
24    O   0.01028969   -0.02413994    0.00788049
25    H   0.00251726    0.01435493   -0.00224135
26    H  -0.01407277    0.00507449   -0.00555662
27    O  -0.00465306    0.00367893   -0.00668379
28    H   0.00862931    0.01015134    0.00290353
29    H   0.00418240    0.00463780    0.01395257
30    O  -0.01855703    0.00779123   -0.01680905
31    H   0.01085400   -0.00819594    0.00831176
32    H   0.00551836    0.00387708    0.00875384
33    O  -0.02550102   -0.00571015    0.00825853
34    H   0.01565042    0.00892252   -0.01063771
35    H   0.00976084   -0.00269723    0.00740715
36    O  -0.00847901   -0.02420880    0.00594342
37    H   0.00612111    0.01243823   -0.00904959
38    H  -0.00123765    0.01179094    0.00734250
39    O  -0.00322647   -0.00982529    0.03242503
40    H   0.00903617    0.00127588   -0.01498977
41    H  -0.00674549    0.01010822   -0.01613195
42    O   0.02636893   -0.01263971   -0.00838621
43    H  -0.00687670    0.00556154   -0.00736713
44    H  -0.01458347    0.00360240    0.01070343
45    O   0.01408263    0.01372610   -0.00509424
46    H  -0.00174746   -0.00485250    0.00276361
47    H  -0.01423420   -0.00755718    0.00128675
48    O  -0.01124309    0.00758172    0.01101952
49    H   0.00063363   -0.00601345   -0.01451118
50    H   0.00708698   -0.00962253   -0.00365813
51    O   0.01901449    0.01843702   -0.00496469
52    H  -0.00142404   -0.01285324   -0.00311855
53    H  -0.01250353   -0.00552675    0.00359148
54    O   0.03058524    0.00918177   -0.00168540
55    H  -0.01770854   -0.00400668   -0.00529004
56    H  -0.01086566   -0.00369173    0.00811551
57    O   0.03997648   -0.01925781   -0.01387481
58    H  -0.02192652    0.00723783    0.00487674
59    H  -0.00412395    0.00567162    0.00411902
60    O  -0.00864568   -0.00987113   -0.00795572
61    H   0.01037527    0.00012483    0.00740841
62    H  -0.00037185    0.01215728    0.01029671
63    O  -0.00986097    0.00988636   -0.01262006
64    H   0.00729080   -0.01395330    0.01135493
65    H   0.00151327    0.00261823    0.00600480
66    O  -0.00083951    0.00725423    0.01211279
67    H  -0.00277917   -0.00442978   -0.00502557
68    H   0.00615471   -0.00279565   -0.00286370
69    O  -0.00373515   -0.01915030    0.00639806
70    H   0.00227158    0.01137388   -0.01329102
71    H   0.00124274    0.00491692    0.00435677
72    O  -0.00885689   -0.00165250    0.00112479
73    H   0.01066467    0.00153948   -0.00331983
74    H   0.00853556    0.00147432   -0.00891035
75    O   0.00967392   -0.01703604    0.02371836
76    H  -0.01477890    0.00073772   -0.00555275
77    H  -0.00292267    0.00931861   -0.01284714
78    O  -0.02042254   -0.00901651   -0.01219180
79    H   0.01866022    0.00526378    0.01228161
80    H   0.00653994    0.00538240    0.00277831
81    O  -0.02102370    0.00250547   -0.01782551
82    H   0.00921893    0.00426826    0.00875631
83    H   0.01395956   -0.00521842    0.01154390
84    O   0.02010158    0.00639287   -0.01542960
85    H  -0.00780609   -0.00760074    0.00595614
86    H  -0.01035273    0.00307632    0.00463681
87    O   0.00184045   -0.00527051   -0.01719383
88    H  -0.00093298    0.00477425    0.00792445
89    H   0.00120903    0.00293014    0.01753241
90    O   0.00607476    0.00778965   -0.01632127
91    H   0.00122190   -0.01070990    0.01201993
92    H  -0.00872427    0.00304374    0.01267353
93    O   0.00354110   -0.00728132   -0.00676500
94    H   0.00080336   -0.00047901    0.00540996
95    H   0.00069153    0.00657068    0.00121322
96    O   0.01335208   -0.00868349   -0.00082087
97    H  -0.00624779    0.00930631    0.00348233
98    H  -0.00690786    0.00550647   -0.00056067
99    O  -0.00634823   -0.00110830   -0.03139992
100    H   0.00827889   -0.00439298    0.01089517
101    H  -0.00342833   -0.00190179    0.01929631
102    O   0.01660858   -0.00106435   -0.01860639
103    H  -0.01427644    0.00310324   -0.00090072
104    H  -0.00453958   -0.00456676    0.01530557
105    O   0.01573270    0.02274402    0.00408058
106    H  -0.00560466   -0.01387441   -0.00360074
107    H  -0.01301789   -0.00698658   -0.01027420
108    O  -0.01214238   -0.00939797   -0.02776189
109    H  -0.00083743   -0.00536523    0.00807056
110    H   0.01276579    0.00709937    0.01603666
111    O   0.01531633    0.02795529   -0.00856207
112    H  -0.01095124   -0.01791238    0.00071216
113    H  -0.00107117   -0.00567789    0.00992942
114    O   0.00790082    0.02121330    0.00393948
115    H  -0.00014568   -0.01147373    0.00585285
116    H  -0.00228763   -0.00580025   -0.00859683
117    O  -0.00554196    0.03074931    0.00808397
118    H   0.00209310   -0.00913558    0.00968931
119    H   0.00447962   -0.01858211   -0.00949302
120    O   0.00619143    0.02633068    0.01605696
121    H  -0.00698785   -0.01519306    0.00099435
122    H   0.00400425   -0.01963738   -0.01026526
123    O  -0.00104419   -0.01415002    0.02645246
124    H  -0.00173928    0.01079868   -0.00487753
125    H  -0.00121654    0.00402508   -0.01941691
126    O   0.00313061   -0.02093939    0.01515040
127    H   0.00425115    0.00420603   -0.00923375
128    H  -0.00896636    0.01419604   -0.00888386
129    O   0.01572058    0.01723270   -0.00866436
130    H  -0.00918845   -0.01266899    0.00423113
131    H  -0.00633198   -0.00733897    0.00391582
132    O  -0.02487891   -0.00384980   -0.00731470
133    H   0.01177543   -0.00273474    0.00351112
134    H   0.01235442    0.00932619    0.00438057
135    O  -0.01785291    0.00645597    0.02535452
136    H   0.01008675   -0.01050596   -0.01496547
137    H   0.00385496    0.00601961   -0.01012451
138    O  -0.01482496    0.03767028   -0.02089461
139    H   0.01475520   -0.00188677    0.00891427
140    H   0.00211421   -0.02311970    0.00638578
141    O   0.02606041    0.03235061   -0.00220453
142    H  -0.00306406   -0.01225187   -0.01215453
143    H  -0.01628347   -0.01360704    0.00861045
144    O   0.02482348    0.01917128    0.00813282
145    H  -0.01301829   -0.01215215   -0.01375049
146    H  -0.01716486   -0.00200004    0.00714639
147    O  -0.01134111    0.01785199   -0.01325687
148    H   0.00713896   -0.01005079    0.00534487
149    H   0.00605542   -0.00475980    0.00200431
150    O   0.00917424    0.01127720    0.00728695
151    H  -0.00055098   -0.00799374   -0.00516189
152    H  -0.00715672   -0.00158569   -0.00684563
153    O  -0.01173638    0.03248130    0.00177353
154    H   0.01225307   -0.01330517    0.00057970
155    H  -0.00257555   -0.01613158   -0.00076700
156    O   0.02967978   -0.01246721   -0.00289745
157    H  -0.01211596    0.00847787    0.00700729
158    H  -0.01906612    0.00330933   -0.00120311
159    O   0.01301088    0.00060942   -0.00955066
160    H  -0.00304819   -0.00827006    0.00774113
161    H  -0.01626333    0.00342427    0.00230935
162    O   0.01007064    0.00130308   -0.01916058
163    H  -0.00917409   -0.00691831    0.00969154
164    H  -0.00334037    0.00277059    0.00713797
165    O  -0.03352839    0.00079495   -0.00090966
166    H   0.01167313    0.00305309   -0.00054107
167    H   0.01110092   -0.00633302    0.00557402
168    O  -0.00456236   -0.00484641    0.01620848
169    H   0.00091481    0.00475542   -0.00448012
170    H   0.00619831   -0.00309987   -0.00932852
171    O   0.01052570    0.00464182    0.01186241
172    H  -0.00495581   -0.00237339   -0.00493888
173    H  -0.00598308   -0.00382859   -0.00771517
174    O   0.02316025   -0.03618877    0.00754466
175    H  -0.00177892    0.00945715   -0.00506341
176    H  -0.01200901    0.02225300   -0.00261507
177    O  -0.00582149   -0.00986593   -0.01206279
178    H   0.00385833    0.00427752    0.00222609
179    H   0.00167944    0.00496862    0.00949631
180    O  -0.00943964    0.01766545    0.02633741
181    H   0.01399858   -0.00561400   -0.01204666
182    H  -0.00652325   -0.01537367   -0.00784009
183    O   0.00374832   -0.01763193    0.02818860
184    H  -0.00605216    0.00681407   -0.00122730
185    H   0.00353806    0.00689846   -0.01762125
186    O  -0.01958664    0.01434341   -0.00901943
187    H   0.00732218   -0.00234617    0.00816396
188    H  -0.00056975   -0.01385783   -0.00149691
189    O  -0.02181675    0.00543865    0.00020570
190    H   0.00439190    0.00226537   -0.00410443
191    H   0.01803992   -0.00645797   -0.00328752
192    O  -0.01854305   -0.02409633    0.00258666
193    H   0.00971194    0.01011163    0.00618231
194    H   0.00362409    0.00950061   -0.00707778
195    O   0.01072172   -0.00639564   -0.00216622
196    H  -0.00872996    0.00635532    0.01174204
197    H  -0.00458597    0.00589175   -0.00276496
198    O   0.02105186    0.00954439   -0.00516880
199    H  -0.01156767    0.00213930    0.00062369
200    H  -0.00732560   -0.01189041    0.00486787
201    O   0.00637114    0.00275209    0.00477147
202    H  -0.00823292   -0.00185271   -0.00718855
203    H  -0.00494946   -0.00423469   -0.00517783
204    O  -0.01780362   -0.01114164   -0.01382324
205    H   0.00383877    0.00532721    0.00738143
206    H   0.00859210    0.01271000    0.00706895
207    O  -0.01688184   -0.01208640    0.01130853
208    H   0.00289415    0.00254749   -0.01377227
209    H   0.01714463    0.00856623   -0.00197985
210    O   0.01445323   -0.01165318    0.00826638
211    H  -0.00435260    0.00822271   -0.00775400
212    H  -0.00905068   -0.00033646   -0.00157910
213    O   0.00861775   -0.00651045    0.00470813
214    H  -0.00786506    0.00334794   -0.00663119
215    H  -0.00626473    0.00640674    0.00014783
216    O  -0.01249559   -0.00234847    0.00195000
217    H   0.00782802    0.00056937    0.00039161
218    H   0.00408073    0.00178804   -0.00362823
219    O  -0.01222633   -0.02480715   -0.01886790
220    H  -0.00462007    0.01896093    0.00693433
221    H   0.00843229    0.01127169    0.01030277
222    O  -0.00787346    0.00085946   -0.02092476
223    H   0.00339430   -0.00455031    0.01480373
224    H  -0.00386444    0.00326161    0.01605769
225    O  -0.00755757   -0.01736043   -0.00357116
226    H   0.00391725    0.00944099   -0.00046496
227    H   0.00181364    0.00871620    0.00684796
228    O  -0.01404341   -0.01309520   -0.04161278
229    H  -0.00332455    0.00406876    0.01541012
230    H   0.01209318    0.00575550    0.02010941
231    O   0.00124309    0.01554883   -0.02500255
232    H   0.00204131   -0.01693281    0.02102490
233    H  -0.00205032   -0.00858245    0.00153415
234    O  -0.02459628    0.00848102    0.02638338
235    H   0.01608946   -0.00178646   -0.02212584
236    H   0.00616595   -0.00810926   -0.00670004
237    O   0.03359215    0.01149743   -0.00792687
238    H  -0.01301182    0.00456036    0.00603221
239    H  -0.00975912   -0.01162073    0.00585398
240    O   0.01989781   -0.00031990    0.00922979
241    H  -0.00642741    0.00405777   -0.00674653
242    H  -0.01317653   -0.00627931   -0.00545860
243    O   0.01155703    0.03155098   -0.01066755
244    H  -0.01121473   -0.02110012    0.00985552
245    H  -0.00533765   -0.00673414   -0.00684519
246    O  -0.00096821    0.02805352    0.01362781
247    H   0.00613308   -0.01222291   -0.01249657
248    H  -0.00611841   -0.01752695   -0.00194951
249    O   0.01665113   -0.00745164    0.01121742
250    H  -0.00809925    0.00638581   -0.00892613
251    H  -0.00944026    0.00362358   -0.00358014
252    O  -0.01879699   -0.01741647   -0.01299658
253    H   0.01120361    0.00655551    0.01126359
254    H   0.01089302    0.01089734    0.00089577
255    O   0.01732833    0.00972596   -0.01710570
256    H  -0.01536928   -0.00465513   -0.00263761
257    H  -0.00234925   -0.00592292    0.01122677
258    O   0.00022627   -0.02307190    0.00520918
259    H   0.00858059    0.00805060   -0.00616750
260    H  -0.00315230    0.01692626    0.00282982
261    O   0.01063334    0.02669594   -0.01139309
262    H  -0.00868083   -0.02304395    0.00670603
263    H  -0.01225500   -0.00287624    0.00726926
264    O   0.00612560    0.00686087   -0.02149515
265    H  -0.00060983    0.00303993    0.00953231
266    H  -0.00569870   -0.01262113    0.00938762
267    O   0.00458388   -0.00983340   -0.00720162
268    H   0.00043973    0.01630450    0.00155904
269    H  -0.00324696    0.00196926    0.01010548
270    O   0.02377333    0.00357432    0.02982596
271    H  -0.01685151   -0.00259302   -0.01594385
272    H  -0.00117233   -0.00294943   -0.01250980
273    O   0.02189446    0.00669585   -0.00616478
274    H  -0.01566908   -0.00484463    0.01081821
275    H  -0.00657990   -0.00265107   -0.00119003
276    O   0.00222806    0.02118265   -0.00529161
277    H   0.00605348   -0.01297053    0.00935768
278    H  -0.00609363   -0.01440195   -0.00507801
279    O  -0.02038414    0.01143189    0.02687003
280    H  -0.00048849   -0.00710981   -0.00741284
281    H   0.01531802   -0.00597496   -0.01003157
282    O   0.02264349   -0.00834594    0.00988398
283    H  -0.01518611    0.00166470   -0.00393924
284    H  -0.00629974    0.00354610   -0.00483944
285    O   0.00084714   -0.02331424    0.01232521
286    H  -0.00961966    0.00971275    0.00148566
287    H   0.00490531    0.01185481   -0.00547156
288    O  -0.03192809    0.01348976    0.01591842
289    H   0.01008233   -0.01152571   -0.00894824
290    H   0.01903839   -0.00295337   -0.00146718
291    O   0.01863730   -0.00433378   -0.01405226
292    H  -0.00447519    0.00307614    0.01384419
293    H  -0.01144843    0.00117366    0.00011042
294    O   0.01138710   -0.01493413   -0.02036562
295    H  -0.01114313    0.00942049    0.01333774
296    H  -0.00257015   -0.00007716    0.01142284
297    O   0.00092262    0.00859054   -0.01386768
298    H   0.00572305    0.00085667    0.01505393
299    H  -0.00230154   -0.01188704    0.00679658
300    O  -0.01003256   -0.02443862    0.00272881
301    H   0.00838977    0.00516696    0.00382493
302    H  -0.00127885    0.01295339   -0.00664804
303    O  -0.01112513   -0.00681933    0.02182220
304    H   0.00943911   -0.00804579   -0.00926661
305    H   0.01047119    0.00620960   -0.01241943
306    O   0.01134065    0.01732764   -0.00072041
307    H  -0.01020029   -0.00943944    0.00203073
308    H  -0.00074049   -0.00871851    0.00101433
309    O  -0.01375542    0.01392833    0.01132917
310    H   0.00828986   -0.00976522   -0.00337266
311    H   0.00580367   -0.00293799   -0.00613765
312    O  -0.02358311    0.01347655   -0.02497741
313    H   0.00454682    0.00025166    0.01427955
314    H   0.00737481   -0.00529770    0.01023996
315    O   0.01633859   -0.00556025   -0.00565183
316    H  -0.00741427   -0.00224046    0.00704221
317    H  -0.00974992    0.00847999    0.00042986
318    O   0.01352783   -0.01076730   -0.02779568
319    H  -0.00962641    0.00617576    0.01504899
320    H  -0.00619157   -0.00192779    0.00837768
321    O  -0.00491682    0.00791870   -0.01091711
322    H   0.01045508   -0.00007537    0.00387240
323    H  -0.00324425   -0.00020499    0.01233420
324    O  -0.00856929    0.01525923    0.01455928
325    H   0.00981642   -0.00748737   -0.01559124
326    H  -0.00562366   -0.00922683    0.00082647
327    O   0.00321383    0.02054733    0.00986574
328    H   0.00607566   -0.01050287   -0.01667257
329    H  -0.00566771   -0.01432128    0.00373998
330    O  -0.00205349    0.00474555   -0.02210883
331    H   0.00236168    0.00482766    0.02081718
332    H  -0.00657657   -0.00994444    0.00844923
333    O   0.01719496    0.01627586    0.01281637
334    H  -0.00593505    0.00052722   -0.00602783
335    H  -0.01884865   -0.00999365   -0.00355572
336    O   0.03606893   -0.02256076   -0.03000473
337    H  -0.02029513    0.00332494   -0.00259429
338    H  -0.00926242    0.01182283    0.02097182
339    O  -0.01827553   -0.02133542   -0.00485978
340    H   0.00523223    0.00947649   -0.00514744
341    H   0.00964437    0.01312269    0.00812948
342    O  -0.03487868   -0.01824046    0.01178607
343    H   0.00909571    0.00636146   -0.01211186
344    H   0.01203192    0.00148744   -0.00358255
345    O   0.01025638    0.01519749    0.00654596
346    H  -0.01316797   -0.01456639   -0.00285737
347    H  -0.00378190   -0.00365191   -0.00303387
348    O   0.01238658    0.00737572   -0.00432504
349    H  -0.00589189   -0.00034916    0.00331644
350    H  -0.01143399   -0.00768973    0.00047949
351    O  -0.00382024   -0.00644168    0.02104184
352    H  -0.00311320    0.00438995   -0.01664953
353    H   0.00449446    0.00263679   -0.00268816
354    O  -0.00875451    0.01450999   -0.00216204
355    H   0.00362161   -0.01229531    0.00397695
356    H   0.00851712   -0.00891327   -0.00376767
357    O   0.01224723   -0.02486154    0.00281477
358    H  -0.00396326    0.01163514   -0.00625809
359    H  -0.00416600    0.00712458    0.00704551
360    O   0.01082844    0.01084257    0.01906929
361    H  -0.00205215   -0.00262634   -0.01175190
362    H  -0.00990531   -0.00503262   -0.00716959
363    O   0.02640434    0.01125957    0.02283316
364    H  -0.01053458   -0.00716450   -0.01838347
365    H  -0.01329264    0.00093524    0.00097880
366    O   0.02854835   -0.00350130   -0.00864731
367    H  -0.01206772    0.00916931    0.00813540
368    H  -0.01720431   -0.00336627   -0.00060017
369    O  -0.02256828    0.01548479   -0.00910785
370    H   0.00151082   -0.00265597   -0.00178794
371    H   0.01317643   -0.01184805    0.00919908
372    O   0.03486938   -0.00601632    0.00052534
373    H  -0.01324551    0.00089793   -0.00910662
374    H  -0.01774288    0.00811858    0.01295143
375    O   0.01612899    0.03339235    0.02039160
376    H  -0.01293388   -0.01033980   -0.01354699
377    H  -0.00745868   -0.01783715   -0.00432417
378    O   0.00406322    0.01713881    0.02970905
379    H   0.00204656   -0.00951868   -0.00983200
380    H  -0.00742098   -0.00763550   -0.01984550
381    O  -0.01853974   -0.00601672    0.00100692
382    H   0.00743504   -0.00125494    0.00034323
383    H   0.01271368    0.00770131   -0.00051001
384    O  -0.00219125    0.01905371    0.01661318
385    H   0.00041136   -0.00627152   -0.01709414
386    H   0.00300814   -0.01407885   -0.00091225
387    O   0.03039984    0.01799899    0.00526125
388    H  -0.01557040    0.00089674   -0.00188390
389    H  -0.01490953   -0.01330414   -0.00249778
390    O   0.01103290    0.00494916    0.00936561
391    H  -0.01091958   -0.00370581   -0.01163545
392    H  -0.00787410   -0.00721751    0.00081508
393    O   0.00221202   -0.02317913   -0.00791906
394    H   0.00066888    0.01468927   -0.00133501
395    H  -0.00234622    0.00883893    0.00560727
396    O   0.01766561    0.02262524   -0.00729817
397    H  -0.01374767   -0.01238828    0.01016202
398    H  -0.01159774   -0.00657870   -0.00436755
399    O  -0.00144295   -0.01380405   -0.01926055
400    H   0.00074066    0.00550868    0.01310820
401    H  -0.00213272    0.00390195    0.00703368
402    O   0.01094425    0.02448910    0.01177866
403    H  -0.00183385   -0.01109326    0.00244001
404    H  -0.01604052   -0.00790631   -0.00910261
405    O   0.02267182    0.00854403   -0.00150376
406    H  -0.01168825   -0.00478622    0.00312400
407    H  -0.00738484   -0.00486297   -0.00119354
408    O   0.00480952   -0.01998753   -0.00580245
409    H  -0.00796602    0.00348901   -0.00057021
410    H   0.00088067    0.01184470    0.00017330
411    O   0.00455416   -0.01966764    0.01255150
412    H  -0.00467332    0.00781457   -0.00473425
413    H  -0.00235189    0.01239948   -0.00849669
414    O   0.01117278    0.00524043    0.03176188
415    H  -0.01477195    0.00830063   -0.01214010
416    H   0.00271168   -0.00719843   -0.01582755
417    O   0.00172498   -0.01827247    0.00355937
418    H  -0.00981254    0.00814812   -0.00388499
419    H  -0.00032424    0.01657441   -0.00694747
420    O   0.02343225    0.01529637    0.00698855
421    H  -0.01198352    0.00231458    0.00142056
422    H  -0.01080023   -0.01225002   -0.00926333
423    O  -0.01290998    0.00219934    0.01190321
424    H   0.01320794    0.00350019   -0.00509749
425    H   0.00687486   -0.00358891   -0.00669207
426    O   0.00948592   -0.00587244   -0.00482470
427    H  -0.00545753    0.00332156    0.00050396
428    H  -0.00275319    0.00052359    0.00550600
429    O  -0.00652981    0.01504873    0.02080578
430    H   0.00216652   -0.01026495   -0.00649013
431    H   0.00601044   -0.01009612   -0.01745169
432    O   0.00666019    0.03788229   -0.01493199
433    H   0.00168409   -0.02102572    0.00722510
434    H  -0.00591266   -0.01238933    0.00595190
435    O  -0.02416638   -0.00721044   -0.01182645
436    H   0.01227273   -0.00117549   -0.00034284
437    H   0.00592330    0.00232490    0.01239634
438    O  -0.01484060    0.02931260   -0.00727441
439    H   0.01686954   -0.00719740    0.00122094
440    H   0.00847499   -0.01491909    0.00747896
441    O   0.01859997   -0.01972143   -0.00471976
442    H  -0.02127316    0.01380218    0.00034756
443    H  -0.00879026    0.01009859   -0.00474816
444    O   0.02885921   -0.00913913    0.01343087
445    H  -0.01486617    0.01245949   -0.00741603
446    H  -0.01353356   -0.00273457   -0.01381470
447    O   0.01456367    0.02912410    0.00012879
448    H  -0.00589309   -0.02205406    0.00294847
449    H  -0.00589828   -0.00166901   -0.00626321
450    O   0.01218408    0.01180266    0.02037174
451    H  -0.00397651    0.00411367   -0.01071742
452    H  -0.01490276   -0.00876114   -0.01182823
453    O   0.02477398   -0.00507428   -0.01201370
454    H  -0.00966007    0.00684212    0.00500978
455    H  -0.01301441   -0.00390695    0.00608647
456    O  -0.00271489   -0.01416548   -0.00638571
457    H   0.00151316    0.01499893   -0.00019417
458    H  -0.00775829    0.00663861    0.00468361
459    O   0.02023416    0.03740375   -0.02534623
460    H  -0.01914658   -0.01398957    0.00579031
461    H   0.00464937   -0.01514052    0.01440705
462    O  -0.01148518   -0.01034811    0.00468314
463    H   0.01207941   -0.00143228   -0.00597414
464    H   0.00493244    0.00801813   -0.00058812
465    O   0.00901095    0.02634271    0.01856970
466    H  -0.01109343   -0.01383323   -0.01222967
467    H   0.00278924   -0.01076608   -0.00260437
468    O  -0.02957100   -0.00199920   -0.00941316
469    H   0.01585413    0.00248940    0.01049675
470    H   0.01817407    0.00149380   -0.00168915
471    O   0.01138152    0.00310460   -0.01140087
472    H  -0.00641908   -0.00259585    0.00505853
473    H  -0.00712200    0.00078631    0.00805943
474    O  -0.02275457   -0.00449543   -0.01499897
475    H   0.01770855    0.00510709    0.01250605
476    H   0.01487202   -0.00264520    0.00605882
477    O  -0.00418169    0.01356333   -0.01843389
478    H   0.00717808   -0.00472379    0.01154445
479    H  -0.00137342   -0.00602114    0.00426423
480    O   0.00118477    0.00950843   -0.02324673
481    H   0.00038989   -0.00006067    0.01639644
482    H  -0.00479463   -0.00995494    0.00605694
483    O   0.01468501    0.02233572    0.00274397
484    H  -0.01289259    0.00069467   -0.00347254
485    H  -0.00334728   -0.01608951   -0.00432605
486    O   0.02497116    0.00395110    0.01283244
487    H  -0.00721689   -0.00010946   -0.00705474
488    H  -0.01494136   -0.00321755   -0.00617240
489    O  -0.00817529    0.01256753    0.02514668
490    H  -0.00136537   -0.00171022   -0.01666034
491    H   0.00561047   -0.01016412   -0.00874105
492    O   0.02678158   -0.02488179   -0.01723063
493    H  -0.00961510    0.01171752    0.00796912
494    H  -0.00387789    0.01059019    0.01165524
495    O  -0.00415907    0.01696259    0.00015855
496    H  -0.00093888   -0.01019879   -0.00182813
497    H   0.00188274   -0.01464550   -0.00603928
498    O  -0.00368689   -0.00314135   -0.01362943
499    H   0.01147084    0.00487342    0.00518176
500    H   0.00274546    0.00879688    0.00641489
501    O   0.00060583    0.01300454   -0.01480120
502    H  -0.00027049   -0.00376600    0.00524119
503    H  -0.00248709   -0.00332094    0.00878142
504    O  -0.01498488   -0.00006802    0.01647813
505    H   0.00642855   -0.00371729   -0.00593301
506    H   0.00378810   -0.00051835   -0.00664515
507    O  -0.00663154    0.02281190    0.00694604
508    H   0.01469877   -0.01551537   -0.00559302
509    H  -0.00803605   -0.01515989   -0.00413631
510    O   0.02477816   -0.01370335   -0.02799959
511    H  -0.01097692    0.01067369    0.01411279
512    H  -0.00985519   -0.00472451    0.00836437
513    O  -0.03082578   -0.03212503   -0.01597160
514    H   0.01984478    0.01422036    0.00627035
515    H   0.00523685    0.00817424    0.01648139
516    O   0.00262584   -0.02006671    0.02927370
517    H   0.00478522    0.01025850   -0.01945007
518    H  -0.00611453    0.01233781   -0.00596516
519    O  -0.01509664    0.02209708   -0.00063757
520    H   0.01244789   -0.00883681   -0.00138704
521    H   0.00722530   -0.00957439   -0.00675332
522    O   0.01109526    0.00403511   -0.01857396
523    H  -0.00684968    0.00103965    0.00989313
524    H  -0.00412160   -0.00398219    0.01439656
525    O   0.01171821    0.01375845   -0.00592704
526    H  -0.00891201   -0.00428796   -0.00533574
527    H  -0.00599642   -0.00551533    0.00411524
528    O   0.00322215   -0.01089323   -0.01660652
529    H   0.00053516    0.00575182    0.00531347
530    H  -0.00863993    0.00678454    0.00790338
531    O  -0.01889888    0.02741208    0.02615464
532    H   0.00184404   -0.01625213    0.00040811
533    H   0.00902262   -0.00798367   -0.01552128
534    O  -0.00673245   -0.03150856    0.00660568
535    H  -0.00094477    0.01242440   -0.01264724
536    H   0.00274303    0.01530014    0.00636798
537    O   0.01446781    0.00779154    0.00845191
538    H  -0.01200568   -0.00611505   -0.00638588
539    H  -0.00063703   -0.00316327   -0.00137340
540    O  -0.00992674   -0.00867790    0.02196643
541    H   0.00615381   -0.00146783   -0.01637083
542    H  -0.00062047    0.00702782   -0.00310466
543    O  -0.01678823   -0.03624753   -0.01313271
544    H   0.00663430    0.00121509   -0.00345939
545    H   0.00434903    0.01885387   -0.00115180
546    O   0.03037995   -0.00556458    0.02539740
547    H  -0.01814564   -0.00797813   -0.00562979
548    H  -0.01211995    0.01015645   -0.01138193
549    O   0.00348578   -0.00245513   -0.00343276
550    H  -0.00065159    0.00175345    0.00208305
551    H  -0.00221171    0.00459020    0.00229205
552    O  -0.02694226   -0.00739425   -0.00215858
553    H   0.01376447   -0.00254297   -0.00900535
554    H   0.01187662    0.01056498    0.00694959
555    O   0.01233192    0.00633421    0.00027468
556    H  -0.00218466   -0.00333956    0.00345556
557    H  -0.01188273   -0.00170941   -0.00444623
558    O  -0.00047001    0.01269059   -0.00069812
559    H  -0.00247822   -0.00793139    0.00393829
560    H   0.00384853   -0.00792498    0.00421075
561    O   0.02244199    0.02374952    0.01507678
562    H  -0.01091888   -0.01394700    0.00003738
563    H  -0.00188315   -0.00376058   -0.01322875
564    O  -0.01552354   -0.00367786    0.00756591
565    H   0.01130927    0.00251104    0.00063151
566    H   0.00521240   -0.00246554   -0.00397197
567    O   0.01732827    0.00414300    0.00886110
568    H  -0.00700165   -0.00475265    0.00396456
569    H  -0.00339051   -0.00811713   -0.01042502
570    O   0.01469453    0.01849500   -0.00120338
571    H  -0.01636574   -0.00382373    0.00315021
572    H  -0.00698732   -0.01466494    0.00900088
573    O   0.02079082   -0.00773504   -0.01662124
574    H  -0.01697570    0.00848235    0.00986072
575    H  -0.00063091    0.00391894    0.01074172
576    O   0.00975674    0.00130545   -0.01341315
577    H  -0.00587511    0.00364030    0.00930701
578    H  -0.00904454   -0.00225697    0.00949783
579    O   0.01066672   -0.00576922    0.03085259
580    H  -0.00790691   -0.00468770   -0.01769150
581    H  -0.00198654    0.01112155   -0.01366034
582    O  -0.01366066   -0.00926450    0.00961606
583    H   0.01422931    0.01200322   -0.00670691
584    H   0.00304098    0.00122238   -0.00270675
585    O   0.00890392    0.02178090    0.00769662
586    H  -0.00574129   -0.01630537    0.00163804
587    H  -0.00001952   -0.00018626   -0.00449468
588    O   0.00139887    0.01734096    0.01221800
589    H  -0.00137875   -0.00230820   -0.00160788
590    H   0.00037604   -0.00761155   -0.00684004
591    O   0.01593523    0.01332594    0.00684853
592    H  -0.00283387   -0.01301731   -0.01065121
593    H  -0.01165613   -0.00104074   -0.00649967
594    O   0.01158205   -0.00474217    0.02107016
595    H  -0.01366107    0.00536734   -0.01375354
596    H  -0.00059544   -0.00363301   -0.00994566
597    O  -0.00763195    0.01256448    0.00263924
598    H   0.00736742   -0.00958483   -0.00536221
599    H   0.00080559   -0.01132702    0.00302338
600    O  -0.01142381    0.01469442    0.00118310
601    H   0.00519970   -0.00825715   -0.00207127
602    H   0.00391771   -0.00835800    0.00253978
603    O  -0.01214457    0.02834251    0.01030631
604    H   0.01271084   -0.01126354   -0.00286334
605    H  -0.00462691   -0.01199847   -0.00771415
606    O  -0.01492384    0.01828894   -0.00710492
607    H   0.00935992   -0.00510829    0.00070371
608    H   0.00060846   -0.01125725    0.00349708
609    O  -0.00926151    0.01051704    0.01604233
610    H   0.00232345   -0.00734503   -0.00142753
611    H  -0.00080753   -0.00306917   -0.01670924
612    O   0.01089639    0.01354808    0.01702918
613    H  -0.00660314   -0.01104113   -0.00683301
614    H   0.00002075   -0.00925543   -0.00588605
615    O  -0.00368598    0.01383513   -0.01851370
616    H  -0.00185014   -0.00960358    0.00760155
617    H   0.00531327    0.00060502    0.00665417
618    O   0.00728521   -0.02635017    0.01567643
619    H  -0.00675835    0.01205352   -0.00380220
620    H   0.00519314    0.01411648   -0.00944669
621    O  -0.02835721    0.00545231   -0.01032671
622    H   0.01226264    0.00127617    0.00456506
623    H   0.01127653   -0.00424887    0.00277583
624    O  -0.00414339    0.01981132   -0.00757325
625    H   0.00569419   -0.01110447    0.00535380
626    H   0.00107110   -0.00488568    0.00233917
627    O  -0.00014798    0.00672768   -0.01796906
628    H  -0.00817757    0.00256599    0.01453714
629    H   0.01256880   -0.00027725    0.01179484
630    O  -0.00696024    0.01118720    0.01692457
631    H  -0.00102253   -0.00751804   -0.00273825
632    H   0.01099909    0.00114855   -0.00578649
633    O   0.04231815   -0.01021732    0.00865933
634    H  -0.02410564   -0.00362669    0.00089341
635    H  -0.01715909    0.00958752   -0.00448366
636    O   0.00868733   -0.00450277    0.00955462
637    H  -0.00625767   -0.00562731   -0.00351586
638    H  -0.00826085    0.00341124   -0.00932870
639    O   0.01689419    0.00864398    0.03701185
640    H  -0.00768574   -0.00935136   -0.00435526
641    H  -0.00825379    0.00034962   -0.02334421
642    O  -0.00689597   -0.02515422   -0.01325941
643    H  -0.00389250    0.01366885   -0.00069238
644    H   0.00626748    0.01253969    0.01178307
645    O  -0.00146714    0.01516222   -0.00289731
646    H  -0.00055116   -0.00396638    0.00189658
647    H   0.00055518   -0.01040925   -0.00137580
648    O  -0.03305025   -0.00232292    0.00239113
649    H   0.01952174    0.00392935    0.00564578
650    H   0.00889571    0.00178753   -0.01261982
651    O   0.00857195   -0.01707916    0.02065926
652    H  -0.00615922    0.01406767   -0.00556713
653    H  -0.00264459    0.00802723   -0.01724577
654    O  -0.01931411    0.01679407   -0.01920987
655    H   0.00604247   -0.01913994    0.01017817
656    H   0.01848395   -0.00226510    0.01069717
657    O   0.02465035   -0.01510689   -0.00357056
658    H  -0.00406621    0.00457181   -0.00584755
659    H  -0.01522127    0.01112085    0.00903517
660    O  -0.02333314   -0.00853133   -0.00019754
661    H   0.00712725   -0.00151210   -0.00672882
662    H   0.01535142    0.00775278    0.00289076
663    O  -0.00398307   -0.03291486   -0.00347001
664    H  -0.01193133    0.01626291   -0.00418249
665    H   0.01304151    0.01555438    0.00414346
666    O   0.00390970    0.00966827   -0.00536984
667    H  -0.00592034   -0.00419082    0.00174000
668    H  -0.00332727   -0.00737335    0.00378748
669    O   0.02557545   -0.01681443    0.01207008
670    H  -0.00351406    0.01278084   -0.00748205
671    H  -0.01728337    0.00469205    0.00013844
672    O  -0.00614353    0.01577529   -0.01449315
673    H   0.00524191   -0.00689292    0.01346365
674    H  -0.00371780   -0.01374045    0.01447077
675    O  -0.01863238    0.01312938   -0.00090122
676    H   0.01639135   -0.00823198    0.00522119
677    H   0.00335620   -0.00886293    0.00424631
678    O  -0.00181142   -0.00784404   -0.01183144
679    H  -0.00325597    0.00722561    0.01502747
680    H  -0.00043722    0.00904264    0.00080668
681    O   0.00805282    0.01562944    0.00913732
682    H  -0.00726626   -0.00488115   -0.00506335
683    H   0.00212778   -0.01369137   -0.00780625
684    O   0.01987151   -0.00422128   -0.00644581
685    H  -0.00541499   -0.00171116   -0.00168846
686    H  -0.01798981    0.00326751    0.01213738
687    O   0.01815871    0.00283838   -0.00038784
688    H  -0.00410419   -0.01176263   -0.00023349
689    H  -0.01491274    0.00502256    0.00080746
690    O  -0.00038237   -0.01834436    0.01050677
691    H  -0.00952927    0.00988805   -0.00852735
692    H   0.00502225    0.00966794   -0.00185518
693    O  -0.01432666   -0.00656154   -0.02875285
694    H   0.00137987    0.01478554    0.00387973
695    H   0.01624498    0.00067853    0.01917486
696    O  -0.02584074    0.02104918    0.01199771
697    H   0.01595846   -0.00271405   -0.00448957
698    H   0.00780827   -0.01549155   -0.00206454
699    O  -0.02402122    0.02305527    0.01954297
700    H   0.01045113   -0.00580226   -0.01668038
701    H   0.01198057   -0.01518134   -0.00257891
702    O   0.01384060   -0.02594177   -0.00008204
703    H  -0.00704283    0.01823240    0.00217111
704    H  -0.00799302    0.00269106   -0.00069188
705    O  -0.00515697    0.01904440   -0.01781446
706    H  -0.00213669   -0.01334137    0.00980204
707    H   0.00879802   -0.00762977    0.00901411
708    O   0.01465473    0.01228590   -0.01501674
709    H  -0.00821240   -0.00930207    0.00527829
710    H  -0.00191572   -0.00742735    0.01133749
711    O   0.02474294    0.01559477   -0.02448451
712    H  -0.01350027    0.00238421    0.01336518
713    H  -0.01629977   -0.01443380    0.01064535
714    O   0.02424407    0.01250115    0.00835023
715    H  -0.01417899   -0.00650389    0.00372001
716    H  -0.01037120   -0.00564555   -0.00534052
717    O  -0.04099582   -0.01474078   -0.00205103
718    H   0.01774030   -0.00799449   -0.00510939
719    H   0.01755912    0.01789362    0.00454367
720    O  -0.03038846    0.00996120    0.01566960
721    H   0.01273466   -0.00273765   -0.00633757
722    H   0.00107189    0.00052285   -0.00026799
723    O  -0.00243610    0.01355692   -0.03557940
724    H   0.00236245    0.00298073    0.02040487
725    H  -0.01384279   -0.00648793    0.00936939
726    O   0.00443493   -0.00373581   -0.03202570
727    H   0.00404389    0.00349510    0.01222203
728    H  -0.00653614   -0.00094224    0.01144649
729    O   0.00199096    0.03564608   -0.01542752
730    H   0.00412670   -0.00311622    0.01668442
731    H  -0.00072002   -0.02013284   -0.00200235
732    O  -0.00981418   -0.02951377    0.00113077
733    H   0.00979545    0.00777446    0.00112104
734    H  -0.00269059    0.01965092    0.00035880
735    O  -0.01240718   -0.00785431   -0.02731833
736    H   0.01662090    0.00005452    0.01122555
737    H  -0.00164323    0.00102092    0.01815019
738    O   0.00393889   -0.03114394    0.03024509
739    H   0.01005035    0.01349816   -0.00853279
740    H  -0.00762169    0.01138751   -0.01422251
741    O   0.00936244   -0.01347703   -0.01117857
742    H  -0.00447541    0.00215454    0.00354754
743    H  -0.00619081    0.01430173    0.00643780
744    O   0.00955678    0.00840325   -0.00510511
745    H  -0.00528683   -0.00016319   -0.00856634
746    H  -0.00842084   -0.00324218    0.00873365
747    O   0.00111611    0.02959413   -0.00164291
748    H  -0.01020304   -0.01286907   -0.00436772
749    H   0.00664008   -0.01496121    0.00336398
750    O  -0.00700226   -0.01360447    0.02141985
751    H   0.00171770    0.01402889   -0.00396208
752    H   0.00270388    0.00123481   -0.01479004
753    O   0.00795649    0.01847878    0.00173353
754    H  -0.00476143   -0.01683709    0.00636614
755    H   0.00282971   -0.00942688   -0.00494748
756    O  -0.00615656    0.02401235    0.00148195
757    H  -0.00441669   -0.00988905    0.00000010
758    H   0.00888752   -0.01782922   -0.00131574
759    O  -0.01351816   -0.02302829   -0.00756024
760    H   0.00892150    0.01613822    0.00461665
761    H   0.00108876    0.00408676    0.00203797
762    O  -0.00148317    0.01468255   -0.02173713
763    H  -0.00298298   -0.00541360    0.01097842
764    H   0.00153813   -0.00938007    0.00684506
765    O  -0.00395920    0.00052318    0.02014487
766    H   0.00154016    0.00512369   -0.01298322
767    H   0.00365037   -0.00531344   -0.00974618
768    O  -0.03772782    0.00286460    0.00785611
769    H   0.01720408   -0.00478489   -0.00950882
770    H   0.00837970   -0.00158698    0.00698091
771    O   0.01878476   -0.01173144    0.01677218
772    H  -0.01291424    0.00643935   -0.00926599
773    H  -0.00738041    0.00641626   -0.01412522
774    O  -0.03084320   -0.02023075   -0.00649513
775    H   0.01300911    0.01456107   -0.00005273
776    H   0.01306414    0.00040308    0.00600269
777    O  -0.03169670   -0.01103651   -0.00693747
778    H   0.01398682    0.00031809   -0.00464063
779    H   0.01136551    0.01052603    0.00772518
780    O   0.02665702    0.00454316   -0.01432899
781    H  -0.00574903   -0.00872373   -0.00154554
782    H  -0.01438554   -0.00291857    0.01147230
783    O   0.01865494   -0.00110130   -0.01269526
784    H  -0.00702978    0.00267687    0.00394055
785    H  -0.01497540    0.00200335    0.01167038
786    O  -0.00437914   -0.01673879   -0.01783780
787    H  -0.00182351    0.00074160    0.00940514
788    H   0.00605505    0.01431971    0.00231293
789    O  -0.00695500    0.01219223    0.02291586
790    H  -0.00229772   -0.00482198   -0.01111294
791    H   0.00886982   -0.00538143   -0.01237943
792    O  -0.01407953   -0.00812480    0.02365426
793    H   0.00674721    0.00061086   -0.00356461
794    H   0.00357604    0.00611916   -0.01688922
795    O   0.00703606    0.01153851    0.00034861
796    H  -0.00160174   -0.00498462   -0.00142635
797    H  -0.00222864   -0.00803007   -0.00194301
798    O   0.01907836    0.04018358    0.02689931
799    H   0.00232382   -0.02105733   -0.00294867
800    H  -0.01960729   -0.01263137   -0.01450911
801    O   0.02658008   -0.00959476   -0.00777586
802    H  -0.01220121    0.00694674   -0.00297467
803    H  -0.00851941    0.00327854    0.01231810
804    O   0.02079392    0.01968315   -0.00603163
805    H  -0.01189111   -0.01404486    0.00426923
806    H  -0.00856681   -0.00098786    0.00379297
807    O   0.01763982   -0.02866319   -0.03363712
808    H  -0.00479609   -0.00022332    0.01642649
809    H  -0.00773694    0.02123074    0.01670239
810    O  -0.01638529   -0.00135719    0.00417665
811    H   0.00834665   -0.00166275    0.00572380
812    H   0.00928537    0.00142757   -0.00741315
813    O  -0.00744402   -0.01410189    0.01923025
814    H   0.00510528    0.00973679   -0.00845455
815    H   0.00049036    0.00812024   -0.01487063
816    O  -0.02319027   -0.00897723   -0.00033506
817    H   0.01555771    0.00904188    0.00033113
818    H   0.00795043    0.00216405   -0.00037269
819    O   0.02999645    0.00038407   -0.00775080
820    H  -0.01619224   -0.00035759   -0.00924596
821    H  -0.00840810    0.00104492    0.01346015
822    O   0.02363502    0.00347820    0.00793718
823    H  -0.01290865   -0.00156364   -0.00462452
824    H  -0.01016291   -0.00286279   -0.00459282
825    O  -0.01491745   -0.02652388    0.01436306
826    H   0.00236419    0.02006618   -0.00952185
827    H   0.01048754    0.00073193   -0.00421722
828    O  -0.00473460   -0.01073803    0.00680854
829    H   0.00303812    0.00327633   -0.00377206
830    H   0.00262257    0.00691740    0.00015323
831    O  -0.00162540    0.01918809    0.02073593
832    H   0.00277173   -0.00404889   -0.00656796
833    H  -0.00126452   -0.01314684   -0.01153184
834    O   0.00139139    0.03485315   -0.02135232
835    H  -0.00415310   -0.02430653    0.01260994
836    H  -0.00416151   -0.00820893    0.01195113
837    O  -0.00474921   -0.01472818   -0.01302473
838    H   0.00590447    0.00970192    0.01376905
839    H   0.00557806    0.00962436   -0.00147943
840    O   0.01101032   -0.00448490   -0.02565214
841    H  -0.00890804    0.00497635    0.01633151
842    H  -0.00616777    0.00651321    0.00810794
843    O   0.01044410    0.00656864    0.03221810
844    H   0.00505312    0.00678019   -0.01462480
845    H  -0.00759399   -0.01026908   -0.01370304
846    O   0.02019855    0.00235235    0.01788843
847    H  -0.01203284    0.00188599    0.00098478
848    H  -0.01336761   -0.00638320   -0.01779238
849    O   0.01873266    0.01681053   -0.01152059
850    H  -0.00135751   -0.00399122    0.00481551
851    H  -0.01470968   -0.01481596    0.00519711
852    O  -0.00426663    0.01677712    0.00725853
853    H   0.00643105   -0.00533711    0.00093386
854    H  -0.00107777   -0.01002438   -0.00960954
855    O  -0.01249589   -0.00571497    0.02869288
856    H   0.00623144    0.01092177   -0.01652255
857    H   0.00493361   -0.00401872   -0.01799779
858    O  -0.01890598   -0.01265277    0.01222098
859    H   0.01998245    0.00821436   -0.00359228
860    H   0.01030503    0.00543898   -0.01112945
861    O  -0.00437434    0.00256751   -0.01608714
862    H   0.00548279   -0.00072926    0.00745406
863    H   0.00005315   -0.00156036    0.01040052
864    O   0.02428271   -0.01643733    0.00875246
865    H  -0.02109196    0.00292023   -0.00208683
866    H  -0.00333723    0.01369279   -0.00137028
867    O   0.00646953    0.00037067   -0.01757876
868    H  -0.00743003    0.00218504    0.00232055
869    H   0.00168450    0.00424655    0.01714473
870    O  -0.00016614   -0.00159578    0.01230818
871    H  -0.00314416   -0.00045553   -0.00884142
872    H   0.00131741   -0.00114599   -0.00951480
873    O   0.01089977    0.00759133    0.01826587
874    H  -0.00716049   -0.00652633   -0.00507477
875    H  -0.00234056   -0.00529949   -0.01498714
876    O  -0.00817618    0.00824279   -0.03042188
877    H   0.01093637   -0.01260368    0.01245790
878    H  -0.00951516    0.00381695    0.01818483
879    O  -0.01088095    0.00807028    0.03697412
880    H  -0.00060793    0.00469401   -0.01102605
881    H   0.00578759   -0.00442683   -0.02250998
882    O   0.01568546    0.01703798   -0.00543957
883    H  -0.00382208   -0.01073568    0.00098377
884    H  -0.00925111   -0.00859144    0.00174714
885    O   0.01006669    0.01231532    0.02211261
886    H  -0.00812421   -0.00732858   -0.01434613
887    H  -0.00454474    0.00012837   -0.00893402
888    O   0.01766311   -0.01364987   -0.01102248
889    H  -0.01127967    0.01127229    0.00086463
890    H   0.00375288    0.00189025    0.01205066
891    O   0.00405158   -0.01829642   -0.02489837
892    H   0.00218687    0.01715069    0.01325167
893    H  -0.00823385    0.00125831    0.01371041
894    O   0.00429353    0.01852052   -0.01709066
895    H  -0.00206035   -0.01482635    0.01019468
896    H  -0.00503289   -0.00573473    0.00790601
897    O  -0.00798636   -0.02697772   -0.01745568
898    H   0.00478642    0.01317494    0.00280426
899    H   0.00475563    0.01298033    0.01340704
900    O  -0.02907642   -0.02874375   -0.00824162
901    H   0.01447418    0.01790412    0.00836375
902    H   0.00715493    0.00084380   -0.00764378
903    O  -0.00455419    0.00998067   -0.01874577
904    H   0.00553160   -0.00646410    0.00587498
905    H   0.00385231   -0.00554200    0.01386119
906    O  -0.00115383    0.00927555   -0.01745097
907    H   0.00365528   -0.00488017    0.01106681
908    H  -0.00674402   -0.00410839    0.00671558
909    O   0.02867351   -0.02224581    0.01572541
910    H  -0.01085313    0.01584372   -0.00277790
911    H  -0.01693408    0.00677426   -0.01264748
912    O  -0.00205623   -0.01342403   -0.01392304
913    H  -0.00013273    0.00927941   -0.00169241
914    H   0.00663251    0.01230862    0.01253838
915    O  -0.00899596    0.01601759   -0.02821561
916    H   0.00505922   -0.00366914    0.01154572
917    H  -0.00205445   -0.00941829    0.01456075
918    O   0.00262722   -0.02001466    0.02238016
919    H   0.00565170    0.01664869   -0.00652599
920    H  -0.00610735    0.00807167   -0.01873622
921    O  -0.01450003    0.01116359   -0.03668655
922    H   0.00946271   -0.00251155    0.01964505
923    H  -0.00049576   -0.00288502    0.00738802
924    O  -0.01375922   -0.03883736   -0.01000613
925    H  -0.00231317    0.02101944    0.00538223
926    H   0.00808666    0.00816308    0.00557960
927    O  -0.01830180    0.02264084   -0.01140736
928    H   0.00675359   -0.00869278   -0.00063534
929    H   0.01314765   -0.01134163    0.01011404
930    O   0.02829212    0.01988293    0.00546551
931    H  -0.01516289   -0.01593256   -0.00946597
932    H  -0.01244977   -0.00431044    0.00256862
933    O  -0.00578703   -0.02412208   -0.01840979
934    H  -0.00314974    0.01352007    0.00711762
935    H   0.00624044    0.00518493    0.01112279
936    O  -0.00845963    0.01930529    0.00153961
937    H   0.00852672   -0.00972316    0.00854658
938    H   0.00510471   -0.00952271   -0.00539672
939    O  -0.02095551    0.01542954    0.00007095
940    H   0.00559849   -0.00280000    0.00724251
941    H   0.01410026   -0.00947728   -0.00629400
942    O  -0.00543912   -0.02435556    0.00430849
943    H   0.00677904    0.02058811    0.00038842
944    H  -0.00537708    0.00813708   -0.01073056
945    O  -0.02225573    0.01261005    0.00395229
946    H   0.00694942   -0.00395939   -0.00272979
947    H   0.01778616   -0.00621835   -0.00044143
948    O  -0.01297033   -0.00753270    0.01444431
949    H   0.00623908   -0.00007032   -0.00258728
950    H   0.00748906    0.00728387   -0.01289280
951    O  -0.01092227    0.03432540    0.01318532
952    H   0.00085095   -0.01343760   -0.01608376
953    H   0.00416902   -0.01504546    0.00266350
954    O  -0.04549668    0.00745928    0.00031360
955    H   0.02423302    0.00290672    0.00841642
956    H   0.01648794   -0.00926406   -0.01031542
957    O   0.00805090   -0.01109422    0.03094920
958    H  -0.00908461    0.00785684   -0.01707102
959    H   0.00287171    0.00687339   -0.00785831
960    O   0.02312932    0.02782403   -0.01668825
961    H  -0.01289438   -0.00325249    0.00231845
962    H  -0.01340628   -0.02071440    0.01143688
963    O   0.01904874   -0.02851896   -0.01960296
964    H  -0.01554466    0.01108600    0.01110399
965    H   0.00480719    0.01325247    0.00476721
966    O  -0.04242085   -0.00665305    0.00409533
967    H   0.00929915    0.01188799    0.00170034
968    H   0.02398938    0.00172674   -0.00130692
969    O   0.01952527    0.01016635   -0.00438394
970    H  -0.01187079   -0.01151153    0.00325034
971    H  -0.00739604   -0.00381128    0.00101416
972    O  -0.03044736    0.00774134    0.01908289
973    H   0.01153122   -0.01352526   -0.01432925
974    H   0.00903046    0.00635381   -0.00591912
975    O   0.00236591   -0.00743327   -0.01405430
976    H   0.00729999    0.00964226    0.00944594
977    H  -0.00216399   -0.00405591    0.00896723
978    O   0.02045149    0.00009016    0.00955230
979    H  -0.00810268   -0.00088886   -0.00529769
980    H  -0.01309360    0.00517155   -0.00496757
981    O  -0.00525966    0.00815315    0.01050253
982    H  -0.00543459   -0.00132090   -0.01494063
983    H   0.00950635   -0.00709539   -0.01392311
984    O   0.00620345   -0.02796925   -0.00669009
985    H   0.00558071    0.01126110   -0.00174531
986    H  -0.00594469    0.01865911    0.01111025
987    O   0.00901312    0.01020187    0.02162491
988    H   0.00110017    0.00099833   -0.01499108
989    H  -0.01110616   -0.00024266   -0.01138806
990    O   0.00019412   -0.01421853    0.00931802
991    H   0.00219267    0.02007910   -0.00612255
992    H   0.00312479    0.00732929    0.00491525
993    O   0.02354455   -0.01632695   -0.03037186
994    H  -0.01226621    0.01359182    0.01283165
995    H  -0.00795834    0.00165042    0.01280872
996    O  -0.02585512    0.00058980   -0.01666371
997    H   0.00724787   -0.00923817    0.01053036
998    H   0.00938473    0.00565870    0.00273666
999    O  -0.02404809   -0.00764937    0.02121944
1000    H   0.00944078   -0.00063542    0.00194338
1001    H   0.01317470    0.00569446   -0.01484698
1002    O  -0.01078310   -0.00413950   -0.01560491
1003    H   0.00662173    0.00735709    0.01229570
1004    H   0.00823678   -0.00069629    0.00668386
1005    O   0.02570822    0.02106185    0.01769536
1006    H  -0.01413277   -0.01472229   -0.00443428
1007    H  -0.00816180   -0.00378160   -0.01266826
1008    O  -0.00520507   -0.01837270   -0.00511248
1009    H   0.00295845    0.00429040   -0.00119890
1010    H   0.00276239    0.01407441    0.00262180
1011    O  -0.00642032   -0.01668618   -0.01747985
1012    H  -0.00657976    0.00489386    0.01260916
1013    H   0.00067344    0.01807258    0.01234787
1014    O  -0.00199573   -0.01099164   -0.03791593
1015    H   0.00135165   -0.00152071    0.01636403
1016    H  -0.00392697    0.01891682    0.00812835
1017    O   0.00199905    0.01553409    0.01733381
1018    H   0.00169528   -0.01082257   -0.01033585
1019    H  -0.00594348   -0.00016592   -0.01235143
1020    O   0.02314624    0.01183807    0.00938425
1021    H  -0.01097190   -0.00699750    0.00036345
1022    H  -0.01169840   -0.00825122   -0.00617840
1023    O  -0.00510219   -0.01227716   -0.02616887
1024    H  -0.00407870   -0.00045485    0.01991237
1025    H   0.00233589    0.01339130    0.01104954
1026    O  -0.00468598    0.00977629    0.01167753
1027    H  -0.00882757    0.00156761   -0.01294431
1028    H   0.00262897   -0.01343250   -0.01595371
1029    O  -0.02403892    0.00336761   -0.01463982
1030    H   0.00466723    0.00204714    0.01569020
1031    H   0.01751050   -0.00608004    0.00207048
1032    O   0.00118034   -0.02649347   -0.01632664
1033    H  -0.00166161    0.02024381    0.01167591
1034    H   0.00195199    0.00435905    0.00593287
1035    O  -0.00646652   -0.00062303   -0.02477838
1036    H  -0.00585968    0.00583442    0.00880958
1037    H   0.00883350   -0.00264166    0.01104498
1038    O   0.01883807    0.00751174   -0.00257227
1039    H  -0.01173189   -0.00238978   -0.00506439
1040    H  -0.01414036   -0.00199384    0.00469613
1041    O   0.01858117    0.02845086    0.00718898
1042    H  -0.00643352   -0.01820079   -0.00468985
1043    H  -0.00973634   -0.00868847   -0.00663879
1044    O  -0.00359936    0.02069264   -0.00247339
1045    H   0.00187005   -0.01208114   -0.00250296
1046    H   0.00379930   -0.00790832    0.00307531
1047    O   0.01791658   -0.00703811    0.02015068
1048    H  -0.00793050    0.00399764   -0.00952828
1049    H  -0.00640265    0.00067777   -0.01053525
1050    O  -0.00489312   -0.00584398   -0.01367770
1051    H   0.00344495    0.00485249    0.00963156
1052    H   0.00048308    0.00022377    0.00524949
1053    O   0.00602719    0.02544388    0.01455947
1054    H   0.00348330   -0.01409428   -0.00383611
1055    H  -0.01309868   -0.01275240   -0.00873728
1056    O   0.01816236   -0.00753821   -0.00010749
1057    H  -0.00460960    0.00139510    0.00366741
1058    H  -0.01437348    0.00301691   -0.00114543
1059    O   0.00636814   -0.00777938    0.03833476
1060    H   0.00176576    0.00041969   -0.02336852
1061    H  -0.01261772    0.00624923   -0.00872610
1062    O   0.00412870    0.01207827   -0.00332049
1063    H  -0.00362735   -0.00662422    0.00102859
1064    H  -0.00481101   -0.00871088    0.00389549
1065    O  -0.00665059    0.01984625   -0.03870941
1066    H   0.00087607   -0.00278836    0.02234012
1067    H   0.00840442   -0.01419060    0.00749256
1068    O   0.02354904    0.01506094    0.01461335
1069    H  -0.01247257   -0.01400826   -0.00045412
1070    H  -0.00974394   -0.00387307   -0.01293991
1071    O  -0.01241929   -0.01806083   -0.00075756
1072    H   0.00131623    0.00920895    0.00362781
1073    H   0.01019632    0.01314618   -0.00286628
1074    O  -0.01054296    0.00692057    0.00372016
1075    H   0.00644871   -0.00374913   -0.00517692
1076    H   0.00372091   -0.00485255   -0.00588926
1077    O  -0.04225755   -0.00371510   -0.00614887
1078    H   0.01720332   -0.00386550   -0.00427494
1079    H   0.02066347    0.00600511    0.00842582
1080    O   0.00967523    0.00239624    0.00070933
1081    H  -0.01179439   -0.00016415    0.00800106
1082    H  -0.00964819   -0.00191730   -0.00425457
1083    O  -0.03198608    0.00514852    0.00249409
1084    H   0.02030917    0.00717176   -0.00982124
1085    H   0.01399760   -0.00849167    0.00090873
1086    O  -0.00028748    0.02662285   -0.01964420
1087    H   0.00011120   -0.01654182    0.00682054
1088    H   0.00257834   -0.00989656    0.01361151
1089    O   0.01602881    0.02442399    0.03459129
1090    H  -0.00647427   -0.01281025   -0.01909449
1091    H  -0.00805521   -0.01287255   -0.00676015
1092    O   0.02586614    0.01405379    0.00459728
1093    H  -0.01128278   -0.00373523    0.00609162
1094    H  -0.01222813   -0.01093317   -0.01042741
1095    O  -0.00898123    0.01321459    0.02032884
1096    H   0.00627032   -0.00300959   -0.00970475
1097    H  -0.00138663   -0.01098849   -0.01452132
1098    O  -0.02356391    0.01032143   -0.00053588
1099    H   0.00987993   -0.00920198   -0.00746202
1100    H   0.01404916    0.00201750   -0.00438032
1101    O  -0.01583934    0.01999065    0.01556281
1102    H   0.00147078   -0.01050801   -0.00865802
1103    H   0.00963300   -0.01001455   -0.00408648
1104    O   0.00876618   -0.01879553   -0.00984919
1105    H  -0.00754788    0.00958543    0.01315343
1106    H   0.00597809    0.01880333    0.00759276
1107    O  -0.01726101   -0.00867192    0.01272316
1108    H   0.00953914   -0.00878720   -0.00611297
1109    H   0.01068329    0.01129649   -0.00812060
1110    O  -0.01732748    0.00461758    0.01757343
1111    H   0.01423705   -0.00054083   -0.01445968
1112    H   0.00944201   -0.00057717    0.00312287
1113    O  -0.01119538    0.00269399   -0.02254892
1114    H   0.01424126    0.00186354    0.01467042
1115    H  -0.00113400   -0.00322381    0.00943292
1116    O   0.00940240   -0.02058763   -0.01012319
1117    H  -0.00728474    0.00886977    0.00801134
1118    H   0.00045418    0.01629646   -0.00068995
1119    O   0.01041595    0.00936389    0.01533398
1120    H  -0.00066330   -0.00397754   -0.00505883
1121    H  -0.01425293   -0.00227456   -0.01310180
1122    O  -0.02665520    0.02233682   -0.00117803
1123    H   0.01227884    0.00238933    0.00203152
1124    H   0.00970199   -0.01213379   -0.00508326
1125    O   0.02021812    0.02477549    0.00656268
1126    H  -0.01825014   -0.00954418   -0.00082300
1127    H  -0.00679921   -0.01565076   -0.00686650
1128    O  -0.00935933   -0.00171358    0.02344609
1129    H   0.01134432    0.00231280   -0.00605902
1130    H  -0.00552443   -0.00419116   -0.01125897
1131    O  -0.01918026    0.00920983    0.01980213
1132    H   0.01064297   -0.00046405   -0.00676920
1133    H   0.01240715   -0.01082457   -0.01415571
1134    O  -0.02843202   -0.02664836   -0.01140900
1135    H   0.01491709    0.00093045   -0.00148767
1136    H   0.00957886    0.02373385    0.01145894
1137    O   0.01858609    0.02276949   -0.01451691
1138    H  -0.01026072   -0.00131696   -0.00213187
1139    H  -0.00816653   -0.01670301    0.00757946
1140    O  -0.02268697    0.00410584   -0.02783144
1141    H   0.01807525   -0.00563768    0.01294020
1142    H   0.00127915   -0.00296299    0.01166635
1143    O   0.00433292   -0.00753165    0.01150724
1144    H  -0.00577960    0.00483604    0.00187030
1145    H   0.00174341    0.00603692   -0.01346386
1146    O   0.01164768   -0.01306201    0.01177454
1147    H  -0.00157053    0.01038922   -0.00825443
1148    H  -0.01003960    0.00163897   -0.00101448
1149    O   0.00395336   -0.01499395    0.00362416
1150    H  -0.00796234    0.00886622   -0.00228168
1151    H   0.00319398    0.00684463   -0.00342931
1152    O   0.00320226   -0.00662341    0.00665330
1153    H   0.00106811    0.00475344   -0.00213031
1154    H  -0.00332350    0.00598368   -0.00932665
1155    O  -0.01711911   -0.01205343    0.00029849
1156    H   0.01185595    0.00478765   -0.00461708
1157    H   0.00715657    0.00768464    0.00063814
1158    O  -0.00345456    0.00618998   -0.03898821
1159    H   0.00770613   -0.00217135    0.01729053
1160    H  -0.00187779   -0.00060908    0.02529854
1161    O   0.00602614   -0.00125622   -0.01350179
1162    H  -0.01200100    0.00395048    0.01552793
1163    H  -0.00368557   -0.01011032    0.00487051
1164    O   0.00738037   -0.01349692    0.01599639
1165    H  -0.00404891    0.00501224   -0.01594075
1166    H   0.01080008    0.00070435   -0.00967748
1167    O   0.00614507   -0.02272357    0.01013595
1168    H  -0.00321564    0.01406107   -0.00425259
1169    H   0.00319222    0.01540254   -0.00543953
1170    O  -0.01717607    0.00155955    0.01108929
1171    H   0.00580455   -0.00005123   -0.00207906
1172    H   0.01137626   -0.00115241   -0.01227363
1173    O  -0.00409979    0.01187417   -0.02710694
1174    H  -0.00494655   -0.00844481    0.01153011
1175    H   0.00903687   -0.00568547    0.01885771
1176    O  -0.01433926   -0.00793691    0.02035070
1177    H   0.00834059    0.00795871   -0.01766114
1178    H   0.00816126    0.00500423   -0.00213171
1179    O  -0.01285215    0.00052987    0.01815408
1180    H   0.00978254    0.00123575   -0.01008800
1181    H   0.00087684    0.00083850   -0.00478066
1182    O   0.00088732    0.00835265    0.02851422
1183    H  -0.00593968   -0.01251545   -0.01281548
1184    H   0.00397485    0.00380214   -0.01101205
1185    O   0.00138793    0.01585748    0.00613274
1186    H  -0.00234486   -0.01561902    0.00110196
1187    H   0.00196004   -0.00778365   -0.00314715
1188    O  -0.00875692    0.01666964   -0.01507742
1189    H   0.00679834   -0.00757739    0.00765128
1190    H  -0.00120410   -0.01185520    0.00362597
1191    O   0.01648154    0.00918137    0.01963279
1192    H  -0.00266205    0.00412951   -0.01003451
1193    H  -0.01335386   -0.01337077   -0.00830627
1194    O  -0.00839610    0.02029680    0.00454077
1195    H   0.01393002   -0.01343072   -0.00948264
1196    H   0.01511860   -0.01617648    0.00291134
1197    O  -0.01396127   -0.02539375   -0.00588651
1198    H   0.00570417    0.01509410   -0.00038791
1199    H   0.00676815    0.01538770    0.00760725
1200    O   0.02643981    0.00715299   -0.01971026
1201    H  -0.00418300   -0.01077842    0.00751341
1202    H  -0.01765150   -0.00285778    0.01263258
1203    O   0.01228200   -0.03262168   -0.00333261
1204    H  -0.00807035    0.02071828    0.00582948
1205    H   0.00125579    0.00512184   -0.00492835
1206    O  -0.01565334   -0.00408211   -0.01646615
1207    H   0.00326926    0.00580901    0.00464549
1208    H   0.00656769   -0.00155883    0.00810676
1209    O   0.00976438   -0.00460224    0.02001976
1210    H  -0.01190335    0.00360707   -0.00983686
1211    H   0.00009908   -0.00022108   -0.00570165
1212    O  -0.01220273    0.01474098    0.02652278
1213    H   0.00501884   -0.01061073   -0.00987903
1214    H   0.00808433   -0.00307649   -0.01175739
1215    O   0.00713091    0.01561023   -0.01244234
1216    H  -0.00730434   -0.00763663    0.00174013
1217    H  -0.00121706   -0.00831804    0.00822321
1218    O   0.02520280    0.00695397   -0.01701222
1219    H  -0.01330994   -0.00268676    0.01280495
1220    H  -0.00774238   -0.00281102    0.00637389
1221    O   0.02708632    0.02385353    0.03185899
1222    H  -0.00752644   -0.00661995    0.00134634
1223    H  -0.01218826   -0.01396694   -0.02007267
1224    O   0.00468129    0.01038848    0.00004007
1225    H  -0.00161323   -0.00776576   -0.00571376
1226    H  -0.00542709   -0.00510250    0.00816948
1227    O   0.01112626   -0.02205778   -0.00953051
1228    H  -0.01281145    0.00549294    0.00720522
1229    H   0.00736820    0.01200911   -0.00609227
1230    O   0.00612489   -0.02675673   -0.00767991
1231    H  -0.00300514    0.00446036    0.00877534
1232    H  -0.01057512    0.01495941   -0.00036987
1233    O   0.01218876   -0.02460716    0.01004455
1234    H  -0.00794810    0.00262059   -0.00766720
1235    H  -0.00413881    0.01694161   -0.00002012
1236    O   0.00720558    0.01800159   -0.00009768
1237    H  -0.00214639   -0.01508989   -0.00190345
1238    H  -0.00123708   -0.00343511    0.00306407
1239    O   0.01733324   -0.00245554   -0.02588152
1240    H  -0.01230913   -0.00090932    0.01807742
1241    H  -0.00367479    0.01100313    0.01237071
1242    O   0.02842709    0.01370999    0.00098509
1243    H  -0.01152690    0.00167344    0.00300836
1244    H  -0.01782444   -0.01403927   -0.00293375
1245    O   0.00286233    0.00885054    0.02254384
1246    H   0.00616721   -0.00658897   -0.01607396
1247    H  -0.00864122   -0.00384429   -0.00779268
1248    O  -0.00343491    0.00138933   -0.02225631
1249    H   0.00519830   -0.00769823    0.01567509
1250    H  -0.00101234    0.00097494    0.00861415
1251    O   0.00460934    0.01028475   -0.02071799
1252    H   0.00560460   -0.00324622    0.01495349
1253    H  -0.00379989   -0.01261037    0.00342130
1254    O  -0.01036522    0.00369053   -0.00990620
1255    H   0.00676076   -0.00087394    0.00023367
1256    H  -0.00075626   -0.00112396    0.00690502
1257    O  -0.00213719   -0.00497202   -0.02478197
1258    H  -0.00167365    0.00092843    0.01144310
1259    H   0.00703494    0.00259730    0.00843585
1260    O   0.01495809    0.00782909   -0.00415702
1261    H  -0.00718814   -0.00803480    0.00683532
1262    H  -0.00430425   -0.00096918   -0.00378252
1263    O  -0.00197766    0.03072292   -0.00353238
1264    H  -0.00786472   -0.02006130   -0.00170406
1265    H   0.01490341   -0.00755913    0.00798682
1266    O   0.00704532   -0.00386679   -0.01801673
1267    H  -0.00035131    0.00414214    0.01123749
1268    H  -0.00764293    0.00256261    0.00772791
1269    O  -0.01695621   -0.00580088    0.00207172
1270    H   0.01076434    0.00363562    0.00162817
1271    H   0.01412725   -0.00273304   -0.00343016
1272    O   0.00673288   -0.00743189   -0.00514870
1273    H   0.00109452    0.01053438   -0.00145032
1274    H   0.00027689    0.00479515   -0.00469245
1275    O   0.01996258    0.02511016   -0.01979839
1276    H  -0.00393442   -0.00894404    0.00591688
1277    H  -0.01401717   -0.01813180    0.01050147
1278    O  -0.01514824   -0.00070777    0.02770021
1279    H   0.00565668    0.00417887   -0.01638654
1280    H   0.00093192   -0.00489354   -0.00851318
1281    O   0.00629445    0.01090829   -0.00806543
1282    H  -0.00148953   -0.00893001    0.00320105
1283    H  -0.00843277   -0.00649987    0.00918933
1284    O  -0.00922754    0.01893039    0.01859425
1285    H   0.00799994   -0.00547332   -0.01957028
1286    H   0.00818828   -0.01690629   -0.00388992
1287    O   0.00319629   -0.01329049   -0.02042781
1288    H  -0.00198876   -0.00592054    0.00917951
1289    H  -0.00010919    0.01486578    0.00937532
1290    O   0.00793002   -0.01107230    0.01181393
1291    H  -0.00084010    0.00734381   -0.01190241
1292    H  -0.00575211    0.01300241    0.00017516
1293    O   0.00029806    0.00805726    0.00606941
1294    H   0.00155292   -0.00041846   -0.00667848
1295    H   0.00630601   -0.00300044   -0.00671433
1296    O   0.01347465    0.00436498    0.02327898
1297    H  -0.01122751   -0.00063961   -0.01101996
1298    H  -0.00236366   -0.00378027   -0.00448748
1299    O  -0.00440164   -0.02382485   -0.02503641
1300    H   0.00351700    0.01142087    0.01067121
1301    H   0.00298290    0.00468340    0.01274500
1302    O  -0.02317429   -0.00229884   -0.02501787
1303    H   0.01077963   -0.00370080    0.01834875
1304    H   0.01371540   -0.00395969   -0.00540041
1305    O  -0.00778460    0.02180069    0.00656385
1306    H   0.00396127   -0.00550231   -0.00557199
1307    H   0.00589915   -0.01530988   -0.00949943
1308    O   0.01286621    0.01447989    0.00590598
1309    H  -0.00370731   -0.00778066   -0.00859415
1310    H  -0.00708291   -0.00655046    0.00361207
1311    O  -0.03816055   -0.00949658   -0.01554253
1312    H   0.01837650    0.00910799   -0.00042461
1313    H   0.01541233   -0.00332789    0.01329992
1314    O   0.01633552   -0.02329135   -0.02047312
1315    H  -0.00893319    0.01077840   -0.00291171
1316    H  -0.00735477    0.01135752    0.01663908
1317    O   0.03090267   -0.02898343    0.00335074
1318    H  -0.00835044    0.01919960    0.00389045
1319    H  -0.02345119    0.00716518   -0.00446041
1320    O  -0.01002673    0.01845538   -0.00862340
1321    H   0.00763197   -0.00733297    0.00120724
1322    H   0.00518704   -0.00635404    0.00312831
1323    O   0.01596131   -0.01796227    0.01104285
1324    H  -0.00490611    0.01385122   -0.00243731
1325    H  -0.01014048    0.00433245   -0.01355527
1326    O  -0.00419881    0.02187233   -0.01106471
1327    H  -0.00396433   -0.01021003    0.00811387
1328    H   0.00715402   -0.01458105    0.00302580
1329    O  -0.00505576    0.01876932   -0.00705109
1330    H   0.00402583   -0.00663782    0.00805727
1331    H  -0.00111628   -0.01272333    0.00136594
1332    O   0.01397744   -0.02163676   -0.00346370
1333    H  -0.00168145    0.00624007    0.00551343
1334    H  -0.00852744    0.01929187    0.00438476
1335    O   0.00263022    0.01042254    0.00863394
1336    H  -0.00404520   -0.01466478   -0.00379559
1337    H  -0.00965443   -0.00208442   -0.00254960
1338    O   0.00871765   -0.00437518   -0.02992284
1339    H  -0.00649778   -0.00015427    0.01912420
1340    H  -0.00333751    0.00595675    0.01168382
1341    O   0.00152051    0.00404801    0.01855525
1342    H   0.00072321    0.00491460   -0.00594287
1343    H  -0.00405237   -0.00834294   -0.01379062
1344    O  -0.00540247   -0.01320771   -0.02327389
1345    H   0.01052269    0.00860530    0.01878547
1346    H  -0.00192238    0.00599164    0.00967275
1347    O   0.00648759   -0.02389727    0.01960722
1348    H  -0.01199436    0.02248494   -0.00617176
1349    H   0.00703627    0.00317771   -0.00707397
1350    O  -0.00776752   -0.01404925   -0.00882068
1351    H   0.00760893    0.00482916    0.00448750
1352    H   0.00060990    0.00635626    0.00041768
1353    O   0.00789035   -0.03629049   -0.00676989
1354    H  -0.00026331    0.02011703    0.00086110
1355    H  -0.00229499    0.01324732    0.01541208
1356    O   0.03095526    0.00254177    0.01167247
1357    H  -0.01100094   -0.00694186   -0.01182925
1358    H  -0.01850207    0.00593281   -0.00108928
1359    O  -0.02987072   -0.00869547   -0.00516988
1360    H   0.01249757    0.00766572    0.00382764
1361    H   0.00857010   -0.00058245    0.00760914
1362    O   0.02303468    0.00638268    0.02150509
1363    H  -0.01280935   -0.00164017   -0.01056272
1364    H  -0.00650107   -0.00760565   -0.00691291
1365    O  -0.01314015    0.00673776   -0.00338962
1366    H   0.00744733   -0.00710588    0.00036676
1367    H   0.00521388   -0.00329232    0.00614158
1368    O   0.00173361   -0.00688434   -0.00723527
1369    H  -0.00253307    0.00256499    0.00556872
1370    H  -0.00045905    0.01117574    0.01194298
1371    O  -0.00575638    0.01567731   -0.02558694
1372    H   0.00700247   -0.00709255    0.01750391
1373    H   0.00138717   -0.01134480    0.00602907
1374    O   0.01248283   -0.00702857    0.00440617
1375    H  -0.00236762    0.00816855   -0.00431784
1376    H  -0.01396016    0.00981464   -0.00481787
1377    O   0.00811698    0.01789656   -0.00248261
1378    H  -0.00855938   -0.00959082    0.00693796
1379    H   0.00068654   -0.01064842   -0.00148277
1380    O   0.01952122    0.00757778    0.01993968
1381    H  -0.00307504    0.00559549   -0.00454046
1382    H  -0.01170715   -0.00790703   -0.00994257
1383    O   0.02418779   -0.01506177    0.01920721
1384    H  -0.00812309    0.01386738   -0.00909988
1385    H  -0.01398648    0.00245112   -0.00995144
1386    O   0.00655570   -0.02603179    0.01004465
1387    H   0.00309427    0.00710511   -0.00440045
1388    H  -0.00340055    0.01845371   -0.00276085
1389    O  -0.01071994   -0.00412311   -0.02146311
1390    H   0.01282751    0.00332890    0.00769084
1391    H   0.00390060    0.00366979    0.00687256
1392    O   0.01723091   -0.00459494   -0.00585865
1393    H  -0.00896395   -0.00111072    0.00703828
1394    H  -0.00774481    0.00273232    0.00181688
1395    O   0.03151831   -0.00509882    0.03729521
1396    H  -0.01870206   -0.00029088    0.00151941
1397    H  -0.01537182    0.00865657   -0.01848644
1398    O  -0.00164987   -0.00997197    0.01500623
1399    H  -0.00762559    0.00383209   -0.00521498
1400    H  -0.00880368    0.00884689   -0.01102249
1401    O   0.01030818    0.01317674   -0.00167039
1402    H  -0.00564636    0.00428325    0.00549457
1403    H  -0.01627305   -0.01014833    0.01001749
1404    O   0.00641543    0.00966948   -0.02111607
1405    H  -0.00053411   -0.00759033    0.01527119
1406    H  -0.00741788   -0.00145881    0.00200120
1407    O  -0.02354318   -0.00222307    0.00824327
1408    H   0.01650913    0.00430501   -0.00476777
1409    H   0.00456626   -0.00294053   -0.00454791
1410    O  -0.01530775    0.00616623    0.02037576
1411    H   0.01560224   -0.01210396   -0.00514923
1412    H   0.00581800    0.00123152   -0.00953798
1413    O  -0.01179441   -0.01761582   -0.00693881
1414    H   0.00515706    0.00702507    0.00650215
1415    H   0.00134366    0.01051755    0.00232720
1416    O  -0.02001675   -0.00403164    0.00554727
1417    H   0.01605664    0.00029640    0.00027607
1418    H   0.00761296    0.00307937   -0.00586523
1419    O   0.02066935    0.01049836   -0.02455835
1420    H  -0.01478870   -0.00018896    0.01324073
1421    H  -0.00408318   -0.01048041    0.01033951
1422    O   0.01477447    0.00758480    0.01041512
1423    H  -0.01120147   -0.00323804   -0.00675818
1424    H  -0.00208585   -0.00360358   -0.00269357
1425    O   0.01513783   -0.00342456   -0.00873810
1426    H  -0.00703055    0.00233059    0.00255330
1427    H  -0.01237727    0.00172160    0.00786094
1428    O   0.00489985   -0.00759691    0.01645341
1429    H   0.00218214    0.00568235   -0.01438430
1430    H  -0.00110771    0.00304202   -0.00262889
1431    O  -0.00548629   -0.01168332    0.00148207
1432    H   0.00805209    0.00585606    0.00496949
1433    H   0.00379453    0.00662166   -0.00071810
1434    O  -0.01373019    0.00889645    0.00052635
1435    H   0.00462638   -0.00233889    0.00392040
1436    H   0.01159428   -0.00831377   -0.00064501
1437    O  -0.00014262   -0.01846735   -0.02196669
1438    H   0.00257349    0.01458752    0.00780590
1439    H  -0.00469877   -0.00013742    0.01403207
1440    O  -0.02621238    0.03255666   -0.00283410
1441    H  -0.00221089   -0.00741225    0.00071185
1442    H   0.01219765   -0.01821983    0.00261411
1443    O   0.01188099   -0.01042276   -0.00920949
1444    H  -0.00974391    0.00139213    0.00206562
1445    H  -0.00567224    0.01049315    0.00699302
1446    O  -0.00975682   -0.02431480    0.00585981
1447    H   0.00983008    0.00276086   -0.00199024
1448    H   0.00207201    0.01749979    0.00014800
1449    O   0.02999611    0.00411967   -0.01188976
1450    H  -0.01098748   -0.00904720    0.00919370
1451    H  -0.01541959   -0.00439613   -0.00461166
1452    O   0.01670000    0.01019837    0.00000073
1453    H  -0.00830822   -0.00910118   -0.00284896
1454    H  -0.00646119   -0.00805730   -0.00055250
1455    O  -0.00502437   -0.01033796    0.01690590
1456    H   0.00852983   -0.00244908   -0.01885245
1457    H   0.01299980    0.00712610   -0.00539206
1458    O  -0.00869528   -0.00677879   -0.03699341
1459    H   0.01292669    0.00309141    0.00887556
1460    H  -0.00208156    0.00330183    0.02134187
1461    O   0.01230543   -0.02435251   -0.01734526
1462    H  -0.00272205    0.00453630    0.01811274
1463    H  -0.00795997    0.01102153   -0.00368117
1464    O  -0.02938394   -0.00291744   -0.01800967
1465    H   0.01286893    0.00847255    0.01071023
1466    H   0.01217895   -0.00997632    0.00216975
1467    O  -0.00109216   -0.03312285   -0.01431552
1468    H   0.00395683    0.01332714    0.01356988
1469    H  -0.00420107    0.01428511   -0.00131409
1470    O  -0.01287273   -0.00959289   -0.01430074
1471    H   0.00683744    0.00438733    0.00355930
1472    H   0.00934666    0.00029400    0.00913606
1473    O  -0.01029691   -0.00425408    0.01314700
1474    H   0.01140751    0.01203127   -0.00119929
1475    H   0.00722092   -0.00501154    0.00312422
1476    O   0.01111466   -0.00081244    0.02195546
1477    H  -0.01496055    0.00015104   -0.01520520
1478    H   0.00480904   -0.00761938   -0.00701414
1479    O  -0.01264419   -0.02004648   -0.00352317
1480    H   0.00701552    0.01424712    0.00575515
1481    H   0.00577144    0.00956911   -0.00423702
1482    O  -0.00241367   -0.01134583   -0.02022784
1483    H   0.00029653    0.00921536    0.00403724
1484    H   0.00040001    0.00360310    0.01132926
1485    O  -0.01279014    0.00584834    0.02353373
1486    H   0.01178487   -0.00584794   -0.01599322
1487    H   0.00369447   -0.00001373   -0.00850605
1488    O   0.02371001   -0.02341500   -0.01652920
1489    H  -0.01704402    0.01434018    0.00929933
1490    H  -0.00411480    0.00632242    0.00308965
1491    O   0.00243424   -0.00164240   -0.00436119
1492    H  -0.00749286    0.00423838    0.00243586
1493    H   0.00181220    0.00053140    0.00384424
1494    O  -0.00522659    0.02048437   -0.00368469
1495    H   0.00028898   -0.01208170    0.00207212
1496    H   0.00493731   -0.01056184    0.00584389
1497    O  -0.00598719    0.00740972   -0.00997594
1498    H   0.00858127   -0.00239438    0.00343381
1499    H  -0.00020389   -0.00693913    0.00616816
1500    O  -0.01247882    0.02682357   -0.00168594
1501    H   0.00162016   -0.01160825    0.01243978
1502    H   0.00941574   -0.01024961   -0.00490929
1503    O  -0.01702715    0.00396537   -0.00451778
1504    H   0.01319735   -0.00641258    0.00070018
1505    H   0.00465467    0.00029416    0.00358100
1506    O  -0.02254434   -0.00336334   -0.00287217
1507    H   0.01056547   -0.00141380    0.00425220
1508    H   0.00731808    0.00380771    0.00115251
1509    O   0.00988449   -0.00808572   -0.03318766
1510    H  -0.00404093   -0.00053078    0.01820084
1511    H  -0.00676503    0.00985077    0.01310929
1512    O   0.00467173    0.00364779   -0.02809163
1513    H   0.00082024    0.00003444    0.00827063
1514    H  -0.00471477   -0.00115817    0.01620949
1515    O  -0.01419933   -0.00238393   -0.00518803
1516    H   0.01366409    0.00251360    0.00448439
1517    H   0.00442857    0.00387417    0.00543509
1518    O   0.00713367   -0.01694523   -0.01096405
1519    H  -0.00233041    0.00552618    0.00169282
1520    H  -0.00628017    0.00550050    0.00906948
1521    O   0.02316382    0.02648214   -0.00575072
1522    H  -0.01941439   -0.01510742   -0.00525075
1523    H   0.00297171   -0.00265814    0.01229257
1524    O  -0.01884577   -0.01517412    0.00194912
1525    H   0.01864851    0.00301464    0.00237344
1526    H  -0.00152941    0.00985702   -0.00317231
1527    O  -0.00313545    0.01545876   -0.00482358
1528    H  -0.00274217    0.00120151    0.00378021
1529    H  -0.00321539   -0.01639804   -0.00044752
1530    O  -0.00005064   -0.00793278   -0.02438027
1531    H   0.00526579    0.00396444    0.01388937
1532    H  -0.00694942    0.00269529    0.01523542
1533    O  -0.00001568   -0.01392404   -0.02026902
1534    H  -0.00881985    0.00889421    0.00888724
1535    H   0.00769033    0.00610299    0.00842589
1536    O  -0.00587198    0.00100918    0.02408003
1537    H   0.01251680    0.00154164   -0.01747592
1538    H  -0.00339054    0.00199600   -0.00603966
1539    O   0.02251285   -0.01581879    0.02103911
1540    H  -0.01082887    0.01064211    0.00627119
1541    H  -0.00548490    0.00745516   -0.01468540
1542    O   0.01305936   -0.00166554   -0.02863193
1543    H  -0.01090875    0.00096843    0.01428029
1544    H   0.00059272    0.00521319    0.00719124
1545    O  -0.01216821   -0.01766487   -0.02179207
1546    H   0.01171715    0.01566544    0.00787149
1547    H   0.00166867    0.00576547    0.01317373
1548    O   0.00753341   -0.02636592   -0.00551148
1549    H   0.00025136    0.01871266    0.00592632
1550    H  -0.01076344    0.01132844   -0.00299412
1551    O  -0.00637349    0.02119115   -0.00718288
1552    H   0.00981543   -0.01015597    0.00887022
1553    H   0.00522991   -0.01359829    0.00094881
1554    O   0.02087292   -0.00022287   -0.00779531
1555    H  -0.01261208   -0.00746911    0.00398274
1556    H  -0.00978033    0.00784151    0.00892814
1557    O   0.00802259   -0.01785481   -0.00425016
1558    H  -0.00850439    0.00205571    0.00537995
1559    H  -0.00638011    0.01413816    0.00387184
1560    O  -0.00059785   -0.02648904    0.00426659
1561    H  -0.00305689    0.01263960   -0.00414851
1562    H   0.00557161    0.01777149    0.00248083
1563    O   0.00789264   -0.00847314   -0.03332801
1564    H  -0.00935694    0.00227102    0.00905527
1565    H  -0.00399206   -0.00017398    0.02462874
1566    O   0.02324471   -0.00810488    0.01465154
1567    H  -0.01082356    0.00617989   -0.00686803
1568    H  -0.00660255   -0.00296617   -0.00922010
1569    O  -0.01365687    0.02185734   -0.00755716
1570    H   0.00850595   -0.00698547    0.00491764
1571    H   0.00209573   -0.00870387    0.00433176
1572    O   0.00130883   -0.02198523   -0.01490500
1573    H  -0.00344439    0.00216451    0.00795526
1574    H   0.00534930    0.01616728    0.00365895
1575    O  -0.00782869    0.00317676   -0.01537701
1576    H   0.00557608    0.00037295    0.01644953
1577    H   0.00245746   -0.00347370   -0.00055254
1578    O  -0.04475653   -0.00007684    0.03182338
1579    H   0.00755337   -0.00738488   -0.00322227
1580    H   0.02298707   -0.00036770   -0.00851856
1581    O  -0.00360545   -0.01716041   -0.00412083
1582    H  -0.00429740    0.00851661    0.00430623
1583    H   0.00831937    0.01248326    0.00358585
1584    O  -0.01254957    0.00520408   -0.00793605
1585    H   0.00362828   -0.00666613    0.00754716
1586    H   0.00768404    0.00122451    0.00477776
1587    O   0.02475255   -0.00963829   -0.01491280
1588    H  -0.01157738    0.00793889    0.00076574
1589    H  -0.01726998    0.00110249    0.01409729
1590    O  -0.00206210    0.02230948    0.00553865
1591    H   0.00032614   -0.00655866   -0.00295317
1592    H   0.00132060   -0.01309976   -0.00395741
1593    O  -0.00956238   -0.00922944   -0.00669283
1594    H   0.00689520    0.00442927    0.00014158
1595    H   0.00033901    0.00523546    0.00529568
1596    O  -0.02397547    0.00078039    0.00611128
1597    H   0.01400111    0.00841133   -0.01238846
1598    H   0.01686726   -0.00656417    0.00613556
1599    O  -0.00552700   -0.01091626   -0.00820336
1600    H   0.00229183    0.00358863    0.00327385
1601    H   0.00444495    0.00946270    0.00387505
1602    O  -0.02167664   -0.02204658   -0.00258672
1603    H   0.00882306    0.00159741    0.00262594
1604    H   0.01397377    0.00858457    0.00192057
1605    O   0.00928287    0.01127839    0.01556327
1606    H  -0.01472653   -0.00111523   -0.00740362
1607    H   0.00216277   -0.01091466   -0.01381239
1608    O  -0.02874753    0.00150242    0.00060867
1609    H   0.01678473    0.00140227    0.01032345
1610    H   0.01245238    0.00191666   -0.00692639
1611    O   0.00838881   -0.02163617   -0.02944722
1612    H  -0.00441594    0.00141789    0.01107649
1613    H  -0.00599870    0.01922556    0.01603944
1614    O  -0.01466237   -0.00049189    0.03610483
1615    H   0.00611313   -0.00328061   -0.02083630
1616    H   0.01292518    0.00671886   -0.01154036
1617    O  -0.01509610    0.01339638   -0.01018116
1618    H   0.00708818   -0.00429162    0.00709500
1619    H   0.00868847   -0.00534231    0.00328051
1620    O  -0.00225766   -0.01751406    0.00311502
1621    H   0.00434405    0.00380832    0.00188567
1622    H  -0.00449143    0.01039650   -0.00512278
1623    O  -0.00729199   -0.02138403   -0.00142048
1624    H   0.01229597    0.01352872    0.00659384
1625    H   0.00087601    0.01349249   -0.00507374
1626    O   0.02654769   -0.00827255    0.00029945
1627    H  -0.00677110   -0.00928480    0.00238265
1628    H  -0.01465721    0.00896823   -0.00450753
1629    O  -0.01192342    0.02285427   -0.00982290
1630    H   0.00265368   -0.01193017    0.00753973
1631    H   0.00501196   -0.01154287   -0.00101057
1632    O   0.02311773   -0.00522890    0.00146442
1633    H  -0.01158583    0.00293473   -0.00859525
1634    H  -0.01126107    0.00225761    0.00849301
1635    O   0.01166810   -0.00394073    0.02549983
1636    H  -0.00678112    0.00865961   -0.01484627
1637    H  -0.00871368   -0.00356098   -0.01306942
1638    O   0.02649402    0.01127152    0.00221330
1639    H  -0.00831624    0.00015232   -0.00562636
1640    H  -0.01575280   -0.01200254   -0.00154635
1641    O   0.00555219   -0.00844603    0.00869555
1642    H   0.00423061    0.00483780   -0.00596932
1643    H  -0.00237555    0.00817806   -0.00475132
1644    O   0.00601774   -0.01266902   -0.01647834
1645    H   0.00172704    0.00644244    0.00562152
1646    H  -0.00822339    0.00839971    0.00902578
1647    O   0.00392704   -0.01618868   -0.01052915
1648    H  -0.00981012    0.01371923    0.00323937
1649    H   0.01134939    0.00458575    0.00696883
1650    O  -0.02897455    0.00364405    0.00989417
1651    H   0.01353390   -0.01289458   -0.00687225
1652    H   0.01604250    0.00797818   -0.00355211
1653    O  -0.02403686   -0.00958159   -0.00101521
1654    H   0.00753646   -0.00093699    0.00155419
1655    H   0.01523052    0.00957345   -0.00207101
1656    O  -0.02250362    0.00198355   -0.00462177
1657    H   0.00821266    0.00451223    0.00110389
1658    H   0.01630701    0.00007380   -0.00080724
1659    O  -0.00588048   -0.00200453   -0.01625740
1660    H   0.00607298   -0.00080639    0.01370350
1661    H   0.00009686   -0.00393519    0.01210524
1662    O   0.02482364    0.02087041   -0.02014901
1663    H  -0.01477987    0.00040489    0.00330171
1664    H  -0.00048727   -0.01632148    0.01313343
1665    O   0.03491238   -0.02781650   -0.00864742
1666    H  -0.00738977    0.01823572   -0.00589416
1667    H  -0.01741284    0.00419124    0.01369203
1668    O  -0.00033689    0.02309526   -0.01337083
1669    H   0.00690591   -0.01966628    0.00629424
1670    H  -0.00650661   -0.00560038    0.00906627
1671    O   0.00255324   -0.00315881   -0.03874804
1672    H  -0.00029401   -0.00065437    0.02071877
1673    H   0.00368439    0.00984575    0.01086183
1674    O  -0.00669906   -0.03276222    0.02093097
1675    H  -0.00433178    0.00826068   -0.01328195
1676    H   0.00304179    0.01954873   -0.00857657
1677    O  -0.00306601    0.00284313   -0.01022522
1678    H   0.00044802   -0.00272524    0.00472877
1679    H   0.00378392    0.00088296    0.00700595
1680    O  -0.01297435    0.03195885   -0.00704448
1681    H   0.00670054   -0.00442642   -0.00251256
1682    H   0.00333641   -0.02342008    0.00428346
1683    O  -0.03099372    0.01834131    0.00572339
1684    H   0.01262113   -0.02205018   -0.00846321
1685    H   0.00919149   -0.00382085    0.01229339
1686    O  -0.00899018   -0.01280055   -0.00742106
1687    H   0.00556876    0.01107137    0.00026430
1688    H   0.00370550    0.00405436    0.00910208
1689    O  -0.01192863    0.00850059    0.01170966
1690    H   0.00818709   -0.00294910   -0.00001274
1691    H   0.01056323   -0.00120258   -0.01459353
1692    O   0.01612021   -0.01152331    0.00269755
1693    H   0.00540584    0.00184064   -0.01109469
1694    H  -0.00292860    0.01643094   -0.00991411
1695    O   0.01831944    0.01450698    0.01026954
1696    H  -0.00694627   -0.00093767   -0.00444196
1697    H  -0.01554119   -0.01438224   -0.00487953
1698    O  -0.00287705    0.00000529   -0.02126914
1699    H   0.00410385    0.00666399    0.01741238
1700    H  -0.00205950   -0.00384262    0.00700639
1701    O   0.01997338   -0.02756931   -0.03750144
1702    H  -0.00765011    0.01651380    0.01663745
1703    H  -0.00003406    0.00180753    0.00597921
1704    O   0.00042553    0.00143683    0.03354700
1705    H   0.00677421   -0.00984678   -0.02029901
1706    H  -0.00649848    0.00631855   -0.01915834
1707    O   0.01227794   -0.01880685    0.01276215
1708    H  -0.00552288    0.00415280   -0.00486427
1709    H  -0.00557139    0.01117802   -0.00820512
1710    O  -0.00902163    0.01623809   -0.02712289
1711    H   0.00734172   -0.01112991    0.00956930
1712    H   0.00086250   -0.00410295    0.01398728
1713    O   0.00548764   -0.02392518    0.03613287
1714    H  -0.00844084    0.00725871   -0.01423305
1715    H   0.00050319    0.01180594   -0.01819561
1716    O   0.00420305    0.01925587   -0.01702390
1717    H   0.00486801   -0.00639838    0.00961867
1718    H  -0.00904820   -0.01372934    0.00757388
1719    O  -0.00046323    0.00802472    0.01386173
1720    H  -0.00299583   -0.00718612   -0.00932691
1721    H   0.00308968   -0.00163974   -0.00505677
1722    O   0.00199918    0.00589701    0.02959416
1723    H  -0.00809236   -0.00960798   -0.01034126
1724    H   0.00486455   -0.00789586   -0.01940983
1725    O  -0.00132786   -0.00301545   -0.02811549
1726    H  -0.00354096    0.00736238    0.01813959
1727    H   0.00033173   -0.00772523    0.01917054
1728    O  -0.01591464    0.01847586    0.00271069
1729    H   0.00650673   -0.01341159   -0.00551963
1730    H   0.01208974   -0.00106438    0.00739001
1731    O  -0.01421269   -0.00822670    0.01926784
1732    H   0.00024085    0.00802850   -0.01132071
1733    H   0.01106171    0.00215995   -0.01189894
1734    O  -0.03384968    0.00663539   -0.01339951
1735    H   0.01066443   -0.00022777   -0.00096920
1736    H   0.01845244   -0.00918637    0.00918367
1737    O   0.00295525    0.03364618    0.00416421
1738    H   0.00176094   -0.01649433   -0.01437600
1739    H  -0.00101206   -0.01259993    0.01158283
1740    O   0.01161975    0.00002212   -0.02168919
1741    H  -0.00222727    0.00402492    0.01187851
1742    H  -0.00279303   -0.00097215    0.00843071
1743    O  -0.02712371    0.00543370   -0.01294363
1744    H   0.01147890    0.00781354    0.00594253
1745    H   0.01024374   -0.01410786    0.00545703
1746    O  -0.01851017   -0.02232905   -0.01056718
1747    H   0.01303894    0.01174154    0.00413096
1748    H   0.00118353    0.00698507    0.01042068
1749    O   0.02928184    0.00588536   -0.01585347
1750    H  -0.01767351   -0.00070800    0.00480113
1751    H  -0.00598627   -0.00589640    0.01405966
1752    O   0.03412112    0.01318785    0.01634274
1753    H  -0.01978305   -0.00963675   -0.01610849
1754    H  -0.01274642   -0.00145279    0.00284243
1755    O  -0.01355403    0.01274352    0.02048349
1756    H   0.00618791   -0.01184485   -0.01197725
1757    H   0.00881144    0.00867015   -0.01443549
1758    O   0.01109833   -0.00342011   -0.02318826
1759    H  -0.00710126    0.00189848    0.01119718
1760    H  -0.00565439    0.00122200    0.00550728
1761    O  -0.00636276    0.02336950   -0.00095505
1762    H   0.00477220   -0.01567838   -0.00235130
1763    H  -0.00299360   -0.00728972    0.00567563
1764    O   0.02116271    0.00919953   -0.00139619
1765    H  -0.01935055   -0.00605282    0.00031213
1766    H  -0.00579726   -0.00233656    0.00158762
1767    O  -0.00275174    0.01881347    0.00705730
1768    H   0.00220932   -0.00402827   -0.00393397
1769    H  -0.00185391   -0.01310886   -0.00405090
1770    O   0.00573383   -0.01752786    0.00769000
1771    H  -0.00420163    0.01400712   -0.00605862
1772    H  -0.00690474    0.00370931   -0.00039230
1773    O  -0.00098682    0.01273562   -0.00609867
1774    H   0.00428676   -0.00620499    0.00100429
1775    H  -0.00533504   -0.00682260    0.00126942
1776    O  -0.02088118   -0.00056314   -0.02040805
1777    H   0.01205855   -0.00273012    0.01060572
1778    H   0.01098597    0.00898209    0.01137289
1779    O   0.01564500   -0.02802163    0.00071873
1780    H  -0.01431690    0.00980569    0.00080500
1781    H   0.00296546    0.01226565    0.00084004
1782    O  -0.02862189    0.00789594    0.01700569
1783    H   0.01771871   -0.00165255   -0.01153258
1784    H   0.00236857   -0.00663186   -0.00439888
1785    O  -0.00286245   -0.00134854    0.01223863
1786    H   0.00266210    0.00157348   -0.00561726
1787    H   0.00027711    0.00263354   -0.00443140
1788    O   0.01354372   -0.02489484   -0.01996153
1789    H  -0.01011235    0.01077032    0.01946285
1790    H   0.00568824    0.01622387   -0.00421491
1791    O   0.01789318    0.00118696    0.02837721
1792    H   0.00441765   -0.00912780   -0.01526023
1793    H  -0.01677517    0.00212239   -0.01453953
1794    O  -0.00262057   -0.02135593    0.04445530
1795    H   0.00689541    0.01293904   -0.02435597
1796    H  -0.01505951    0.00351782   -0.01787963
1797    O   0.01353428   -0.02290968   -0.00000738
1798    H   0.00255768    0.01069747   -0.00102124
1799    H  -0.01340026    0.01097775   -0.00295955
1800    O   0.01895733    0.02483233    0.01492153
1801    H  -0.01416636    0.00014686   -0.00312965
1802    H  -0.00860649   -0.01756044   -0.00765439
1803    O   0.00344634    0.01435365    0.01662529
1804    H   0.00033800   -0.00444243   -0.01230674
1805    H  -0.00427511   -0.00892056   -0.00252747
1806    O  -0.01674404    0.01447323    0.02175257
1807    H  -0.00178662   -0.00500662   -0.00851190
1808    H   0.01317867   -0.01337831   -0.01005205
1809    O   0.01363182    0.01199946   -0.00174190
1810    H  -0.00308245   -0.02449755    0.00027089
1811    H   0.00321733   -0.00539190    0.00227613
1812    O   0.00864599   -0.00487952   -0.00846866
1813    H  -0.00295078    0.00385923    0.00711310
1814    H  -0.00508159   -0.00044677    0.00437829
1815    O  -0.00518308   -0.00635857   -0.01773616
1816    H   0.01013903    0.00528338    0.00909634
1817    H  -0.00012789    0.00196168    0.01381278
1818    O  -0.00489660    0.01047165   -0.02580689
1819    H   0.00939774   -0.01329645    0.00841330
1820    H  -0.00772361    0.00326107    0.01467568
1821    O   0.00289030    0.01579724    0.02500742
1822    H   0.00111545   -0.00754433   -0.00900470
1823    H  -0.00752092   -0.00738297   -0.01334252
1824    O   0.00817331   -0.01966010    0.00445067
1825    H  -0.00354026    0.01385634    0.00057119
1826    H  -0.00385488    0.00859812   -0.01016214
1827    O   0.00666258    0.00920750    0.02382449
1828    H  -0.00076502   -0.00676880   -0.01773928
1829    H  -0.00773836    0.00100282   -0.00503617
1830    O   0.01332213    0.01542842   -0.02074043
1831    H  -0.00612830   -0.00901973    0.00289818
1832    H  -0.00570807   -0.00723637    0.00811261
1833    O   0.01507082   -0.03094635   -0.01192476
1834    H   0.00713152    0.01489151    0.00394926
1835    H  -0.01280204    0.01363079    0.00541840
1836    O   0.00499846   -0.01320629   -0.02655084
1837    H   0.00331962    0.01341436    0.01108237
1838    H  -0.00981029    0.00187220    0.01521401
1839    O   0.01171700   -0.01988527   -0.01828634
1840    H  -0.00416756    0.01097192    0.01294446
1841    H   0.00075219    0.00818599    0.00412318
1842    O   0.02143851   -0.00822473   -0.00563897
1843    H  -0.01034684    0.01049937    0.00606698
1844    H  -0.00730667   -0.00083692   -0.00154413
1845    O  -0.00980677   -0.00640549   -0.00086065
1846    H   0.00788213    0.00748881   -0.00122863
1847    H   0.01058280    0.00371545    0.00538059
1848    O  -0.01315251    0.01115906   -0.01571077
1849    H   0.00801243   -0.01197774    0.00588708
1850    H   0.00789544    0.00405207    0.00352615
1851    O   0.03157436   -0.03790692    0.01029952
1852    H  -0.01651013    0.01385624   -0.00868414
1853    H   0.00038966    0.01845875   -0.00116801
1854    O   0.00532606    0.00099612   -0.00579698
1855    H  -0.00870277    0.00292537    0.00435400
1856    H  -0.00391737   -0.00383573    0.01783204
1857    O  -0.00592492   -0.02129542    0.02060412
1858    H  -0.00047973    0.00957107   -0.01298836
1859    H   0.00618205    0.00306858   -0.00125248
1860    O   0.01110698    0.01355599    0.00684457
1861    H  -0.01116314   -0.01693651   -0.00212137
1862    H  -0.00589139   -0.00317631   -0.00739349
1863    O   0.01126363   -0.01771741    0.00889147
1864    H   0.00421055    0.01073162   -0.01167504
1865    H  -0.01674075   -0.00066697   -0.00593367
1866    O   0.00466786    0.01364955    0.02536336
1867    H  -0.00536913   -0.00558638   -0.01393140
1868    H   0.00006557   -0.00735866   -0.00710413
1869    O  -0.03985069    0.00027736   -0.00440603
1870    H   0.02282639   -0.00190645   -0.00372881
1871    H   0.00615619    0.00210280    0.01495356
1872    O   0.02022213    0.01053502   -0.02042469
1873    H  -0.00274372   -0.01285273    0.00947857
1874    H  -0.01882052   -0.00129450    0.01104081
1875    O   0.00890810   -0.00677850    0.00289470
1876    H  -0.00877118    0.00846725    0.00422258
1877    H  -0.00822536    0.00250046    0.00224180
1878    O  -0.00301397    0.01782386    0.00411970
1879    H   0.00231619   -0.00932538   -0.00257157
1880    H   0.00144808   -0.00525794   -0.00100978
1881    O   0.02626327    0.00042185    0.01426363
1882    H  -0.01324248    0.00462600   -0.01238030
1883    H  -0.01548967   -0.00521229   -0.00799694
1884    O  -0.00651439   -0.01195846   -0.01565880
1885    H   0.00303165    0.00296284    0.01033140
1886    H   0.00292577    0.00458088    0.00513665
1887    O   0.00429586    0.01162321   -0.01469317
1888    H   0.00231670   -0.00218405    0.01310377
1889    H  -0.00636991   -0.01251078   -0.00445134
1890    O  -0.00815327   -0.01998178    0.03163833
1891    H   0.00111434    0.00268812   -0.01934508
1892    H   0.00421595    0.01805955    0.00119810
1893    O  -0.01219623    0.02070499    0.00100728
1894    H   0.00313399   -0.01835087   -0.00429754
1895    H   0.00659810   -0.00794016    0.01081030
1896    O   0.02048327   -0.01032377    0.01460720
1897    H  -0.01416697    0.00442160   -0.00330332
1898    H  -0.00386450    0.00427993   -0.01574249
1899    O   0.00998115   -0.00454647   -0.01831661
1900    H  -0.00854476    0.00860461    0.00900249
1901    H   0.00095013   -0.00434745    0.01168170
1902    O   0.00724458    0.01572335   -0.00176974
1903    H   0.00175239   -0.00789346    0.00387975
1904    H  -0.01036324   -0.00786856   -0.00539485
1905    O   0.00260478    0.02008177    0.00297742
1906    H  -0.00710192   -0.00648817   -0.00615159
1907    H   0.00122497   -0.01121369    0.00045480
1908    O  -0.00069490   -0.00132692   -0.01027779
1909    H  -0.00634727   -0.00279718    0.00645870
1910    H   0.00460101   -0.00000868    0.00559832
1911    O   0.03332176   -0.01374376   -0.02383309
1912    H  -0.01432186   -0.00083056    0.02087191
1913    H  -0.01851762    0.00827176    0.00396120
1914    O   0.00625731    0.00266013   -0.02634248
1915    H  -0.01013989   -0.00619394    0.01318155
1916    H   0.00498096    0.00871711    0.01074694
1917    O  -0.00983515   -0.00088274    0.01131592
1918    H   0.00936225    0.00341918   -0.00045812
1919    H  -0.00005702    0.00395843   -0.00899143
1920    O   0.01615554    0.02083468   -0.02525924
1921    H   0.00088450    0.00041039    0.01557617
1922    H  -0.01015333   -0.01040787    0.01544171
1923    O   0.00885658   -0.03129098    0.01172743
1924    H  -0.00095935    0.01163787   -0.00923587
1925    H  -0.00721492    0.01876239    0.00108502
1926    O  -0.00094551   -0.02225816   -0.00462033
1927    H   0.00143592    0.00497646    0.00379778
1928    H   0.00450471    0.01744689    0.00581584
1929    O   0.04465700    0.03622375    0.00410033
1930    H  -0.00734080   -0.01745721   -0.01013490
1931    H  -0.02571052   -0.01774846    0.00115499
1932    O   0.01087443   -0.00767405   -0.01902211
1933    H  -0.00041488    0.00340119    0.01509620
1934    H  -0.00977575    0.00405266    0.00170479
1935    O   0.00276800   -0.01502688   -0.00683433
1936    H  -0.00306687    0.00676477   -0.00254371
1937    H   0.00069121    0.00523902    0.00987412
1938    O  -0.00039008    0.02207651    0.00767056
1939    H   0.00152911   -0.01124078   -0.00108466
1940    H   0.00045389   -0.00961941   -0.00558614
1941    O  -0.00721046   -0.00041033    0.01095491
1942    H   0.00464088    0.00252377   -0.00320398
1943    H   0.00263868    0.00100034   -0.00727320
1944    O  -0.00182607   -0.01311131    0.02224441
1945    H  -0.00166682    0.01774962   -0.00345988
1946    H   0.00768156   -0.00260799   -0.01472713
1947    O  -0.00661030   -0.00130235    0.02498381
1948    H  -0.00085025    0.00795053   -0.01579056
1949    H   0.00814216   -0.00148211   -0.01266238
1950    O   0.03365774   -0.00428465   -0.00521169
1951    H  -0.00425280    0.00064573   -0.00704514
1952    H  -0.01806974    0.00378985    0.00833031
1953    O   0.02394673    0.01495756   -0.01380471
1954    H  -0.01753519   -0.00296196    0.01027448
1955    H  -0.00553486   -0.01468599   -0.00125897
1956    O  -0.02133900   -0.00829437   -0.01350955
1957    H   0.00457762   -0.00015269    0.00590270
1958    H   0.01684891    0.00764922    0.00642291
1959    O   0.00033034    0.00835272   -0.02388308
1960    H  -0.00146664    0.00175460    0.01515233
1961    H   0.00188750   -0.00742388    0.00694999
1962    O  -0.00467398    0.01866240   -0.00622086
1963    H   0.00188913   -0.01228440    0.00587365
1964    H  -0.00258701   -0.00639218    0.00179541
1965    O  -0.00851443    0.02723752   -0.01102145
1966    H   0.00609756   -0.01803347    0.01013424
1967    H  -0.00294941   -0.01215715    0.00338709
1968    O  -0.02240606   -0.02021115    0.00241141
1969    H   0.01574391    0.00336637   -0.00252692
1970    H   0.00482969    0.01662862    0.00226880
1971    O  -0.00175600   -0.01528982   -0.00304854
1972    H   0.00301531    0.01127096    0.00015514
1973    H  -0.00291329    0.00592143    0.00402934
1974    O   0.01719328   -0.01923205    0.00432769
1975    H  -0.00786713    0.01582051   -0.00325159
1976    H  -0.01233645    0.00692788    0.00590816
1977    O   0.00162326    0.00280024   -0.02191898
1978    H   0.00024741   -0.00608967    0.00801468
1979    H   0.00233696   -0.00032916    0.00677210
1980    O  -0.00967206   -0.02533519   -0.00397607
1981    H   0.00810279    0.01031212   -0.00597215
1982    H   0.00164426    0.01648912    0.00428287
1983    O   0.00155335   -0.01478901    0.01045766
1984    H   0.00318611    0.00461786   -0.00833360
1985    H   0.00543381    0.00892943   -0.00345414
1986    O   0.00893022   -0.03103863    0.00224810
1987    H   0.00054512    0.01827178    0.00039051
1988    H  -0.00975231    0.01599792   -0.00492952
1989    O   0.01463542   -0.00912737   -0.01443296
1990    H  -0.00482248    0.00419505    0.01143260
1991    H  -0.00996848    0.00143391    0.00111633
1992    O   0.00211855   -0.00679082   -0.03074913
1993    H   0.00019741    0.00893382    0.01187424
1994    H  -0.00052327   -0.00611943    0.00889573
1995    O   0.01300322    0.01103277   -0.00738922
1996    H  -0.00528227   -0.01086363   -0.00018394
1997    H  -0.00854770   -0.00159767    0.00345693
1998    O   0.00506767   -0.03052779   -0.01763357
1999    H  -0.00567330    0.00888536    0.01903611
2000    H   0.00490344    0.01789655   -0.00321326
2001    O  -0.02170120   -0.00610451   -0.00620615
2002    H   0.01818010   -0.00164303    0.00010717
2003    H   0.00528506    0.00595053    0.00545196
2004    O   0.00438720   -0.01458175    0.03026679
2005    H  -0.00459785    0.00706531   -0.00459578
2006    H   0.00019142    0.00919813   -0.01771872
2007    O  -0.03845200   -0.03349314    0.00994676
2008    H   0.01128425    0.01119644    0.00626862
2009    H   0.01637209    0.01573639   -0.00954147
2010    O   0.01078565    0.00216185    0.02315604
2011    H  -0.00496322    0.00103926   -0.01286829
2012    H   0.00152728   -0.00216280   -0.00973078
2013    O   0.01288952   -0.01846628    0.00211545
2014    H   0.00124822    0.01123572   -0.00264392
2015    H  -0.01394286    0.00420971    0.00243502
2016    O   0.01226842    0.03375837   -0.00604943
2017    H   0.00002799   -0.00690637   -0.00368111
2018    H  -0.01155431   -0.01811340    0.00537485
2019    O   0.04153195    0.00947444   -0.01993939
2020    H  -0.02007464   -0.01188907    0.00828101
2021    H  -0.01989400    0.00759787    0.00280057
2022    O   0.03009424    0.02159202    0.00383981
2023    H  -0.01629023   -0.01485733   -0.00273768
2024    H  -0.00947316   -0.00084303   -0.00772582
2025    O  -0.02227924    0.01880098   -0.00865916
2026    H   0.00494030   -0.00470417   -0.00215940
2027    H   0.01273291   -0.01193832    0.00473029
2028    O  -0.02314941   -0.00447887    0.00396571
2029    H   0.01310533    0.00233110   -0.00408190
2030    H   0.00858063   -0.00158739    0.00077342
2031    O   0.03152023   -0.00926327   -0.00555475
2032    H  -0.01615729    0.01055949   -0.00098425
2033    H  -0.01578303    0.00408698    0.00680033
2034    O   0.03040618   -0.00211620    0.01847202
2035    H  -0.02051577    0.00319760   -0.00680908
2036    H  -0.00191289   -0.00467113   -0.01272135
2037    O   0.00931246   -0.00056524    0.01711566
2038    H  -0.00148027    0.00150652   -0.00752709
2039    H  -0.00913284   -0.00892165   -0.00746249
2040    O   0.01915113   -0.00436509   -0.00784399
2041    H  -0.00570270    0.00958131    0.00221460
2042    H  -0.01167811    0.00086918    0.00198408
2043    O  -0.01147672   -0.01864296    0.01663075
2044    H   0.01117779    0.01219640   -0.01614177
2045    H   0.00506847    0.00256792   -0.00589495
2046    O   0.00800019    0.00058967    0.03557701
2047    H   0.01082350   -0.00361573   -0.01575240
2048    H  -0.01442349   -0.00140106   -0.01572289
2049    O  -0.01506409   -0.01596030    0.00232863
2050    H   0.00146897    0.01218650   -0.00058521
2051    H   0.01225910    0.00363696   -0.00653650
2052    O   0.00501510   -0.02760433   -0.00840254
2053    H  -0.00708789    0.00563438    0.00171035
2054    H  -0.00112869    0.02139917    0.00764934
2055    O  -0.01403721    0.02285002    0.00507821
2056    H   0.01321878   -0.00517855   -0.00799360
2057    H   0.00278689   -0.01211867    0.00641494
2058    O   0.00067043   -0.02097195   -0.00312650
2059    H   0.00289518    0.00602316    0.00328581
2060    H  -0.00263656    0.01615156   -0.00220564
2061    O   0.03187651   -0.00241149    0.00536041
2062    H  -0.01319284   -0.01105800   -0.00858100
2063    H  -0.02130719    0.00737054   -0.00272431
2064    O  -0.00909160    0.01025693   -0.01000948
2065    H   0.00201978   -0.00756385    0.00115929
2066    H   0.00762379   -0.00436212    0.00477262
2067    O   0.01026845   -0.02475493   -0.00742986
2068    H  -0.00312354    0.01437375   -0.00258329
2069    H  -0.00379741    0.01479076    0.00861632
2070    O  -0.01137449   -0.02661282   -0.01786391
2071    H   0.00926009    0.01718814    0.00778911
2072    H   0.00019301    0.00670901    0.00696141
2073    O   0.00628513   -0.01487851    0.02231031
2074    H   0.00191928    0.01723569   -0.01114284
2075    H  -0.00666821    0.00307558   -0.01895503
2076    O  -0.00365979   -0.02515487    0.00747362
2077    H  -0.00397444    0.01457255   -0.00446223
2078    H   0.00715331    0.01702111   -0.00593487
2079    O  -0.00302611    0.02022279   -0.02533228
2080    H   0.00358738   -0.00360301    0.01562460
2081    H  -0.00355831   -0.01502015    0.01364555
2082    O  -0.02136998    0.01446783    0.01063527
2083    H   0.01219600   -0.01201633   -0.00842004
2084    H   0.00842472   -0.00466057   -0.00467860
2085    O   0.01228880    0.01818715    0.01128973
2086    H  -0.00707726   -0.00761005   -0.00925255
2087    H  -0.00439206   -0.00705789   -0.00133660
2088    O   0.02277414    0.00756826   -0.01481427
2089    H  -0.00995214   -0.00944575    0.00766004
2090    H  -0.01137150    0.00311093    0.00693945
2091    O   0.00710881    0.02449272   -0.00499282
2092    H  -0.00750546   -0.00868840    0.00480593
2093    H  -0.00020114   -0.00891019    0.00122316
2094    O   0.02230566    0.00825213    0.00199160
2095    H  -0.01399883   -0.00916928   -0.00473044
2096    H  -0.00336437   -0.00493729    0.00337708
2097    O   0.00507231    0.01772179    0.02888655
2098    H   0.00302883   -0.00310705   -0.01059604
2099    H  -0.00089937   -0.01252123   -0.01878849
2100    O   0.02129182    0.01354294   -0.03658857
2101    H  -0.00950765   -0.00122364    0.02078498
2102    H  -0.00276306   -0.01732083    0.00541429
2103    O  -0.01559413    0.00598956    0.01218155
2104    H   0.00276015    0.00680196   -0.01479239
2105    H   0.00965381   -0.00998611   -0.01105507
2106    O   0.01535011    0.00375776   -0.00497696
2107    H  -0.00963871    0.00212816   -0.00060395
2108    H  -0.00037265   -0.00899577    0.00822399
2109    O  -0.02353737   -0.01062790    0.02041208
2110    H   0.02200811   -0.00118718   -0.01914083
2111    H   0.01174211    0.00297417   -0.00218722
2112    O   0.02418540   -0.00777514    0.00048656
2113    H  -0.01014637    0.00678695    0.00456082
2114    H  -0.00962130   -0.00130974   -0.00488540
2115    O   0.00729853    0.02574470   -0.00255940
2116    H  -0.00845475   -0.01196577    0.00388838
2117    H   0.00125157   -0.01174564   -0.00516031
2118    O  -0.01432269    0.01491111   -0.00591354
2119    H   0.00469966   -0.00945187   -0.00010874
2120    H   0.01277595   -0.00705435    0.00250375
2121    O   0.02746784    0.01757851   -0.00226486
2122    H  -0.01354084   -0.00888871    0.00580592
2123    H  -0.00893746   -0.00147897   -0.00516392
2124    O   0.02105740   -0.00293843   -0.01345710
2125    H  -0.01578180    0.00112952    0.01170811
2126    H  -0.01021734    0.00414743    0.00204773
2127    O  -0.00065688    0.02006149   -0.00088994
2128    H  -0.00258390   -0.00986816    0.00773466
2129    H   0.00015216   -0.00721556   -0.00633282
2130    O   0.00267490   -0.00437460    0.01288950
2131    H  -0.00768712   -0.00186205   -0.00361061
2132    H  -0.00041010    0.00106478   -0.00709853
2133    O  -0.00512035    0.01359527   -0.01152727
2134    H   0.00420740   -0.00941334    0.00299711
2135    H   0.00392451   -0.00322290    0.00443458
2136    O  -0.00925372   -0.00339081    0.01675470
2137    H   0.00496485   -0.00844819   -0.00585354
2138    H   0.00090155    0.00321319   -0.00422320
2139    O  -0.00027493    0.01193710    0.00285125
2140    H  -0.00085838   -0.00167569   -0.00947267
2141    H   0.00640964   -0.01263260   -0.00986540
2142    O   0.02300333   -0.02444377    0.00337611
2143    H   0.00438707    0.00694564   -0.00224840
2144    H  -0.01885847    0.01121180   -0.00241813
2145    O   0.01798524   -0.00513802    0.01749259
2146    H  -0.01229615    0.00803649   -0.00665516
2147    H  -0.00257029    0.00077223   -0.01278625
2148    O  -0.00913557   -0.02076997   -0.00421130
2149    H   0.01147506    0.00707560    0.00189543
2150    H  -0.00255156    0.01261384    0.00674201
2151    O  -0.01043319    0.01172737   -0.02782482
2152    H  -0.00404411   -0.00742587    0.01102055
2153    H   0.01405903   -0.00545238    0.02031387
2154    O   0.00259367    0.00635971   -0.02039322
2155    H   0.00084806   -0.00701981    0.01050029
2156    H   0.00053466   -0.00092919    0.00909378
2157    O   0.03300463    0.01995852   -0.00252161
2158    H  -0.00336409   -0.01744582   -0.00553882
2159    H  -0.01893049   -0.00466322    0.00751585
2160    O  -0.00622118    0.01216942   -0.00760040
2161    H  -0.00159970   -0.00294825    0.00572351
2162    H   0.00742108   -0.00587555    0.00258264
2163    O   0.00774281    0.03304882   -0.01516585
2164    H  -0.00580342   -0.02055340    0.00339074
2165    H   0.00060713   -0.00500887    0.01237297
2166    O  -0.01087696    0.00252497   -0.02120770
2167    H   0.01030544    0.00394651    0.00499281
2168    H   0.00095206   -0.00167414    0.01358564
2169    O   0.00226797    0.02394927   -0.00607626
2170    H  -0.00574146   -0.00848462   -0.00632782
2171    H  -0.00503507   -0.01657169    0.00447524
2172    O  -0.00632848    0.00177920    0.01963742
2173    H   0.00949168    0.00542502   -0.01035343
2174    H  -0.00141008   -0.00597843   -0.01586628
2175    O  -0.01986778    0.01059285   -0.01418391
2176    H   0.00719178    0.00364128    0.00865322
2177    H   0.01304290   -0.01037244    0.00333799
2178    O   0.01176644    0.01340685   -0.00576225
2179    H  -0.01251717   -0.00615922   -0.00121643
2180    H   0.00387770   -0.00847744    0.00417790
2181    O  -0.01563795    0.00280126    0.00372595
2182    H   0.01332410   -0.00537974    0.00145503
2183    H   0.01034455   -0.00085267   -0.00122128
2184    O   0.00917558    0.03140059    0.00463442
2185    H  -0.00474767   -0.00788078   -0.00190855
2186    H  -0.00509711   -0.01371551   -0.00263312
2187    O   0.01017834    0.00871884   -0.02105970
2188    H  -0.00228054   -0.00556869    0.00187140
2189    H  -0.01008327   -0.00467648    0.01270600
2190    O   0.00641516    0.01953578    0.02185775
2191    H   0.00538319   -0.01335788   -0.00253311
2192    H  -0.00284773   -0.00705263   -0.01525983
2193    O  -0.01687339   -0.00988746   -0.01087238
2194    H   0.00458063    0.00216774    0.00372535
2195    H   0.00750797    0.00873368    0.00877219
2196    O  -0.03482280    0.02509221   -0.00610149
2197    H   0.00247327   -0.00871306    0.00845794
2198    H   0.02076049   -0.01635879    0.00089179
2199    O   0.00422485   -0.01419738   -0.01516159
2200    H  -0.01091592    0.00725140    0.00871546
2201    H   0.00457846    0.00565541    0.00732455
2202    O  -0.00770395    0.04402763    0.04180574
2203    H   0.00654294   -0.02229563   -0.00954317
2204    H  -0.00616294   -0.01232385   -0.02179150
2205    O   0.01389249    0.00137315   -0.01079756
2206    H  -0.00804098   -0.00450197    0.00878016
2207    H  -0.00556395    0.00223523    0.00031945
2208    O   0.03176229   -0.00218265    0.02102705
2209    H  -0.00927962    0.00612830    0.00211532
2210    H  -0.01249328   -0.00245486   -0.01273976
2211    O  -0.01233424    0.01965134    0.01128040
2212    H  -0.00027999   -0.01860982   -0.00635875
2213    H   0.00321028   -0.00018929   -0.01049751
2214    O  -0.01470839    0.00329297    0.02166289
2215    H   0.00831086   -0.00306893    0.00034272
2216    H   0.00505316   -0.00023143   -0.01441963
2217    O  -0.00573227    0.00155720   -0.01366516
2218    H  -0.00161428    0.00268060    0.01220329
2219    H   0.00580795    0.00161572    0.01269360
2220    O  -0.02037617   -0.01527193    0.00928748
2221    H   0.00965185   -0.00164497   -0.00901670
2222    H   0.00782568    0.01361014   -0.00253353
2223    O   0.01080774    0.01327711    0.00089828
2224    H   0.00238656   -0.00984932   -0.00733410
2225    H  -0.00821713   -0.01311251    0.00845273
2226    O   0.01878043   -0.00574033   -0.02135681
2227    H  -0.00651776    0.00682754    0.01593892
2228    H  -0.01642041    0.00734268    0.00203496
2229    O   0.00798360    0.00428102    0.00623136
2230    H  -0.00054725   -0.00288286   -0.00822863
2231    H  -0.00438988   -0.00873974   -0.00672161
2232    O  -0.00989013   -0.02106862   -0.01971608
2233    H   0.00565932    0.01021469    0.00505224
2234    H   0.00537630    0.00719718    0.01042319
2235    O   0.00423280   -0.01161623   -0.01099933
2236    H  -0.00175140    0.00621916    0.00439347
2237    H   0.00146069    0.00727659    0.01006565
2238    O  -0.01555862   -0.02318566    0.00755644
2239    H   0.00815184    0.00291211   -0.00195052
2240    H   0.00587160    0.01711850   -0.00741237
2241    O   0.00464886    0.03181286   -0.00604324
2242    H   0.00108807   -0.00955669    0.00963061
2243    H  -0.00683512   -0.01651914   -0.00255480
2244    O  -0.01319539   -0.00953330   -0.01557470
2245    H   0.01088573    0.00377658    0.00646909
2246    H   0.00081690    0.00075321    0.00904832
2247    O   0.00876304   -0.01479861   -0.01255748
2248    H  -0.00564477    0.01114672    0.00388002
2249    H   0.00220048    0.00428863    0.00657595
2250    O  -0.00660290   -0.00632214    0.01704627
2251    H   0.00756554    0.00256648   -0.00979856
2252    H  -0.00166797    0.00441954   -0.00341356
2253    O   0.02003607   -0.02319443    0.01118010
2254    H  -0.00299250    0.01086764   -0.00513283
2255    H  -0.01519674    0.00747611   -0.00860515
2256    O   0.00500875   -0.01373928   -0.01525729
2257    H  -0.00017969    0.00244398    0.01220766
2258    H  -0.00273190    0.00605663    0.00701340
2259    O   0.00699406    0.01834385   -0.00947679
2260    H  -0.00429964   -0.00399291    0.00972956
2261    H  -0.00304503   -0.01712695    0.00774220
2262    O   0.01735875   -0.01734753   -0.00102046
2263    H  -0.00701669    0.00762545    0.00002252
2264    H  -0.01407235    0.00904946   -0.00090837
2265    O   0.00166161    0.02332807   -0.01078293
2266    H  -0.00229549   -0.00973762    0.01078628
2267    H  -0.00020968   -0.01205407   -0.00295723
2268    O  -0.00149879   -0.01977560   -0.03490125
2269    H   0.00236839    0.01947165    0.01793699
2270    H  -0.01008770    0.00208892    0.01263448
2271    O  -0.02190607    0.01362043   -0.01633290
2272    H   0.01478538    0.00191501    0.01025504
2273    H   0.00391332   -0.01446915    0.00993250
2274    O   0.03165921    0.00471855   -0.01772738
2275    H  -0.01468676   -0.00368868    0.00670158
2276    H  -0.01676257    0.00231403    0.01358015
2277    O  -0.01414159   -0.01508962   -0.00482906
2278    H   0.00693910    0.01087651    0.00894566
2279    H   0.01241531    0.00616554    0.00234503
2280    O   0.00854999   -0.00847851   -0.00277270
2281    H   0.00026375    0.00366796    0.00096618
2282    H  -0.01233122    0.00447779    0.00499454
2283    O  -0.00844068    0.02150143   -0.02835666
2284    H  -0.00054077   -0.01847632    0.01311698
2285    H   0.00950677    0.00003797    0.01135095
2286    O   0.01233945   -0.01293477   -0.00439886
2287    H  -0.00029168    0.00809770    0.00341603
2288    H  -0.00739202    0.00115526    0.00125136
2289    O  -0.02573718   -0.00553248   -0.00653415
2290    H   0.01752470   -0.00081914    0.00230307
2291    H   0.01080915    0.00703396    0.00989309
2292    O  -0.01720535   -0.00971333   -0.01421134
2293    H   0.01397653    0.00341104    0.00219244
2294    H   0.00289151    0.00764304    0.01259394
2295    O  -0.00439713    0.02165648   -0.02365459
2296    H   0.01174834   -0.00682355    0.00870948
2297    H  -0.00316036   -0.01344511    0.01528555
2298    O   0.00491179    0.02787458    0.01315369
2299    H   0.00221485   -0.01264716   -0.00129651
2300    H  -0.00442935   -0.01618947   -0.01055468
2301    O   0.01632192   -0.02752150   -0.00048875
2302    H   0.00578660    0.01161664    0.00215826
2303    H  -0.01129673    0.01299887   -0.00375130
2304    O  -0.01764159   -0.01951327   -0.01636606
2305    H  -0.00173590    0.01377035    0.00513319
2306    H   0.01551619    0.00636022    0.00977068
2307    O   0.00935753   -0.01463010   -0.01876316
2308    H  -0.01019742    0.01225269    0.01004449
2309    H   0.00090376    0.00611666    0.01064132
2310    O   0.00968424   -0.00602116   -0.02286014
2311    H  -0.00049905    0.00910571    0.01495115
2312    H  -0.00831709   -0.00372106    0.00594131
2313    O  -0.01348776   -0.01475198    0.00373422
2314    H   0.00660493    0.00600981   -0.00609342
2315    H   0.00955752    0.01020011    0.00179760
2316    O  -0.01173853    0.00484826   -0.03385157
2317    H   0.00416795    0.00991717    0.01306688
2318    H   0.00955420   -0.01459508    0.01496051
2319    O  -0.02142482   -0.01821488    0.00990184
2320    H   0.01047284    0.00274849   -0.00179107
2321    H   0.01245027    0.01437294   -0.00750792
2322    O  -0.00941060    0.01271939   -0.01982570
2323    H   0.00934898   -0.00784263    0.00790929
2324    H   0.00036399   -0.00956317    0.00741019
2325    O   0.02073298    0.01209397    0.01031544
2326    H  -0.00406879   -0.00199358   -0.00748039
2327    H  -0.01687823   -0.00451604   -0.00314114
2328    O  -0.00095301    0.02026409    0.01791814
2329    H   0.00896995   -0.00620675   -0.01085419
2330    H  -0.00546517   -0.01089280   -0.00857231
2331    O  -0.01114860   -0.00979181    0.02502517
2332    H   0.01353010    0.00062851   -0.00869128
2333    H  -0.00459675    0.00405412   -0.01721570
2334    O  -0.00073665   -0.01155144   -0.00030371
2335    H  -0.00381874    0.00567558   -0.00134705
2336    H   0.00052263    0.00765986   -0.00112078
2337    O   0.00459245   -0.02276596    0.00905780
2338    H  -0.00128567    0.01420404    0.00212361
2339    H  -0.00130632    0.00290640   -0.01170693
2340    O   0.00904093   -0.02082782   -0.02906781
2341    H  -0.00982653    0.00782583    0.01688742
2342    H  -0.00004757    0.01800405    0.01509350
2343    O   0.03097946    0.01032411   -0.00187690
2344    H  -0.01706533   -0.00274519   -0.00134355
2345    H  -0.00000935   -0.00735424    0.00537150
2346    O   0.02227248    0.00253878   -0.00741029
2347    H  -0.01270880   -0.00580896    0.00079420
2348    H  -0.01162403    0.00915230    0.00271822
2349    O  -0.00966807   -0.00926506    0.00889645
2350    H   0.00336045    0.00414346   -0.00681289
2351    H   0.00743951    0.00666226   -0.00195762
2352    O  -0.01594603    0.04012865    0.01301486
2353    H   0.00359864   -0.00773986    0.00622550
2354    H   0.00556563   -0.02281870   -0.00471934
2355    O   0.00361596    0.00423954   -0.00842176
2356    H  -0.00211130   -0.00985125    0.00544042
2357    H  -0.00269789    0.00342090    0.00714399
2358    O   0.00618019    0.01136862    0.02311855
2359    H  -0.00224702   -0.00805723   -0.00689025
2360    H  -0.00174849   -0.00508748   -0.01315088
2361    O  -0.00959804    0.00905650   -0.00905462
2362    H   0.00366083    0.00096931    0.00768963
2363    H   0.00430778   -0.00981426    0.00173943
2364    O  -0.00295403   -0.02740851   -0.00634269
2365    H  -0.00026923    0.00802671    0.00486046
2366    H   0.00165562    0.01633571   -0.00074171
2367    O   0.01258101   -0.02515550   -0.00760273
2368    H  -0.01388398    0.00491293    0.00059932
2369    H  -0.00268963    0.01405564    0.00701837
2370    O  -0.00877492   -0.00705626   -0.01842363
2371    H   0.01118334    0.00520587    0.01145802
2372    H   0.00248922    0.00300588    0.01414805
2373    O   0.00748786    0.00560439   -0.03125990
2374    H  -0.00074387   -0.00045080    0.02102869
2375    H  -0.00369067   -0.00777726    0.00537275
2376    O  -0.03819993   -0.01068158   -0.00340782
2377    H   0.01930896    0.00070317   -0.00483854
2378    H   0.01611814    0.00780862    0.00996915
2379    O  -0.00989609    0.01302650    0.01138911
2380    H   0.00155081   -0.00404702   -0.00818920
2381    H   0.00688698   -0.00455511   -0.00476342
2382    O  -0.00258525   -0.01594703   -0.04154580
2383    H   0.00599370    0.00772453    0.00950356
2384    H  -0.00307429    0.00666830    0.02127114
2385    O   0.01069365   -0.01360222   -0.02825688
2386    H  -0.01082776    0.01218643    0.01173406
2387    H   0.00317735   -0.00035927    0.01485408
2388    O   0.00878068   -0.00495031   -0.01461521
2389    H  -0.00923055   -0.00002004    0.01319781
2390    H  -0.00370470    0.00953788    0.00512037
2391    O   0.02380654   -0.01117576   -0.01449075
2392    H  -0.00951848    0.00868981    0.00820068
2393    H  -0.01173445   -0.00485944    0.00076949
2394    O   0.00888067   -0.02545559   -0.01729643
2395    H  -0.00220516    0.01925452    0.00096875
2396    H  -0.01359803    0.00758266    0.01643406
2397    O  -0.00748493    0.01227462   -0.01360982
2398    H   0.00433358   -0.00316321    0.01496759
2399    H   0.00309482   -0.00428308   -0.00105511
2400    O   0.01956834   -0.00495867   -0.01470028
2401    H  -0.00785237   -0.00507758    0.00954277
2402    H  -0.01412368    0.00612688    0.00171104
2403    O  -0.02725720   -0.00147385   -0.01020346
2404    H   0.01009356   -0.00054318    0.00857228
2405    H   0.01101823   -0.00253271    0.00940613
2406    O   0.00732148    0.00237694    0.02392963
2407    H  -0.00138534   -0.00670687   -0.01713957
2408    H  -0.00774288    0.00327139   -0.00527242
2409    O  -0.00026327   -0.01770551   -0.00098005
2410    H  -0.00542681    0.01332080    0.00558656
2411    H   0.00822548    0.00886959    0.00067405
2412    O   0.01145835    0.01574638   -0.01565796
2413    H  -0.01262138   -0.00223242    0.00635992
2414    H   0.00021388   -0.01292033    0.01118956
2415    O   0.01337935    0.00018655   -0.02582562
2416    H  -0.00952183   -0.00710065    0.00760976
2417    H  -0.00619090    0.00232489    0.01796643
2418    O   0.01183819   -0.01881635   -0.01940681
2419    H  -0.00552891    0.00487039    0.01139363
2420    H  -0.00660585    0.01004325   -0.00097004
2421    O   0.03462069   -0.00426542    0.00836588
2422    H  -0.01834560    0.00024081   -0.00824766
2423    H  -0.01106501   -0.00393902    0.00146495
2424    O   0.00758152   -0.01429870   -0.01214152
2425    H   0.00004234    0.00729417    0.00569813
2426    H  -0.01078093    0.00569149    0.00393490
2427    O  -0.00481485   -0.01600588   -0.01396548
2428    H   0.00061317    0.01182733    0.01282014
2429    H   0.00413007    0.00219935    0.00703885
2430    O   0.01173146   -0.01480317   -0.00472317
2431    H  -0.00159839    0.00127250    0.00924951
2432    H  -0.00857459    0.00622707   -0.00444593
2433    O  -0.00130199    0.02752958   -0.01974749
2434    H   0.00052858   -0.01045789    0.01567153
2435    H   0.00590258   -0.01839726    0.00556992
2436    O   0.00903794    0.01324505    0.02826590
2437    H  -0.00495758    0.00482393   -0.01770472
2438    H  -0.00106129   -0.01072729   -0.00767755
2439    O   0.00833212   -0.01024375    0.03755918
2440    H  -0.00539522    0.00180024   -0.01846662
2441    H  -0.00383791    0.01016870   -0.00253030
2442    O   0.00730788    0.02346741    0.00366231
2443    H  -0.01134411   -0.00772271   -0.00411173
2444    H   0.00254349   -0.01557444    0.00225060
2445    O  -0.01149150   -0.02229709    0.01093600
2446    H   0.00218469    0.01774839   -0.00824378
2447    H   0.00905782    0.00100707   -0.00738778
2448    O  -0.03542097    0.02352068   -0.01256106
2449    H   0.02162110   -0.00489888    0.00352574
2450    H   0.01069687   -0.01593662    0.01005479
2451    O  -0.00691348   -0.00886510    0.01684025
2452    H  -0.00094763    0.00300903   -0.01217886
2453    H   0.00777437    0.00782706   -0.00835387
2454    O  -0.01757043    0.00841570   -0.00160503
2455    H   0.00990123   -0.00228381    0.00961486
2456    H   0.00870964   -0.00622976   -0.00618745
2457    O   0.02004748    0.01437416    0.00524914
2458    H  -0.01037357   -0.00031135   -0.00382700
2459    H  -0.01597289   -0.00706289   -0.00060840
2460    O  -0.01408498   -0.00421564    0.02283844
2461    H   0.00726007   -0.00526107   -0.01593147
2462    H   0.00449633    0.00333216   -0.00359157
2463    O   0.00068307   -0.01898153   -0.03149436
2464    H  -0.00811410    0.00693967    0.01307526
2465    H   0.00272310    0.00993624    0.01947694
2466    O   0.00653387    0.01463473   -0.01013264
2467    H  -0.01156118   -0.00802211    0.00925276
2468    H  -0.00105308   -0.00461771    0.00207328
2469    O   0.02525770   -0.01002292    0.01786467
2470    H  -0.01156227    0.00230862   -0.01252014
2471    H  -0.01314928    0.00513824   -0.00784961
2472    O   0.01185907   -0.00597602   -0.01664769
2473    H  -0.00822294    0.00193280    0.01066236
2474    H  -0.00551084    0.00683804    0.00827970
2475    O   0.00453448   -0.00424694   -0.02223862
2476    H   0.00101344    0.00257944    0.00797051
2477    H  -0.00702110    0.00256614    0.01308140
2478    O   0.01754069    0.02231108   -0.01266855
2479    H  -0.01131806   -0.01788747    0.00428173
2480    H  -0.00060274   -0.01264804    0.00534369
2481    O  -0.03411710   -0.00950957    0.00008916
2482    H   0.01893862    0.00967466   -0.00997897
2483    H   0.01687371    0.00101637    0.00629758
2484    O   0.01477689   -0.01178945   -0.01076577
2485    H  -0.00156579    0.00471394    0.01074722
2486    H  -0.01361306    0.00805800    0.00063552
2487    O  -0.00395391    0.01704148   -0.01025548
2488    H  -0.00053420   -0.00368492    0.00407064
2489    H   0.00452428   -0.01035328    0.00612138
2490    O   0.00498213    0.01164089   -0.01896751
2491    H  -0.00393245   -0.00420677    0.00789149
2492    H   0.00405434   -0.01140813    0.01230359
2493    O  -0.01534992   -0.00976707   -0.00542961
2494    H   0.00251361    0.00289357    0.00306919
2495    H   0.01211230    0.00428298    0.00020393
2496    O  -0.01771029    0.02248687   -0.00924399
2497    H   0.01222419   -0.01597391    0.00008483
2498    H   0.00212613   -0.00863866    0.00911525
2499    O   0.00495493   -0.01392470   -0.02316701
2500    H  -0.00715693    0.00993621    0.01305459
2501    H  -0.00124055    0.00400455    0.01237357
2502    O   0.00212247    0.01712390    0.00500578
2503    H   0.00122885   -0.01249029   -0.00676429
2504    H  -0.00215606   -0.00535655    0.00101345
2505    O  -0.01657058   -0.01461147   -0.00501494
2506    H   0.00752624    0.00076786   -0.00339093
2507    H   0.01145289    0.01213280    0.00800748
2508    O  -0.01557801   -0.01188677   -0.01174603
2509    H   0.00426448    0.00502776    0.00587603
2510    H   0.00791261    0.01000498   -0.00064629
2511    O  -0.01762146    0.00883342   -0.01642644
2512    H   0.00695889   -0.01001922    0.00283210
2513    H   0.00665065   -0.00276300    0.00613724
2514    O   0.02066043    0.00892303    0.00926478
2515    H  -0.01337391   -0.00568947   -0.00213242
2516    H  -0.00653777   -0.00410674   -0.00474763
2517    O  -0.00406905    0.01470466   -0.01061478
2518    H  -0.00534273   -0.00740397    0.00823156
2519    H   0.00859081   -0.00624672    0.00517433
2520    O  -0.02478733    0.01329652    0.00513879
2521    H   0.01030286   -0.01610346   -0.00376288
2522    H   0.01146910   -0.00250820    0.00308294
2523    O   0.00618862    0.00138832   -0.00492344
2524    H  -0.01347024    0.00061422    0.00430791
2525    H  -0.00662368   -0.00381222    0.00369682
2526    O  -0.01031841   -0.03325469    0.03584729
2527    H   0.00369226    0.00338625   -0.01936848
2528    H   0.00632723    0.01739066   -0.01233386
2529    O   0.01659410   -0.00708175   -0.00937297
2530    H  -0.00525724   -0.00310390   -0.00257487
2531    H  -0.00996849    0.00729515    0.01104039
2532    O  -0.00762116   -0.00740512   -0.01838993
2533    H   0.00498156    0.00273331    0.01460862
2534    H   0.00099293    0.00186922    0.00603343
2535    O   0.02043060    0.00667822   -0.00855541
2536    H  -0.01529082   -0.00785157    0.00441370
2537    H  -0.01188192   -0.00345772    0.01197841
2538    O   0.00737264   -0.01740957   -0.00452048
2539    H  -0.00077750    0.00761279    0.00585089
2540    H  -0.01068929    0.00644746    0.00004047
2541    O  -0.03681748    0.04352014    0.00223679
2542    H   0.02021416   -0.01993652   -0.00107447
2543    H   0.00665096   -0.00117583   -0.00288795
2544    O  -0.01852790    0.00392033   -0.00495614
2545    H   0.00631983   -0.00515213    0.00609768
2546    H   0.00753504    0.00114351   -0.00260325
2547    O   0.01294895   -0.00428349   -0.01270993
2548    H  -0.00854772    0.00657519    0.00001436
2549    H  -0.00729257   -0.00317132    0.01389454
2550    O   0.01973091   -0.01470967   -0.00648488
2551    H  -0.01236876    0.00443020   -0.00041955
2552    H   0.00013751    0.00921480    0.01222180
2553    O  -0.00716980   -0.02501183    0.01817602
2554    H   0.00857159    0.00714133   -0.01443403
2555    H   0.00103413    0.01880213   -0.00135785
2556    O   0.02210117   -0.00879514    0.00231594
2557    H  -0.00414426    0.01292127   -0.00336074
2558    H  -0.01456860    0.00099286   -0.00542878
2559    O   0.01583883    0.00625036   -0.04339830
2560    H  -0.00603840   -0.00448682    0.02686280
2561    H  -0.01101034    0.00113673    0.00309795
2562    O   0.02706220   -0.00009470    0.02372810
2563    H  -0.01325273   -0.00487762   -0.01196832
2564    H  -0.00744802    0.00960545   -0.01062969
2565    O   0.02072241   -0.00335996    0.01627861
2566    H  -0.00954753    0.00604844   -0.01019959
2567    H  -0.00623539   -0.00647733   -0.00274169
2568    O  -0.01916093    0.00243691   -0.02536841
2569    H   0.00889715   -0.00279889    0.00677292
2570    H   0.00949968    0.00527798    0.02075817
2571    O   0.00736824   -0.02937231   -0.00230052
2572    H  -0.00292865    0.00416859   -0.00090062
2573    H  -0.00499386    0.02015405    0.00091360
2574    O   0.00120517    0.00703171   -0.02238721
2575    H   0.00389851    0.00350710    0.00984290
2576    H  -0.00129043   -0.00733972    0.01474591
2577    O  -0.02750432   -0.00356366    0.00957341
2578    H   0.01619280    0.00377627    0.00843948
2579    H   0.01230578   -0.00081668   -0.01634665
2580    O   0.00530727    0.00982614   -0.04442030
2581    H   0.00079199   -0.00482769    0.02411152
2582    H  -0.00738113   -0.00916570    0.01593167
2583    O  -0.00256888    0.01776685    0.03238922
2584    H  -0.00220801   -0.00518702   -0.01159515
2585    H   0.00846454   -0.01021395   -0.01436191
2586    O  -0.00039865   -0.00255735   -0.01324518
2587    H   0.00189991    0.00666091    0.00048287
2588    H  -0.00164399    0.00126979    0.01564634
2589    O  -0.00448587    0.01148990    0.00618472
2590    H  -0.00284210   -0.00466542   -0.00114580
2591    H   0.00877756   -0.00595875   -0.00446906
2592    O  -0.02664877   -0.01076952    0.01648355
2593    H   0.01499842   -0.00047483   -0.00619645
2594    H   0.00643125    0.01339394   -0.00965154
2595    O   0.02137483    0.00053380   -0.00675979
2596    H  -0.01113190   -0.00247711    0.00012422
2597    H  -0.00984150    0.00416733    0.00298147
2598    O   0.01580754    0.00614636   -0.02274885
2599    H  -0.00820851    0.00062895    0.00460277
2600    H  -0.00740270   -0.00511952    0.01501506
2601    O   0.00216652    0.02818790    0.01279261
2602    H   0.00797429   -0.00676989   -0.00860282
2603    H  -0.00745446   -0.01507444    0.00242646
2604    O  -0.02244587   -0.01798872   -0.00437402
2605    H   0.01107228    0.00981996    0.01228012
2606    H   0.00646476    0.00840667   -0.00544687
2607    O  -0.00577619    0.00884180    0.03748422
2608    H  -0.00065157   -0.00843528   -0.01708615
2609    H   0.00832027    0.00377173   -0.01130561
2610    O   0.02154582   -0.01269460    0.00141112
2611    H  -0.00966716    0.01568337    0.00250977
2612    H  -0.01385894   -0.00027558   -0.00835031
2613    O   0.01499673   -0.00334548   -0.00437389
2614    H  -0.00340633    0.00147605    0.00027199
2615    H  -0.00995773   -0.00369319    0.00363889
2616    O  -0.00317354   -0.00798913   -0.01756788
2617    H   0.00196311   -0.00264642    0.01113957
2618    H   0.00134869    0.00422198    0.00674414
2619    O  -0.00881282   -0.00983935    0.01622111
2620    H   0.01137786    0.00207253   -0.00564619
2621    H   0.00262569    0.00937772   -0.01190329
2622    O  -0.01537218   -0.00901726    0.02618832
2623    H   0.00488252   -0.00606975   -0.00785705
2624    H   0.01137993    0.00215232   -0.01779614
2625    O   0.03085404    0.01192802   -0.00518824
2626    H  -0.01503136   -0.00524255    0.00829692
2627    H  -0.02306244   -0.00275888   -0.00193830
2628    O  -0.03241977   -0.01151562    0.01120861
2629    H   0.02107457    0.00540974   -0.00417947
2630    H   0.01041629    0.00748900   -0.00592612
2631    O   0.02619469    0.00002290    0.00014391
2632    H  -0.01353171   -0.00005721    0.00019615
2633    H  -0.01594803   -0.00419524    0.00028129
2634    O  -0.01195276   -0.00393946   -0.01588023
2635    H   0.00659545    0.00377788    0.01138695
2636    H   0.00564429    0.00095044    0.00651250
