#PC gradient None (au/Bohr):
6    O  -0.00009354   -0.00002825   -0.00001751
7    H   0.00004915    0.00000900    0.00000467
8    H   0.00005267    0.00002135    0.00000643
9    O   0.00001737   -0.00002425    0.00001989
10    H  -0.00000884    0.00001327   -0.00001387
11    H  -0.00000975    0.00001071   -0.00000733
12    O   0.00000259    0.00000369   -0.00001453
13    H  -0.00000181   -0.00000158    0.00000659
14    H  -0.00000157   -0.00000196    0.00000845
15    O  -0.00000033    0.00000952   -0.00001270
16    H   0.00000084   -0.00000505    0.00000675
17    H   0.00000021   -0.00000512    0.00000589
18    O  -0.00000046    0.00002324   -0.00001557
19    H  -0.00000025   -0.00001098    0.00000643
20    H   0.00000161   -0.00001322    0.00000825
21    O  -0.00003766    0.00002197    0.00006521
22    H   0.00001386   -0.00000963   -0.00002635
23    H   0.00001784   -0.00001422   -0.00003909
24    O   0.00024705   -0.00056305   -0.00060824
25    H  -0.00005138    0.00023214    0.00018219
26    H  -0.00034752    0.00023647    0.00020984
27    O   0.00000568   -0.00003133   -0.00001783
28    H  -0.00000295    0.00001279    0.00000673
29    H  -0.00000273    0.00001466    0.00000977
30    O  -0.00002285   -0.00000823   -0.00001847
31    H   0.00000981    0.00000315    0.00000784
32    H   0.00001001    0.00000499    0.00000954
33    O   0.00006301   -0.00010243    0.00001309
34    H  -0.00004299    0.00007587   -0.00000673
35    H  -0.00003797    0.00003823    0.00000387
36    O   0.00002316   -0.00012931    0.00005159
37    H  -0.00000891    0.00004639   -0.00001998
38    H  -0.00002151    0.00005899   -0.00001667
39    O   0.00005059   -0.00003232   -0.00002232
40    H  -0.00002443    0.00002002    0.00002050
41    H  -0.00003124    0.00001658    0.00000701
42    O  -0.00042214   -0.00110333   -0.00081905
43    H   0.00009521    0.00027005    0.00026822
44    H   0.00036490    0.00058713    0.00027298
45    O  -0.00001923    0.00001278    0.00005687
46    H   0.00000611   -0.00000362   -0.00002504
47    H   0.00001292   -0.00000450   -0.00002832
48    O  -0.00004318   -0.00002624   -0.00006270
49    H   0.00003114    0.00001544    0.00003536
50    H   0.00002021    0.00000919    0.00002525
51    O  -0.00001545   -0.00002168   -0.00000038
52    H   0.00000629    0.00000993    0.00000071
53    H   0.00000701    0.00000960   -0.00000045
54    O   0.00000210   -0.00000736    0.00000699
55    H  -0.00000142    0.00000366   -0.00000359
56    H  -0.00000118    0.00000422   -0.00000380
57    O   0.00001921    0.00006046   -0.00000617
58    H  -0.00001402   -0.00002944    0.00000354
59    H  -0.00000831   -0.00003319    0.00000674
60    O  -0.00001146    0.00000765    0.00001428
61    H   0.00000577   -0.00000432   -0.00000822
62    H   0.00000486   -0.00000379   -0.00000634
63    O   0.00001248   -0.00000852   -0.00000119
64    H  -0.00000614    0.00000346    0.00000159
65    H  -0.00000571    0.00000405    0.00000019
66    O   0.00003094   -0.00002175   -0.00009006
67    H  -0.00001706    0.00000729    0.00004632
68    H  -0.00000581    0.00000767    0.00005196
69    O   0.00001027    0.00001651   -0.00002852
70    H  -0.00000526   -0.00000619    0.00001182
71    H  -0.00000511   -0.00000947    0.00001340
72    O  -0.00004139    0.00000547   -0.00000312
73    H   0.00002521   -0.00000392    0.00000157
74    H   0.00001950   -0.00000323    0.00000318
75    O  -0.00000812    0.00000404   -0.00001693
76    H   0.00000373   -0.00000255    0.00000898
77    H   0.00000464   -0.00000174    0.00000957
78    O  -0.00014972   -0.00030367    0.00055517
79    H  -0.00001468    0.00012410   -0.00025152
80    H   0.00021151    0.00016462   -0.00049961
81    O   0.00001909   -0.00001125   -0.00000262
82    H  -0.00000976    0.00000570    0.00000184
83    H  -0.00000814    0.00000481    0.00000240
84    O   0.00010962    0.00005545   -0.00003103
85    H  -0.00004080   -0.00001817    0.00001058
86    H  -0.00006174   -0.00001406    0.00001789
87    O  -0.00000189    0.00000744    0.00000876
88    H   0.00000108   -0.00000425   -0.00000503
89    H   0.00000124   -0.00000385   -0.00000408
90    O   0.00001439    0.00003956   -0.00004845
91    H  -0.00000631   -0.00001529    0.00001892
92    H  -0.00000963   -0.00001677    0.00002703
93    O   0.00000974    0.00000158   -0.00000983
94    H  -0.00000463   -0.00000017    0.00000408
95    H  -0.00000579   -0.00000067    0.00000540
96    O  -0.00000229   -0.00001199   -0.00001068
97    H   0.00000024    0.00000571    0.00000473
98    H   0.00000124    0.00000696    0.00000639
99    O   0.00000723   -0.00001552    0.00000130
100    H  -0.00000244    0.00000766   -0.00000060
101    H  -0.00000418    0.00000778   -0.00000030
102    O   0.00002022   -0.00001461   -0.00001504
103    H  -0.00000834    0.00000648    0.00000904
104    H  -0.00001169    0.00000920    0.00000898
105    O   0.00003353   -0.00000079   -0.00000244
106    H  -0.00001963    0.00000307    0.00000079
107    H  -0.00001676   -0.00000195    0.00000222
108    O   0.00001843    0.00001689    0.00001115
109    H  -0.00001062   -0.00000802   -0.00000631
110    H  -0.00000774   -0.00000680   -0.00000479
111    O  -0.00000663    0.00002427   -0.00001389
112    H   0.00000241   -0.00001138    0.00000570
113    H   0.00000254   -0.00001083    0.00000743
114    O   0.00002794   -0.00001065   -0.00000438
115    H  -0.00001561    0.00000716    0.00000006
116    H  -0.00001320    0.00000472    0.00000368
117    O  -0.00001758   -0.00001370    0.00001597
118    H   0.00000701    0.00000684   -0.00000760
119    H   0.00000961    0.00000843   -0.00000809
120    O   0.00001498   -0.00001142   -0.00000553
121    H  -0.00000817    0.00000545    0.00000233
122    H  -0.00000764    0.00000716    0.00000431
123    O  -0.00009000    0.00003692   -0.00003103
124    H   0.00003639   -0.00001910    0.00001197
125    H   0.00004145   -0.00001615    0.00002054
126    O  -0.00000672   -0.00002882   -0.00007237
127    H   0.00000967    0.00001565    0.00003694
128    H  -0.00000275    0.00001814    0.00003497
129    O   0.00002846   -0.00001497   -0.00000119
130    H  -0.00001518    0.00000796    0.00000086
131    H  -0.00001757    0.00000705    0.00000027
132    O   0.00020523   -0.00014584    0.00026484
133    H  -0.00011160    0.00007515   -0.00005786
134    H  -0.00012893    0.00004724   -0.00014634
135    O  -0.00018599    0.00007851   -0.00010652
136    H   0.00008075   -0.00003963    0.00003280
137    H   0.00011806   -0.00003073    0.00005386
138    O  -0.00000038    0.00000866    0.00001636
139    H  -0.00000063   -0.00000387   -0.00000790
140    H   0.00000060   -0.00000403   -0.00000883
141    O   0.00005820   -0.00006546   -0.00000018
142    H  -0.00003211    0.00002505   -0.00000144
143    H  -0.00001966    0.00002714    0.00000020
144    O   0.00000828   -0.00000784    0.00000608
145    H  -0.00000390    0.00000355   -0.00000287
146    H  -0.00000512    0.00000418   -0.00000278
147    O   0.00000549    0.00000756    0.00001540
148    H  -0.00000267   -0.00000477   -0.00000801
149    H  -0.00000200   -0.00000355   -0.00000703
150    O   0.00000588    0.00000432   -0.00001170
151    H  -0.00000271   -0.00000231    0.00000528
152    H  -0.00000354   -0.00000252    0.00000663
153    O   0.00000616   -0.00002273   -0.00000387
154    H  -0.00000145    0.00001106    0.00000218
155    H  -0.00000332    0.00001410    0.00000254
156    O   0.00003305   -0.00001692   -0.00000169
157    H  -0.00002054    0.00000959    0.00000394
158    H  -0.00001445    0.00000728    0.00000304
159    O  -0.00003794    0.00021615   -0.00008640
160    H   0.00000731   -0.00007701    0.00003680
161    H   0.00000145   -0.00013258    0.00005406
162    O   0.00002753    0.00001926   -0.00002682
163    H  -0.00001477   -0.00001331    0.00001770
164    H  -0.00001436   -0.00001028    0.00001193
165    O   0.00007389   -0.00000795   -0.00007358
166    H  -0.00004494    0.00000138    0.00005513
167    H  -0.00002690   -0.00000322    0.00003454
168    O  -0.00001361   -0.00001323   -0.00003766
169    H   0.00000678    0.00000909    0.00002020
170    H   0.00000991    0.00000571    0.00001912
171    O   0.00006798   -0.00000250   -0.00000570
172    H  -0.00004139   -0.00000674    0.00000640
173    H  -0.00003042    0.00000251    0.00000283
174    O  -0.00000781    0.00000853   -0.00001518
175    H   0.00000490   -0.00000440    0.00000789
176    H   0.00000367   -0.00000433    0.00000863
177    O   0.00004800   -0.00005912   -0.00000711
178    H  -0.00001560    0.00002821    0.00000301
179    H  -0.00002400    0.00002280    0.00000380
180    O  -0.00011990    0.00007541   -0.00001785
181    H   0.00005421   -0.00002976    0.00000097
182    H   0.00005807   -0.00004792    0.00000524
183    O   0.00007858    0.00001501    0.00000711
184    H  -0.00003454   -0.00001604   -0.00000526
185    H  -0.00003607   -0.00000434   -0.00000155
186    O  -0.00035518    0.00007503   -0.00070028
187    H   0.00015345    0.00000236    0.00023594
188    H   0.00016368   -0.00009697    0.00025900
189    O   0.00009504   -0.00005369   -0.00002310
190    H  -0.00004836    0.00002414    0.00000784
191    H  -0.00004331    0.00004185    0.00002634
192    O   0.00000120    0.00000564   -0.00000880
193    H  -0.00000037   -0.00000263    0.00000446
194    H  -0.00000045   -0.00000339    0.00000479
195    O   0.00003845   -0.00002275   -0.00001201
196    H  -0.00001534    0.00000948    0.00000370
197    H  -0.00002152    0.00001552    0.00000142
198    O   0.00000793   -0.00000589   -0.00000157
199    H  -0.00000432    0.00000242    0.00000037
200    H  -0.00000425    0.00000341    0.00000108
201    O   0.00003245   -0.00003055   -0.00002084
202    H  -0.00002107    0.00001738    0.00001026
203    H  -0.00001852    0.00001437    0.00000948
204    O  -0.00030295    0.00048070    0.00012777
205    H   0.00020845   -0.00037739   -0.00004216
206    H   0.00018365   -0.00018854   -0.00005386
207    O   0.00002112   -0.00009943   -0.00008215
208    H  -0.00000520    0.00007101    0.00005514
209    H  -0.00000050    0.00004198    0.00003315
210    O  -0.00000010    0.00001641   -0.00003085
211    H  -0.00000011   -0.00001041    0.00001862
212    H  -0.00000166   -0.00000662    0.00001425
213    O   0.00002508    0.00000203    0.00000810
214    H  -0.00001522   -0.00000214   -0.00000522
215    H  -0.00001097   -0.00000238   -0.00000459
216    O  -0.00003988   -0.00003638    0.00000584
217    H   0.00002015    0.00001550   -0.00000094
218    H   0.00001564    0.00001556   -0.00000364
219    O  -0.00000303   -0.00002898    0.00000879
220    H  -0.00000054    0.00001508   -0.00000396
221    H   0.00000184    0.00001275   -0.00000322
222    O   0.00001761   -0.00003575   -0.00001151
223    H  -0.00000577    0.00001848    0.00000722
224    H  -0.00001033    0.00001416    0.00000458
225    O   0.00000565   -0.00001817   -0.00000746
226    H  -0.00000228    0.00000805    0.00000300
227    H  -0.00000341    0.00000794    0.00000345
228    O  -0.00018331    0.00024386    0.00047682
229    H   0.00006246   -0.00006152   -0.00016363
230    H   0.00001565   -0.00012416   -0.00025307
231    O   0.00001389    0.00000040    0.00000658
232    H  -0.00000646    0.00000038   -0.00000275
233    H  -0.00000775   -0.00000064   -0.00000432
234    O   0.00000377   -0.00001979   -0.00001363
235    H  -0.00000277    0.00000975    0.00000704
236    H  -0.00000205    0.00000832    0.00000529
237    O  -0.00002857   -0.00003895    0.00002606
238    H   0.00001332    0.00002372   -0.00001357
239    H   0.00002026    0.00002062   -0.00001511
240    O   0.00003131   -0.00000971    0.00001259
241    H  -0.00001584    0.00000314   -0.00000895
242    H  -0.00001652    0.00000542   -0.00000829
243    O   0.00001551   -0.00000977   -0.00000544
244    H  -0.00000719    0.00000448    0.00000253
245    H  -0.00000892    0.00000587    0.00000409
246    O  -0.00000267    0.00001388   -0.00001033
247    H   0.00000159   -0.00000677    0.00000444
248    H   0.00000062   -0.00000664    0.00000491
249    O   0.00005989    0.00005204    0.00006082
250    H  -0.00003582   -0.00003605   -0.00003323
251    H  -0.00002242   -0.00002980   -0.00003598
252    O   0.00010992   -0.00000426   -0.00007528
253    H  -0.00004684    0.00000680    0.00003311
254    H  -0.00007870   -0.00000047    0.00005895
255    O   0.00017685   -0.00004546   -0.00004425
256    H  -0.00006679    0.00003408    0.00000810
257    H  -0.00006510    0.00003020    0.00001948
258    O  -0.00029709   -0.00000846   -0.00005656
259    H   0.00012198    0.00001182    0.00000526
260    H   0.00016086    0.00003172    0.00004694
261    O  -0.00006624   -0.00000295    0.00009772
262    H   0.00003142    0.00001066   -0.00004770
263    H   0.00002472    0.00000031   -0.00003737
264    O   0.00000173   -0.00001288   -0.00000183
265    H  -0.00000120    0.00000586    0.00000104
266    H  -0.00000044    0.00000747    0.00000125
267    O  -0.00000266   -0.00008212    0.00018955
268    H  -0.00001082    0.00005021   -0.00008199
269    H   0.00001333    0.00005342   -0.00014537
270    O   0.00000511   -0.00001025    0.00001433
271    H  -0.00000349    0.00000493   -0.00000652
272    H  -0.00000196    0.00000438   -0.00000617
273    O   0.00002099   -0.00001247   -0.00000484
274    H  -0.00001015    0.00000519    0.00000088
275    H  -0.00001321    0.00000737    0.00000250
276    O  -0.00002237   -0.00000766    0.00004213
277    H   0.00001513    0.00000235   -0.00002236
278    H   0.00000897    0.00000234   -0.00002033
279    O  -0.00007274    0.00000451   -0.00000593
280    H   0.00004093   -0.00000660    0.00000162
281    H   0.00003134   -0.00000112   -0.00000016
282    O   0.00002225   -0.00000403    0.00000166
283    H  -0.00001224    0.00000038   -0.00000180
284    H  -0.00001128    0.00000167   -0.00000081
285    O   0.00007827   -0.00002278    0.00000914
286    H  -0.00003124    0.00000665   -0.00000839
287    H  -0.00004379    0.00000915   -0.00000705
288    O  -0.00016709   -0.00013942    0.00018396
289    H   0.00010813    0.00011045   -0.00009200
290    H   0.00008224    0.00007528   -0.00012867
291    O   0.00001467   -0.00000521   -0.00003086
292    H  -0.00000917    0.00000278    0.00001937
293    H  -0.00000521    0.00000234    0.00001625
294    O  -0.00007460   -0.00005026    0.00004489
295    H   0.00004193    0.00003536   -0.00002604
296    H   0.00004223    0.00002245   -0.00001714
297    O  -0.00000090   -0.00002739    0.00001541
298    H   0.00000099    0.00001478   -0.00000702
299    H   0.00000248    0.00001510   -0.00000970
300    O   0.00004954    0.00005244   -0.00011325
301    H  -0.00003290   -0.00002802    0.00004940
302    H  -0.00001520   -0.00002217    0.00004488
303    O   0.00001599    0.00003939   -0.00000914
304    H  -0.00000979   -0.00002303    0.00000668
305    H  -0.00000900   -0.00001600    0.00000402
306    O  -0.00002279    0.00003005   -0.00000730
307    H   0.00001020   -0.00001636    0.00000424
308    H   0.00000985   -0.00001324    0.00000219
309    O  -0.00011656   -0.00001711   -0.00008201
310    H   0.00004467    0.00000353    0.00003348
311    H   0.00007050    0.00000404    0.00003486
312    O   0.00015773   -0.00008170   -0.00013708
313    H  -0.00005817    0.00003194    0.00004049
314    H  -0.00005409    0.00001773    0.00009148
315    O   0.00002308   -0.00001704   -0.00000467
316    H  -0.00001196    0.00000773    0.00000209
317    H  -0.00001186    0.00000623    0.00000098
318    O   0.00000127    0.00001907    0.00000771
319    H  -0.00000027   -0.00001119   -0.00000394
320    H  -0.00000118   -0.00000889   -0.00000317
321    O  -0.00001555    0.00003324    0.00000290
322    H   0.00000765   -0.00001418   -0.00000102
323    H   0.00000774   -0.00001771    0.00000020
324    O  -0.00000031   -0.00002012   -0.00001647
325    H   0.00000198    0.00001061    0.00000857
326    H   0.00000037    0.00000973    0.00000921
327    O  -0.00009582    0.00012610   -0.00007651
328    H   0.00004402   -0.00006239    0.00005192
329    H   0.00006816   -0.00006381    0.00003966
330    O  -0.00000808    0.00001695   -0.00000092
331    H   0.00000444   -0.00000870    0.00000115
332    H   0.00000321   -0.00000817    0.00000057
333    O   0.00000620   -0.00000626   -0.00001704
334    H  -0.00000407    0.00000398    0.00000897
335    H  -0.00000343    0.00000284    0.00000904
336    O   0.00001807   -0.00000539    0.00000127
337    H  -0.00001013    0.00000159   -0.00000164
338    H  -0.00000774    0.00000203   -0.00000084
339    O  -0.00049020    0.00019391    0.00008119
340    H   0.00021072   -0.00005580   -0.00007978
341    H   0.00021182   -0.00005628    0.00000227
342    O  -0.00003411    0.00000310   -0.00004122
343    H   0.00001463   -0.00000310    0.00002139
344    H   0.00002010    0.00000026    0.00002488
345    O   0.00006904    0.00000757   -0.00002021
346    H  -0.00004408   -0.00000490    0.00001418
347    H  -0.00002792   -0.00000584    0.00001166
348    O   0.00001943   -0.00000735   -0.00000846
349    H  -0.00000869    0.00000275    0.00000545
350    H  -0.00001145    0.00000439    0.00000560
351    O   0.00001828   -0.00000077   -0.00001533
352    H  -0.00000757    0.00000052    0.00000661
353    H  -0.00000939    0.00000078    0.00000615
354    O   0.00001941   -0.00005979    0.00004598
355    H  -0.00001217    0.00002438   -0.00001450
356    H  -0.00001551    0.00003983   -0.00002615
357    O  -0.00004316   -0.00003624    0.00003778
358    H   0.00002558    0.00001503   -0.00001836
359    H   0.00001668    0.00001436   -0.00001699
360    O  -0.00008077   -0.00007092   -0.00004779
361    H   0.00004759    0.00003521    0.00001709
362    H   0.00005255    0.00004377    0.00003650
363    O  -0.00001519    0.00001447    0.00000234
364    H   0.00000811   -0.00000727   -0.00000046
365    H   0.00000691   -0.00000611   -0.00000122
366    O   0.00021174    0.00026213    0.00006986
367    H  -0.00006975   -0.00009156   -0.00003216
368    H  -0.00007229   -0.00019018   -0.00004091
369    O   0.00001600    0.00002589   -0.00001152
370    H  -0.00000787   -0.00001510    0.00000501
371    H  -0.00000624   -0.00001217    0.00000577
372    O  -0.00000353   -0.00000110    0.00001181
373    H   0.00000127    0.00000051   -0.00000587
374    H   0.00000208    0.00000075   -0.00000673
375    O  -0.00004825   -0.00001813   -0.00002289
376    H   0.00002950    0.00001115    0.00001104
377    H   0.00002493    0.00000599    0.00001178
378    O  -0.00003267   -0.00003579   -0.00003219
379    H   0.00001772    0.00001458    0.00001433
380    H   0.00002203    0.00002263    0.00001891
381    O   0.00000314   -0.00001249   -0.00000370
382    H  -0.00000083    0.00000651    0.00000220
383    H  -0.00000143    0.00000536    0.00000148
384    O  -0.00005970   -0.00000023   -0.00002744
385    H   0.00003314   -0.00000054    0.00001068
386    H   0.00002815   -0.00000307    0.00001421
387    O   0.00002413   -0.00001153   -0.00001724
388    H  -0.00001045    0.00000467    0.00001077
389    H  -0.00001153    0.00000646    0.00000750
390    O   0.00001448   -0.00001171   -0.00003783
391    H  -0.00000878    0.00000732    0.00002435
392    H  -0.00000756    0.00000461    0.00001790
393    O  -0.00016888    0.00011437    0.00009413
394    H   0.00008312   -0.00004083   -0.00005749
395    H   0.00011561   -0.00007062   -0.00004076
396    O   0.00001890   -0.00001069   -0.00000025
397    H  -0.00001064    0.00000669    0.00000032
398    H  -0.00001076    0.00000491    0.00000001
399    O   0.00001312    0.00000628   -0.00002286
400    H  -0.00000572   -0.00000304    0.00001208
401    H  -0.00000760   -0.00000154    0.00001052
402    O  -0.00000421    0.00001028   -0.00000945
403    H   0.00000176   -0.00000458    0.00000407
404    H   0.00000184   -0.00000569    0.00000496
405    O  -0.00002929    0.00001972    0.00001057
406    H   0.00001753   -0.00001212   -0.00000543
407    H   0.00001270   -0.00001021   -0.00000495
408    O   0.00000780    0.00002109    0.00006240
409    H   0.00000099   -0.00001138   -0.00003144
410    H  -0.00000474   -0.00001055   -0.00002560
411    O  -0.00000534   -0.00000571   -0.00003349
412    H   0.00000052    0.00000395    0.00001702
413    H   0.00000464    0.00000360    0.00001896
414    O   0.00003576   -0.00001386    0.00003014
415    H  -0.00001550    0.00000486   -0.00001924
416    H  -0.00002329    0.00000947   -0.00001848
417    O  -0.00007521   -0.00010985    0.00004195
418    H   0.00003720    0.00007386   -0.00002739
419    H   0.00002239    0.00004414   -0.00001609
420    O  -0.00001290    0.00003068    0.00007860
421    H   0.00000521   -0.00001942   -0.00005060
422    H   0.00000314   -0.00001533   -0.00003299
423    O   0.00000564    0.00000060   -0.00002079
424    H  -0.00000221   -0.00000018    0.00001147
425    H  -0.00000236   -0.00000131    0.00001092
426    O   0.00001402    0.00000495    0.00000763
427    H  -0.00000709   -0.00000367   -0.00000454
428    H  -0.00000621   -0.00000221   -0.00000377
429    O  -0.00007235    0.00003057   -0.00012675
430    H   0.00002793   -0.00001917    0.00005313
431    H   0.00005430   -0.00002375    0.00006682
432    O   0.00001725   -0.00000757    0.00000184
433    H  -0.00000826    0.00000422    0.00000024
434    H  -0.00000899    0.00000344   -0.00000241
435    O   0.00007984    0.00007235    0.00011580
436    H  -0.00002784   -0.00003792   -0.00006187
437    H  -0.00005508   -0.00006053   -0.00008043
438    O  -0.00012449   -0.00003440   -0.00021821
439    H   0.00006810    0.00001618    0.00008232
440    H   0.00004975    0.00000121    0.00009572
441    O  -0.00006417   -0.00004565   -0.00000500
442    H   0.00002747    0.00001768    0.00000039
443    H   0.00003461    0.00001967    0.00000587
444    O   0.00003361    0.00001487    0.00002549
445    H  -0.00001350   -0.00000843   -0.00001197
446    H  -0.00001915   -0.00001103   -0.00001744
447    O   0.00001880   -0.00001045    0.00000704
448    H  -0.00000934    0.00000487   -0.00000405
449    H  -0.00000819    0.00000490   -0.00000189
450    O   0.00000888   -0.00001408    0.00002631
451    H  -0.00000429    0.00000622   -0.00001037
452    H  -0.00000569    0.00000666   -0.00001292
453    O   0.00001261   -0.00001150   -0.00000471
454    H  -0.00000604    0.00000609    0.00000380
455    H  -0.00000596    0.00000594    0.00000251
456    O  -0.00005418   -0.00000806    0.00001384
457    H   0.00003054    0.00000090   -0.00000776
458    H   0.00002203    0.00000281   -0.00000602
459    O  -0.00005591    0.00003781    0.00016784
460    H   0.00003265   -0.00001001   -0.00006919
461    H   0.00001674   -0.00000726   -0.00008772
462    O   0.00018953   -0.00005927    0.00004378
463    H  -0.00010864    0.00004757    0.00001589
464    H  -0.00007877    0.00002067   -0.00001648
465    O   0.00000712   -0.00000850   -0.00000181
466    H  -0.00000415    0.00000477    0.00000092
467    H  -0.00000298    0.00000477    0.00000119
468    O  -0.00002922   -0.00000681   -0.00003361
469    H   0.00001146    0.00000281    0.00001412
470    H   0.00001568    0.00000458    0.00001527
471    O   0.00104214   -0.00031921    0.00003567
472    H  -0.00108801   -0.00001400   -0.00001342
473    H  -0.00037644   -0.00007289    0.00000087
474    O  -0.00003091    0.00001458   -0.00000036
475    H   0.00001500   -0.00000793   -0.00000112
476    H   0.00001843   -0.00000875    0.00000078
477    O  -0.00003902   -0.00004365    0.00007036
478    H   0.00002654    0.00002127   -0.00003225
479    H   0.00002283    0.00001983   -0.00004310
480    O   0.00000167   -0.00001573    0.00000002
481    H  -0.00000097    0.00000717    0.00000033
482    H  -0.00000072    0.00000939    0.00000013
483    O  -0.00000109    0.00004150    0.00000237
484    H   0.00000226   -0.00001899   -0.00000165
485    H   0.00000177   -0.00002535   -0.00000085
486    O   0.00003521   -0.00001333   -0.00003700
487    H  -0.00001993    0.00000541    0.00002565
488    H  -0.00001884    0.00000830    0.00001387
489    O   0.00010154   -0.00013540   -0.00024108
490    H  -0.00006802    0.00010820    0.00019765
491    H  -0.00000855    0.00005004    0.00012618
492    O   0.00000013   -0.00000367   -0.00001854
493    H  -0.00000090    0.00000228    0.00001016
494    H  -0.00000043    0.00000207    0.00000800
495    O   0.00001133   -0.00001241   -0.00000212
496    H  -0.00000706    0.00000699    0.00000121
497    H  -0.00000466    0.00000727    0.00000139
498    O   0.00021031    0.00003669    0.00009107
499    H  -0.00009534    0.00000952   -0.00001423
500    H  -0.00007149   -0.00002274   -0.00004121
501    O   0.00036180   -0.00019993    0.00030921
502    H  -0.00023160    0.00013647   -0.00031168
503    H  -0.00017661    0.00006307   -0.00019769
504    O   0.00000767    0.00000315    0.00001351
505    H  -0.00000467   -0.00000122   -0.00000659
506    H  -0.00000384   -0.00000238   -0.00000747
507    O   0.00000433   -0.00001329   -0.00002070
508    H  -0.00000064    0.00000586    0.00001033
509    H  -0.00000275    0.00000725    0.00001230
510    O  -0.00033900    0.00006345   -0.00020025
511    H   0.00013672   -0.00004404    0.00006481
512    H   0.00020683    0.00000189    0.00008654
513    O   0.00014275    0.00010335    0.00029250
514    H  -0.00011075   -0.00005525   -0.00012444
515    H  -0.00004631   -0.00003469   -0.00009724
516    O   0.00003099   -0.00001757   -0.00000687
517    H  -0.00001844    0.00001098    0.00000614
518    H  -0.00001549    0.00000769    0.00000032
519    O  -0.00021342    0.00027744   -0.00026743
520    H   0.00011235   -0.00010287    0.00009943
521    H   0.00006506   -0.00012429    0.00009255
522    O   0.00018945    0.00010272    0.00004507
523    H  -0.00011191   -0.00003434   -0.00002511
524    H  -0.00008203   -0.00005192   -0.00000262
525    O   0.00001121   -0.00001289   -0.00000545
526    H  -0.00000669    0.00000760    0.00000308
527    H  -0.00000599    0.00000632    0.00000286
528    O   0.00002409   -0.00000036   -0.00006865
529    H  -0.00001710   -0.00000165    0.00003502
530    H  -0.00000703   -0.00000358    0.00003808
531    O   0.00000847   -0.00001424    0.00001492
532    H  -0.00000403    0.00000681   -0.00000610
533    H  -0.00000550    0.00000865   -0.00000830
534    O  -0.00006002   -0.00001354   -0.00001018
535    H   0.00002708    0.00000409    0.00000645
536    H   0.00003692    0.00000523    0.00000468
537    O  -0.00003178   -0.00000005    0.00001798
538    H   0.00001649    0.00000047   -0.00000752
539    H   0.00001366    0.00000119   -0.00000855
540    O   0.00002000    0.00001808   -0.00001713
541    H  -0.00001018   -0.00001072    0.00000795
542    H  -0.00001200   -0.00001031    0.00001092
543    O  -0.00000812   -0.00005319   -0.00003871
544    H   0.00000853    0.00002345    0.00001888
545    H   0.00000036    0.00002155    0.00001452
546    O   0.00001944   -0.00000016    0.00005070
547    H  -0.00000778    0.00000182   -0.00002764
548    H  -0.00000857   -0.00000348   -0.00002929
549    O   0.00136044    0.00055224    0.00056547
550    H  -0.00058616   -0.00062083   -0.00082470
551    H  -0.00032697   -0.00020130   -0.00019936
552    O  -0.00005871    0.00003626   -0.00005216
553    H   0.00002958   -0.00001751    0.00001998
554    H   0.00002600   -0.00001235    0.00002532
555    O   0.00005023   -0.00001939   -0.00000170
556    H  -0.00002604    0.00001232    0.00000214
557    H  -0.00003176    0.00000604   -0.00000101
558    O  -0.00002879    0.00007194   -0.00001884
559    H   0.00000933   -0.00003588    0.00001030
560    H   0.00001248   -0.00002838    0.00000837
561    O   0.00000873   -0.00001661   -0.00003622
562    H  -0.00000609    0.00000772    0.00001802
563    H  -0.00000292    0.00000969    0.00002321
564    O  -0.00008078    0.00010303   -0.00008490
565    H   0.00004246   -0.00004030    0.00003647
566    H   0.00002975   -0.00004653    0.00003114
567    O   0.00000166    0.00000937   -0.00000976
568    H  -0.00000128   -0.00000417    0.00000462
569    H  -0.00000083   -0.00000519    0.00000471
570    O  -0.00000936    0.00001765   -0.00000940
571    H   0.00000459   -0.00001006    0.00000544
572    H   0.00000370   -0.00000789    0.00000408
573    O   0.00001606    0.00002572    0.00004122
574    H  -0.00000462   -0.00001237   -0.00001947
575    H  -0.00000865   -0.00000946   -0.00001666
576    O  -0.00003078    0.00002162    0.00003253
577    H   0.00001185   -0.00000977   -0.00001432
578    H   0.00001541   -0.00000800   -0.00001528
579    O   0.00003456   -0.00006122   -0.00008097
580    H  -0.00002858    0.00003786    0.00005202
581    H  -0.00001271    0.00003651    0.00004354
582    O   0.00000518    0.00004893   -0.00025830
583    H  -0.00001391   -0.00002832    0.00009766
584    H  -0.00003066   -0.00001543    0.00015352
585    O   0.00003133    0.00005201   -0.00002578
586    H  -0.00001355   -0.00003279    0.00001694
587    H  -0.00001492   -0.00002085    0.00001297
588    O   0.00005038   -0.00001784   -0.00000147
589    H  -0.00002081    0.00000563    0.00000306
590    H  -0.00002673    0.00000988    0.00000095
591    O  -0.00009027    0.00034173   -0.00014681
592    H   0.00006747   -0.00019965    0.00012657
593    H   0.00005503   -0.00012290    0.00005650
594    O   0.00001132   -0.00001176   -0.00001106
595    H  -0.00000720    0.00000611    0.00000473
596    H  -0.00000536    0.00000686    0.00000702
597    O   0.00001189   -0.00001595    0.00001572
598    H  -0.00000477    0.00000701   -0.00000782
599    H  -0.00000697    0.00000958   -0.00001006
600    O   0.00026828    0.00003208   -0.00003650
601    H  -0.00011282    0.00002762   -0.00000362
602    H  -0.00021729   -0.00002781    0.00002533
603    O  -0.00002041   -0.00000970    0.00002378
604    H   0.00001048    0.00000599   -0.00001403
605    H   0.00000997    0.00000594   -0.00001070
606    O  -0.00001012   -0.00003613    0.00003344
607    H   0.00000647    0.00001489   -0.00001456
608    H   0.00000666    0.00001961   -0.00002138
609    O   0.00017480   -0.00010018   -0.00019723
610    H  -0.00011074    0.00006513    0.00005318
611    H  -0.00006003    0.00003215    0.00006288
612    O   0.00000734   -0.00001305   -0.00000856
613    H  -0.00000425    0.00000695    0.00000491
614    H  -0.00000330    0.00000762    0.00000496
615    O   0.00002188   -0.00003751   -0.00000601
616    H  -0.00001142    0.00001464    0.00000088
617    H  -0.00001357    0.00002339    0.00000268
618    O   0.00005691   -0.00002849   -0.00006500
619    H  -0.00002000    0.00000986    0.00003239
620    H  -0.00003116    0.00001158    0.00002759
621    O  -0.00005789   -0.00002008   -0.00015492
622    H   0.00001340    0.00001116    0.00007639
623    H   0.00004445    0.00002229    0.00010039
624    O  -0.00000685   -0.00000328    0.00003016
625    H   0.00000227    0.00000242   -0.00001660
626    H   0.00000303    0.00000250   -0.00001315
627    O  -0.00000125    0.00001627    0.00001855
628    H   0.00000017   -0.00000940   -0.00000957
629    H   0.00000186   -0.00000866   -0.00000922
630    O  -0.00001508   -0.00015890   -0.00024996
631    H  -0.00000173    0.00005877    0.00007772
632    H  -0.00002567    0.00007695    0.00012996
633    O   0.00007959   -0.00005217   -0.00001294
634    H  -0.00004180    0.00003165    0.00001120
635    H  -0.00003323    0.00002188    0.00001570
636    O   0.00003123   -0.00025732   -0.00000439
637    H  -0.00001354    0.00008676    0.00000305
638    H   0.00000950    0.00011768    0.00002417
639    O  -0.00010786    0.00057424    0.00005918
640    H   0.00016522   -0.00034726   -0.00004311
641    H   0.00003914   -0.00024946    0.00002276
642    O   0.00001302    0.00000951    0.00002016
643    H  -0.00000575   -0.00000540   -0.00000934
644    H  -0.00000675   -0.00000339   -0.00000839
645    O   0.00007906   -0.00004721    0.00003655
646    H  -0.00005722    0.00003046   -0.00001467
647    H  -0.00003313    0.00002170   -0.00002622
648    O   0.00004080   -0.00003470    0.00000357
649    H  -0.00001554    0.00001934   -0.00000158
650    H  -0.00001808    0.00001632   -0.00000258
651    O   0.00004290   -0.00026496   -0.00012327
652    H  -0.00005852    0.00009919    0.00003919
653    H   0.00000100    0.00016876    0.00005075
654    O   0.00004843   -0.00002645    0.00001100
655    H  -0.00002910    0.00001633   -0.00000825
656    H  -0.00002269    0.00001532   -0.00001017
657    O  -0.00000686    0.00000236    0.00001212
658    H   0.00000407   -0.00000161   -0.00000632
659    H   0.00000305   -0.00000111   -0.00000527
660    O   0.00002662   -0.00000249   -0.00001088
661    H  -0.00001360    0.00000301    0.00000372
662    H  -0.00001303    0.00000140    0.00000430
663    O   0.00000155   -0.00000051   -0.00001968
664    H   0.00000007   -0.00000011    0.00000940
665    H  -0.00000123   -0.00000034    0.00000998
666    O   0.00001798    0.00011422   -0.00005587
667    H   0.00000099   -0.00005469    0.00002402
668    H  -0.00000825   -0.00007431    0.00004141
669    O   0.00004032   -0.00002117    0.00001673
670    H  -0.00001831    0.00001026   -0.00000673
671    H  -0.00001865    0.00001241   -0.00000382
672    O  -0.00006733    0.00030119    0.00051942
673    H   0.00011509   -0.00019068   -0.00022792
674    H  -0.00000704   -0.00021452   -0.00023992
675    O  -0.00022129    0.00012642    0.00006555
676    H   0.00016180   -0.00009428   -0.00003973
677    H   0.00010477   -0.00004754   -0.00004847
678    O  -0.00000685   -0.00001014    0.00002089
679    H   0.00000434    0.00000625   -0.00001229
680    H   0.00000266    0.00000524   -0.00000909
681    O   0.00000776    0.00000406    0.00000774
682    H  -0.00000395   -0.00000190   -0.00000346
683    H  -0.00000332   -0.00000183   -0.00000349
684    O   0.00000023    0.00000297   -0.00001202
685    H  -0.00000010   -0.00000198    0.00000664
686    H  -0.00000060   -0.00000113    0.00000591
687    O  -0.00000360   -0.00000069   -0.00001561
688    H   0.00000180   -0.00000020    0.00000773
689    H   0.00000114    0.00000068    0.00000817
690    O  -0.00001396   -0.00005645    0.00002235
691    H   0.00000211    0.00002764   -0.00001245
692    H   0.00000441    0.00002365   -0.00000760
693    O   0.00000886   -0.00002064    0.00001248
694    H  -0.00000476    0.00000895   -0.00000473
695    H  -0.00000269    0.00001137   -0.00000695
696    O  -0.00000328   -0.00000934   -0.00001901
697    H   0.00000229    0.00000461    0.00000875
698    H   0.00000238    0.00000405    0.00001017
699    O   0.00001644    0.00000067   -0.00000625
700    H  -0.00000728    0.00000009    0.00000273
701    H  -0.00000949    0.00000045    0.00000290
702    O   0.00000076   -0.00001060    0.00001283
703    H  -0.00000090    0.00000563   -0.00000597
704    H  -0.00000110    0.00000500   -0.00000621
705    O  -0.00001119    0.00007669   -0.00000024
706    H   0.00001101   -0.00004201   -0.00000239
707    H   0.00000093   -0.00004074   -0.00000193
708    O   0.00000187    0.00001415    0.00001005
709    H  -0.00000153   -0.00000656   -0.00000459
710    H  -0.00000079   -0.00000834   -0.00000527
711    O   0.00001739   -0.00000955    0.00003685
712    H  -0.00001148    0.00000687   -0.00002207
713    H  -0.00000860    0.00000323   -0.00001957
714    O   0.00000701   -0.00000937    0.00000694
715    H  -0.00000429    0.00000545   -0.00000395
716    H  -0.00000376    0.00000420   -0.00000302
717    O   0.00002753   -0.00003664    0.00003486
718    H  -0.00000903    0.00001655   -0.00001874
719    H  -0.00001164    0.00001753   -0.00001498
720    O  -0.00002614   -0.00003347   -0.00001075
721    H   0.00001502    0.00001526    0.00000421
722    H   0.00000984    0.00001398    0.00000467
723    O   0.00001255   -0.00000248    0.00000235
724    H  -0.00000554    0.00000152   -0.00000076
725    H  -0.00000661    0.00000077   -0.00000182
726    O   0.00001385    0.00000172    0.00001176
727    H  -0.00000739   -0.00000147   -0.00000726
728    H  -0.00000776   -0.00000092   -0.00000598
729    O   0.00001251   -0.00001559    0.00001079
730    H  -0.00000562    0.00000890   -0.00000621
731    H  -0.00000632    0.00000852   -0.00000677
732    O   0.00005370   -0.00001540   -0.00002876
733    H  -0.00003046    0.00000980    0.00000929
734    H  -0.00002293    0.00000420    0.00001562
735    O  -0.00004355    0.00004048   -0.00001441
736    H   0.00002364   -0.00002592    0.00000817
737    H   0.00002031   -0.00001879    0.00000402
738    O  -0.00009123   -0.00006945    0.00000203
739    H   0.00003378    0.00002798   -0.00000306
740    H   0.00004791    0.00004584   -0.00000537
741    O   0.00035540   -0.00022764    0.00016049
742    H  -0.00016389    0.00004497   -0.00009770
743    H  -0.00018150    0.00028639   -0.00002551
744    O   0.00002092    0.00000138   -0.00000495
745    H  -0.00000948   -0.00000109    0.00000285
746    H  -0.00001181   -0.00000227    0.00000339
747    O   0.00000674   -0.00001073    0.00000375
748    H  -0.00000399    0.00000568   -0.00000212
749    H  -0.00000268    0.00000609   -0.00000228
750    O  -0.00001634   -0.00000330   -0.00007642
751    H   0.00000871    0.00000588    0.00003877
752    H   0.00001496   -0.00000222    0.00004549
753    O   0.00001398   -0.00001101    0.00002113
754    H  -0.00000775    0.00000546   -0.00001207
755    H  -0.00000542    0.00000436   -0.00000933
756    O   0.00000297   -0.00000434    0.00000213
757    H  -0.00000172    0.00000222   -0.00000109
758    H  -0.00000126    0.00000230   -0.00000125
759    O   0.00052388   -0.00027810    0.00027752
760    H  -0.00017704    0.00013889   -0.00012619
761    H  -0.00034824    0.00027710   -0.00040341
762    O  -0.00000171    0.00000481    0.00000785
763    H   0.00000108   -0.00000284   -0.00000428
764    H   0.00000076   -0.00000236   -0.00000352
765    O   0.00000632   -0.00000160    0.00001981
766    H  -0.00000351    0.00000141   -0.00000848
767    H  -0.00000228    0.00000020   -0.00000907
768    O   0.00002355   -0.00000581   -0.00000310
769    H  -0.00001023    0.00000398    0.00000012
770    H  -0.00001334    0.00000337    0.00000136
771    O   0.00000993   -0.00000938    0.00001064
772    H  -0.00000604    0.00000483   -0.00000474
773    H  -0.00000447    0.00000408   -0.00000419
774    O   0.00001432   -0.00003371    0.00002503
775    H  -0.00000651    0.00001422   -0.00000941
776    H  -0.00000364    0.00001966   -0.00001516
777    O   0.00000607   -0.00000463    0.00000172
778    H  -0.00000261    0.00000213   -0.00000088
779    H  -0.00000294    0.00000243   -0.00000094
780    O  -0.00000341    0.00000525   -0.00000669
781    H   0.00000178   -0.00000238    0.00000344
782    H   0.00000197   -0.00000276    0.00000323
783    O   0.00000802    0.00003051   -0.00002848
784    H  -0.00000377   -0.00001268    0.00001133
785    H  -0.00000229   -0.00001812    0.00001464
786    O   0.00003466   -0.00002019   -0.00000907
787    H  -0.00001441    0.00000844    0.00000264
788    H  -0.00001622    0.00000938    0.00000406
789    O   0.00001641    0.00000896   -0.00001183
790    H  -0.00000700   -0.00000443    0.00000608
791    H  -0.00000870   -0.00000313    0.00000531
792    O   0.00002376   -0.00008625    0.00008981
793    H   0.00000213    0.00003953   -0.00004280
794    H  -0.00001557    0.00003153   -0.00003188
795    O  -0.00000724   -0.00000068    0.00006784
796    H  -0.00000186    0.00000206   -0.00003410
797    H   0.00000432   -0.00000277   -0.00003041
798    O   0.00001316   -0.00002073   -0.00001615
799    H  -0.00000464    0.00001113    0.00001006
800    H  -0.00000909    0.00001218    0.00000903
801    O   0.00000268   -0.00000005    0.00002756
802    H  -0.00000018   -0.00000119   -0.00001456
803    H  -0.00000109    0.00000032   -0.00001147
804    O  -0.00001871    0.00000730   -0.00003643
805    H   0.00000918   -0.00000566    0.00001846
806    H   0.00000701   -0.00000235    0.00001854
807    O  -0.00000207    0.00000405   -0.00000597
808    H   0.00000079   -0.00000185    0.00000280
809    H   0.00000108   -0.00000197    0.00000325
810    O   0.00001592   -0.00003644    0.00000124
811    H  -0.00000530    0.00002052    0.00000023
812    H  -0.00000596    0.00001639   -0.00000136
813    O   0.00003466    0.00000210   -0.00003287
814    H  -0.00001697   -0.00000046    0.00001257
815    H  -0.00001350   -0.00000075    0.00001466
816    O   0.00008311   -0.00006992    0.00001125
817    H  -0.00003866    0.00002765    0.00000034
818    H  -0.00005683    0.00004271    0.00000596
819    O  -0.00000434   -0.00001150    0.00001326
820    H   0.00000121    0.00000575   -0.00000670
821    H   0.00000302    0.00000674   -0.00000779
822    O   0.00002055    0.00002517    0.00000424
823    H  -0.00000810   -0.00001223   -0.00000168
824    H  -0.00001189   -0.00001549   -0.00000177
825    O  -0.00000154   -0.00003842   -0.00001669
826    H   0.00000385    0.00001910    0.00001070
827    H  -0.00000196    0.00002017    0.00000845
828    O   0.00025798    0.00005986   -0.00034231
829    H  -0.00018503   -0.00013969    0.00027477
830    H  -0.00015932    0.00003285    0.00018816
831    O   0.00000670   -0.00000839    0.00000455
832    H  -0.00000265    0.00000433   -0.00000255
833    H  -0.00000341    0.00000421   -0.00000249
834    O  -0.00001451   -0.00001841    0.00003529
835    H   0.00000817    0.00000732   -0.00001839
836    H   0.00001023    0.00001151   -0.00002083
837    O  -0.00000045    0.00001664   -0.00001808
838    H   0.00000011   -0.00000984    0.00000931
839    H  -0.00000030   -0.00000716    0.00000764
840    O   0.00004673    0.00004478   -0.00004715
841    H  -0.00001947   -0.00001501    0.00001914
842    H  -0.00002965   -0.00002236    0.00003084
843    O   0.00000262   -0.00003602   -0.00002768
844    H  -0.00000049    0.00001638    0.00001581
845    H  -0.00000204    0.00001460    0.00001035
846    O   0.00001002   -0.00000567   -0.00001726
847    H  -0.00000577    0.00000329    0.00000715
848    H  -0.00000568    0.00000277    0.00001016
849    O   0.00000332    0.00001124    0.00001343
850    H  -0.00000140   -0.00000688   -0.00000735
851    H  -0.00000218   -0.00000532   -0.00000611
852    O   0.00000554   -0.00002488    0.00003767
853    H   0.00000102    0.00001166   -0.00001940
854    H  -0.00000365    0.00001094   -0.00001889
855    O  -0.00001238   -0.00001623    0.00001008
856    H   0.00000467    0.00000743   -0.00000441
857    H   0.00000639    0.00000734   -0.00000554
858    O   0.00016412   -0.00017708    0.00011130
859    H  -0.00005375    0.00007912   -0.00004114
860    H  -0.00006566    0.00006067   -0.00004152
861    O   0.00001481   -0.00000530   -0.00001075
862    H  -0.00000650    0.00000182    0.00000603
863    H  -0.00000668    0.00000287    0.00000391
864    O   0.00003837   -0.00046105    0.00003528
865    H  -0.00010822    0.00032010   -0.00001971
866    H  -0.00004913    0.00014424   -0.00002276
867    O   0.00000245   -0.00001196    0.00001018
868    H  -0.00000224    0.00000603   -0.00000472
869    H  -0.00000072    0.00000684   -0.00000564
870    O  -0.00021335   -0.00047979    0.00009779
871    H   0.00010345    0.00017829   -0.00002968
872    H   0.00028130    0.00034478   -0.00011508
873    O  -0.00000242   -0.00000393    0.00001078
874    H   0.00000129    0.00000182   -0.00000595
875    H   0.00000079    0.00000179   -0.00000479
876    O   0.00001868   -0.00001174    0.00000859
877    H  -0.00000909    0.00000617   -0.00000678
878    H  -0.00001155    0.00000686   -0.00000345
879    O  -0.00001244    0.00001462   -0.00000415
880    H   0.00000518   -0.00000687    0.00000196
881    H   0.00000648   -0.00000726    0.00000281
882    O   0.00007931   -0.00008921   -0.00004208
883    H  -0.00003761    0.00003523    0.00000483
884    H  -0.00002983    0.00004966    0.00003220
885    O  -0.00000612   -0.00000344    0.00001626
886    H   0.00000376    0.00000231   -0.00000882
887    H   0.00000343    0.00000118   -0.00000764
888    O   0.00001063    0.00000358    0.00001136
889    H  -0.00000456   -0.00000218   -0.00000548
890    H  -0.00000494   -0.00000109   -0.00000484
891    O   0.00000110   -0.00000934    0.00000477
892    H  -0.00000067    0.00000426   -0.00000197
893    H  -0.00000083    0.00000531   -0.00000259
894    O   0.00014290    0.00035415    0.00019387
895    H  -0.00005129   -0.00013900   -0.00005112
896    H  -0.00014442   -0.00018878   -0.00010022
897    O   0.00008995   -0.00009835    0.00000948
898    H  -0.00003943    0.00002989   -0.00000322
899    H  -0.00003698    0.00004785   -0.00000033
900    O   0.00001823    0.00001309    0.00001179
901    H  -0.00001045   -0.00000880   -0.00000727
902    H  -0.00000784   -0.00000637   -0.00000602
903    O   0.00001700    0.00000724   -0.00001727
904    H  -0.00000998   -0.00000257    0.00000843
905    H  -0.00000931   -0.00000531    0.00001000
906    O   0.00001501   -0.00000982    0.00000453
907    H  -0.00000762    0.00000587   -0.00000355
908    H  -0.00000895    0.00000517   -0.00000174
909    O   0.00002111   -0.00005118    0.00002319
910    H  -0.00001149    0.00002017   -0.00000769
911    H  -0.00001651    0.00002575   -0.00001236
912    O   0.00000985    0.00000396   -0.00000634
913    H  -0.00000574   -0.00000243    0.00000373
914    H  -0.00000473   -0.00000174    0.00000330
915    O   0.00000373    0.00001267   -0.00001529
916    H  -0.00000106   -0.00000596    0.00000711
917    H  -0.00000234   -0.00000521    0.00000690
918    O   0.00000721   -0.00000026    0.00000393
919    H  -0.00000399    0.00000014   -0.00000231
920    H  -0.00000328    0.00000034   -0.00000169
921    O  -0.00000495   -0.00001706   -0.00000754
922    H   0.00000247    0.00000758    0.00000389
923    H   0.00000286    0.00000998    0.00000473
924    O   0.00000751    0.00005070    0.00005322
925    H  -0.00000394   -0.00002753   -0.00003445
926    H   0.00000061   -0.00002956   -0.00002528
927    O   0.00000752    0.00002171   -0.00002361
928    H  -0.00000315   -0.00001229    0.00001093
929    H  -0.00000307   -0.00000879    0.00001002
930    O  -0.00004344    0.00001339   -0.00002297
931    H   0.00002402   -0.00000973    0.00001123
932    H   0.00001985   -0.00000677    0.00001358
933    O   0.00007171   -0.00004268   -0.00001782
934    H  -0.00003674    0.00002147    0.00000037
935    H  -0.00002696    0.00001548    0.00001242
936    O  -0.00000242   -0.00002033   -0.00000435
937    H   0.00000171    0.00000951    0.00000263
938    H   0.00000239    0.00001071    0.00000182
939    O   0.00000237    0.00002063   -0.00001386
940    H  -0.00000103   -0.00000895    0.00000699
941    H  -0.00000054   -0.00000991    0.00000581
942    O   0.00002024    0.00005116    0.00010272
943    H  -0.00000890   -0.00003044   -0.00006987
944    H  -0.00001675   -0.00001528   -0.00004497
945    O   0.00000387   -0.00001161    0.00000088
946    H  -0.00000206    0.00000503   -0.00000028
947    H  -0.00000280    0.00000612   -0.00000040
948    O   0.00002069   -0.00000192    0.00001234
949    H  -0.00001037    0.00000218   -0.00000439
950    H  -0.00001095    0.00000055   -0.00000605
951    O  -0.00000579    0.00001740    0.00000495
952    H   0.00000249   -0.00000816   -0.00000298
953    H   0.00000252   -0.00000773   -0.00000187
954    O   0.00001180    0.00001174   -0.00005919
955    H  -0.00000406   -0.00000367    0.00002611
956    H  -0.00000225   -0.00001009    0.00003082
957    O   0.00002577    0.00000064    0.00001216
958    H  -0.00001453   -0.00000217   -0.00000823
959    H  -0.00001219    0.00000031   -0.00000448
960    O  -0.00001793    0.00002082    0.00001232
961    H   0.00000999   -0.00001245   -0.00000755
962    H   0.00000784   -0.00001035   -0.00000506
963    O  -0.00000930    0.00000411   -0.00001239
964    H   0.00000476   -0.00000216    0.00000714
965    H   0.00000436   -0.00000146    0.00000585
966    O   0.00001526    0.00000321   -0.00001262
967    H  -0.00000789   -0.00000086    0.00000657
968    H  -0.00000750   -0.00000303    0.00000735
969    O   0.00013991    0.00027930   -0.00011440
970    H  -0.00005346   -0.00008743    0.00004022
971    H  -0.00011408   -0.00013521    0.00005744
972    O   0.00005694   -0.00001780    0.00002591
973    H  -0.00002414    0.00000316   -0.00001344
974    H  -0.00003147    0.00001268   -0.00001426
975    O   0.00001683    0.00002540    0.00002861
976    H  -0.00000870   -0.00001669   -0.00001797
977    H  -0.00000912   -0.00001316   -0.00001261
978    O  -0.00003929    0.00003879    0.00001029
979    H   0.00001707   -0.00002084   -0.00000508
980    H   0.00002419   -0.00002269   -0.00000783
981    O  -0.00001439    0.00001619   -0.00003281
982    H   0.00000755   -0.00001060    0.00001788
983    H   0.00000877   -0.00000814    0.00001493
984    O   0.00001693    0.00000524   -0.00000914
985    H  -0.00000912   -0.00000410    0.00000571
986    H  -0.00000876   -0.00000142    0.00000458
987    O  -0.00001405    0.00000290   -0.00002166
988    H   0.00000810   -0.00000144    0.00001022
989    H   0.00000807   -0.00000187    0.00001300
990    O   0.00001123    0.00001133   -0.00001084
991    H  -0.00000685   -0.00000629    0.00000601
992    H  -0.00000550   -0.00000541    0.00000603
993    O   0.00001450   -0.00001753    0.00000004
994    H  -0.00000577    0.00001046   -0.00000019
995    H  -0.00000655    0.00000731   -0.00000001
996    O  -0.00000010    0.00000007   -0.00002373
997    H   0.00000042   -0.00000044    0.00001031
998    H   0.00000049    0.00000063    0.00001187
999    O   0.00000044    0.00000406    0.00000862
1000    H   0.00000010   -0.00000234   -0.00000441
1001    H  -0.00000013   -0.00000175   -0.00000424
1002    O   0.00010691   -0.00005617    0.00004746
1003    H  -0.00007354    0.00005076   -0.00002475
1004    H  -0.00005483    0.00001047   -0.00003951
1005    O  -0.00000027    0.00000775   -0.00002094
1006    H  -0.00000044   -0.00000357    0.00000915
1007    H   0.00000029   -0.00000514    0.00001184
1008    O  -0.00001177    0.00009083    0.00002807
1009    H   0.00001009   -0.00004176   -0.00001668
1010    H   0.00000997   -0.00005892   -0.00001386
1011    O   0.00004130    0.00004859   -0.00000749
1012    H  -0.00002134   -0.00001850    0.00000476
1013    H  -0.00002433   -0.00003227    0.00000683
1014    O   0.00002205   -0.00001328   -0.00000401
1015    H  -0.00000944    0.00000620    0.00000224
1016    H  -0.00001043    0.00000496    0.00000070
1017    O  -0.00005665    0.00003347   -0.00002082
1018    H   0.00002355   -0.00001567    0.00000738
1019    H   0.00003424   -0.00002218    0.00001036
1020    O  -0.00000599   -0.00000481   -0.00002049
1021    H   0.00000228    0.00000188    0.00000997
1022    H   0.00000381    0.00000274    0.00001226
1023    O  -0.00003979    0.00000857   -0.00004065
1024    H   0.00001550   -0.00000400    0.00001926
1025    H   0.00001884   -0.00000149    0.00001839
1026    O   0.00000528    0.00002653   -0.00000221
1027    H  -0.00000393   -0.00001408    0.00000067
1028    H  -0.00000213   -0.00001185    0.00000029
1029    O   0.00000411    0.00000379   -0.00000740
1030    H  -0.00000196   -0.00000155    0.00000353
1031    H  -0.00000174   -0.00000200    0.00000344
1032    O  -0.00038603   -0.00010885    0.00055116
1033    H   0.00016171    0.00009781   -0.00020457
1034    H   0.00034541    0.00008918   -0.00049958
1035    O  -0.00000630    0.00001887   -0.00002148
1036    H   0.00000226   -0.00000903    0.00001199
1037    H   0.00000287   -0.00000776    0.00000927
1038    O  -0.00000754   -0.00000061   -0.00001454
1039    H   0.00000457    0.00000014    0.00000843
1040    H   0.00000303    0.00000025    0.00000720
1041    O  -0.00001366    0.00003702   -0.00000829
1042    H   0.00000516   -0.00001580    0.00000306
1043    H   0.00000590   -0.00002113    0.00000458
1044    O  -0.00000199    0.00004791   -0.00002053
1045    H   0.00000029   -0.00002240    0.00000730
1046    H   0.00000110   -0.00001963    0.00000992
1047    O   0.00002993    0.00001003    0.00000876
1048    H  -0.00001358   -0.00000729   -0.00000484
1049    H  -0.00001800   -0.00000502   -0.00000419
1050    O   0.00000894    0.00000206   -0.00001889
1051    H  -0.00000475   -0.00000016    0.00000937
1052    H  -0.00000355   -0.00000112    0.00000819
1053    O  -0.00000558   -0.00000407   -0.00001323
1054    H   0.00000310    0.00000156    0.00000627
1055    H   0.00000288    0.00000205    0.00000757
1056    O   0.00003328    0.00001042   -0.00002638
1057    H  -0.00001477   -0.00000267    0.00001164
1058    H  -0.00001731   -0.00000299    0.00001103
1059    O  -0.00018904    0.00001171    0.00014919
1060    H   0.00006381   -0.00000003   -0.00006598
1061    H   0.00011788    0.00000537   -0.00010978
1062    O  -0.00002947    0.00002871   -0.00002029
1063    H   0.00001401   -0.00001355    0.00000753
1064    H   0.00001287   -0.00001556    0.00001059
1065    O   0.00000858    0.00007963   -0.00004813
1066    H  -0.00000706   -0.00003224    0.00002549
1067    H  -0.00000088   -0.00003370    0.00001842
1068    O  -0.00003612    0.00002899   -0.00000417
1069    H   0.00001581   -0.00001498    0.00000306
1070    H   0.00001943   -0.00001658    0.00000005
1071    O   0.00000398    0.00000648    0.00001390
1072    H  -0.00000166   -0.00000287   -0.00000598
1073    H  -0.00000265   -0.00000335   -0.00000681
1074    O  -0.00001296    0.00001382   -0.00000825
1075    H   0.00000608   -0.00000744    0.00000472
1076    H   0.00000716   -0.00000658    0.00000464
1077    O   0.00001528    0.00000301   -0.00000510
1078    H  -0.00000765   -0.00000253    0.00000252
1079    H  -0.00000769   -0.00000189    0.00000310
1080    O   0.00000274   -0.00000546    0.00000225
1081    H  -0.00000168    0.00000295   -0.00000114
1082    H  -0.00000141    0.00000266   -0.00000119
1083    O  -0.00004435    0.00000153    0.00000440
1084    H   0.00001936    0.00000045   -0.00000307
1085    H   0.00001971   -0.00000200   -0.00000127
1086    O  -0.00001655    0.00003417   -0.00002425
1087    H   0.00000659   -0.00001625    0.00000983
1088    H   0.00000649   -0.00001480    0.00001276
1089    O   0.00002948   -0.00000261   -0.00000036
1090    H  -0.00001482    0.00000083    0.00000049
1091    H  -0.00001820    0.00000189    0.00000012
1092    O   0.00001970   -0.00000108    0.00004307
1093    H  -0.00001325    0.00000066   -0.00002420
1094    H  -0.00000874    0.00000031   -0.00001707
1095    O  -0.00005030    0.00002113    0.00002219
1096    H   0.00002054   -0.00000806   -0.00000917
1097    H   0.00002397   -0.00001184   -0.00001400
1098    O  -0.00005927    0.00002414    0.00000208
1099    H   0.00003615   -0.00001143   -0.00000121
1100    H   0.00003085   -0.00001674   -0.00000121
1101    O  -0.00001947    0.00001457   -0.00002083
1102    H   0.00000962   -0.00000862    0.00000986
1103    H   0.00000916   -0.00000612    0.00000872
1104    O   0.00004977    0.00003182    0.00004039
1105    H  -0.00002980   -0.00001676   -0.00001946
1106    H  -0.00002885   -0.00001923   -0.00002773
1107    O  -0.00002820    0.00003821   -0.00004630
1108    H   0.00001323   -0.00002156    0.00002043
1109    H   0.00001914   -0.00001988    0.00002353
1110    O   0.00000701    0.00000238    0.00001013
1111    H  -0.00000309   -0.00000089   -0.00000458
1112    H  -0.00000322   -0.00000180   -0.00000562
1113    O   0.00000789    0.00002025   -0.00001102
1114    H  -0.00000300   -0.00001063    0.00000616
1115    H  -0.00000421   -0.00000847    0.00000539
1116    O   0.00000575    0.00005257    0.00000937
1117    H  -0.00000501   -0.00002764   -0.00000263
1118    H  -0.00000253   -0.00003155   -0.00000765
1119    O   0.00001527   -0.00000520   -0.00002739
1120    H  -0.00000650    0.00000105    0.00001391
1121    H  -0.00001019    0.00000361    0.00001531
1122    O   0.00000941    0.00000226    0.00000610
1123    H  -0.00000442   -0.00000062   -0.00000245
1124    H  -0.00000527   -0.00000102   -0.00000340
1125    O   0.00000459   -0.00000627   -0.00000241
1126    H  -0.00000281    0.00000314    0.00000112
1127    H  -0.00000214    0.00000365    0.00000154
1128    O  -0.00000596    0.00003554   -0.00005899
1129    H   0.00000784   -0.00002140    0.00002954
1130    H  -0.00000011   -0.00002041    0.00002992
1131    O   0.00000049   -0.00001353    0.00000253
1132    H  -0.00000025    0.00000789   -0.00000158
1133    H  -0.00000086    0.00000661   -0.00000094
1134    O  -0.00000282   -0.00001668    0.00014546
1135    H   0.00001038    0.00000348   -0.00006021
1136    H   0.00000131    0.00001829   -0.00007930
1137    O  -0.00007419    0.00010547   -0.00000669
1138    H   0.00003713   -0.00006626    0.00000011
1139    H   0.00002799   -0.00004579    0.00000791
1140    O   0.00000764   -0.00001258    0.00000153
1141    H  -0.00000480    0.00000593   -0.00000040
1142    H  -0.00000312    0.00000608   -0.00000106
1143    O   0.00000361   -0.00003807   -0.00000723
1144    H  -0.00000047    0.00001655    0.00000299
1145    H   0.00000039    0.00001898    0.00000516
1146    O   0.00000021    0.00000617    0.00003951
1147    H  -0.00000080   -0.00000120   -0.00001747
1148    H  -0.00000248   -0.00000288   -0.00002120
1149    O   0.00003140    0.00001405    0.00000454
1150    H  -0.00001330   -0.00000835   -0.00000213
1151    H  -0.00001456   -0.00000411   -0.00000140
1152    O   0.00000211   -0.00000784    0.00000138
1153    H  -0.00000115    0.00000442   -0.00000085
1154    H  -0.00000070    0.00000409   -0.00000071
1155    O   0.00001265    0.00001061   -0.00001783
1156    H  -0.00000679   -0.00000723    0.00001021
1157    H  -0.00000549   -0.00000524    0.00000938
1158    O   0.00004763    0.00009561   -0.00003676
1159    H  -0.00001576   -0.00005089    0.00002130
1160    H  -0.00002559   -0.00003670    0.00002050
1161    O  -0.00000169    0.00001454    0.00002777
1162    H   0.00000037   -0.00000853   -0.00001669
1163    H   0.00000097   -0.00000815   -0.00001268
1164    O   0.00000384   -0.00000639   -0.00000049
1165    H  -0.00000162    0.00000315    0.00000033
1166    H  -0.00000236    0.00000327    0.00000021
1167    O   0.00001580   -0.00001372    0.00000264
1168    H  -0.00000833    0.00000516   -0.00000065
1169    H  -0.00000631    0.00000631   -0.00000137
1170    O   0.00001845   -0.00000985    0.00001715
1171    H  -0.00000953    0.00000551   -0.00000632
1172    H  -0.00001133    0.00000540   -0.00001005
1173    O   0.00004338   -0.00002599    0.00006823
1174    H  -0.00002788    0.00001401   -0.00003900
1175    H  -0.00001785    0.00001336   -0.00004517
1176    O   0.00007846   -0.00003596    0.00003228
1177    H  -0.00005437    0.00002228   -0.00002276
1178    H  -0.00003487    0.00001696   -0.00000399
1179    O  -0.00001491    0.00009255   -0.00014266
1180    H   0.00002201   -0.00005165    0.00006505
1181    H   0.00000174   -0.00006435    0.00008046
1182    O   0.00001861   -0.00003860    0.00006346
1183    H  -0.00000989    0.00002435   -0.00003024
1184    H  -0.00000881    0.00002111   -0.00004465
1185    O  -0.00000652    0.00002592   -0.00000186
1186    H   0.00000203   -0.00001211    0.00000064
1187    H   0.00000361   -0.00001168    0.00000032
1188    O   0.00000618    0.00000645    0.00002391
1189    H  -0.00000213   -0.00000467   -0.00001351
1190    H  -0.00000276   -0.00000324   -0.00001019
1191    O  -0.00001070    0.00001629    0.00000327
1192    H   0.00000478   -0.00000768   -0.00000099
1193    H   0.00000620   -0.00000798   -0.00000155
1194    O   0.00004513    0.00000682   -0.00011670
1195    H  -0.00001568   -0.00001627    0.00007525
1196    H  -0.00001427   -0.00000474    0.00004508
1197    O  -0.00000741   -0.00005095    0.00000809
1198    H   0.00000852    0.00002752   -0.00000402
1199    H   0.00000464    0.00002839   -0.00000622
1200    O  -0.00000762    0.00001258    0.00000097
1201    H   0.00000316   -0.00000575   -0.00000047
1202    H   0.00000392   -0.00000708   -0.00000028
1203    O  -0.00006849    0.00006672    0.00004331
1204    H   0.00004595   -0.00004279   -0.00002891
1205    H   0.00003158   -0.00002568   -0.00002291
1206    O  -0.00000197   -0.00000831    0.00001593
1207    H   0.00000096    0.00000335   -0.00000769
1208    H   0.00000006    0.00000449   -0.00000774
1209    O   0.00001032   -0.00000139   -0.00000483
1210    H  -0.00000528    0.00000128    0.00000202
1211    H  -0.00000589    0.00000034    0.00000308
1212    O   0.00001079   -0.00000608   -0.00000132
1213    H  -0.00000620    0.00000374    0.00000107
1214    H  -0.00000479    0.00000314    0.00000098
1215    O   0.00000505    0.00000711   -0.00001025
1216    H  -0.00000237   -0.00000373    0.00000466
1217    H  -0.00000256   -0.00000282    0.00000459
1218    O  -0.00002056    0.00003277    0.00002567
1219    H   0.00001279   -0.00001982   -0.00001281
1220    H   0.00000805   -0.00001697   -0.00001376
1221    O   0.00000262    0.00002856   -0.00000849
1222    H  -0.00000263   -0.00001409    0.00000505
1223    H  -0.00000173   -0.00001471    0.00000305
1224    O   0.00001685   -0.00000782    0.00000645
1225    H  -0.00000703    0.00000327   -0.00000259
1226    H  -0.00000883    0.00000464   -0.00000266
1227    O  -0.00000611    0.00000979   -0.00000721
1228    H   0.00000306   -0.00000515    0.00000423
1229    H   0.00000338   -0.00000458    0.00000357
1230    O   0.00000482   -0.00002483    0.00000161
1231    H  -0.00000268    0.00001231   -0.00000119
1232    H  -0.00000062    0.00001444   -0.00000102
1233    O   0.00002916    0.00000645   -0.00000208
1234    H  -0.00001380   -0.00000251    0.00000008
1235    H  -0.00001771   -0.00000279    0.00000140
1236    O  -0.00001435    0.00001741   -0.00001421
1237    H   0.00000629   -0.00000910    0.00000647
1238    H   0.00000642   -0.00000722    0.00000621
1239    O  -0.00000214    0.00000356   -0.00000736
1240    H   0.00000078   -0.00000174    0.00000366
1241    H   0.00000109   -0.00000157    0.00000380
1242    O   0.00000299   -0.00000799   -0.00000006
1243    H  -0.00000106    0.00000433   -0.00000001
1244    H  -0.00000131    0.00000349    0.00000004
1245    O  -0.00005084   -0.00004970    0.00007994
1246    H   0.00003612    0.00003503   -0.00005235
1247    H   0.00002425    0.00002460   -0.00003124
1248    O  -0.00004335    0.00001302   -0.00000690
1249    H   0.00001803   -0.00000559    0.00000379
1250    H   0.00002426   -0.00000629    0.00000578
1251    O  -0.00001238    0.00002103    0.00000708
1252    H   0.00000666   -0.00001083   -0.00000255
1253    H   0.00000495   -0.00001023   -0.00000333
1254    O   0.00004585    0.00017848    0.00001900
1255    H  -0.00000603   -0.00009294   -0.00001004
1256    H  -0.00002879   -0.00009671    0.00000494
1257    O   0.00002808    0.00001106   -0.00004732
1258    H  -0.00001319   -0.00000298    0.00001804
1259    H  -0.00001256   -0.00000386    0.00002391
1260    O   0.00000350   -0.00000823   -0.00000666
1261    H  -0.00000201    0.00000415    0.00000357
1262    H  -0.00000220    0.00000455    0.00000338
1263    O   0.00001044   -0.00000407   -0.00000490
1264    H  -0.00000509    0.00000184    0.00000237
1265    H  -0.00000494    0.00000147    0.00000299
1266    O   0.00000111    0.00000427    0.00001800
1267    H   0.00000033   -0.00000273   -0.00000980
1268    H  -0.00000126   -0.00000233   -0.00000991
1269    O   0.00001594   -0.00002326    0.00015524
1270    H  -0.00001637    0.00000537   -0.00006545
1271    H  -0.00001787    0.00002196   -0.00010197
1272    O   0.00000041   -0.00000873   -0.00000464
1273    H  -0.00000048    0.00000389    0.00000193
1274    H   0.00000000    0.00000476    0.00000232
1275    O   0.00001775   -0.00000737    0.00001003
1276    H  -0.00000848    0.00000244   -0.00000646
1277    H  -0.00000912    0.00000415   -0.00000417
1278    O   0.00000379    0.00000983   -0.00001170
1279    H  -0.00000224   -0.00000413    0.00000531
1280    H  -0.00000165   -0.00000494    0.00000653
1281    O   0.00000361   -0.00001592   -0.00000438
1282    H  -0.00000279    0.00000771    0.00000161
1283    H  -0.00000097    0.00000762    0.00000215
1284    O   0.00001513   -0.00000902    0.00000255
1285    H  -0.00000654    0.00000386   -0.00000105
1286    H  -0.00000710    0.00000560   -0.00000251
1287    O   0.00000587   -0.00000501    0.00000175
1288    H  -0.00000323    0.00000298   -0.00000115
1289    H  -0.00000293    0.00000246   -0.00000077
1290    O   0.00002037    0.00000890    0.00003589
1291    H  -0.00000967   -0.00000197   -0.00001517
1292    H  -0.00001372   -0.00000384   -0.00002105
1293    O  -0.00000146    0.00000588   -0.00001075
1294    H   0.00000105   -0.00000333    0.00000616
1295    H   0.00000103   -0.00000296    0.00000495
1296    O  -0.00000515    0.00004604   -0.00000150
1297    H   0.00000178   -0.00002473   -0.00000144
1298    H   0.00000161   -0.00001883    0.00000048
1299    O   0.00001166   -0.00000352    0.00000064
1300    H  -0.00000658    0.00000245   -0.00000035
1301    H  -0.00000604    0.00000131   -0.00000022
1302    O   0.00003457    0.00000470    0.00002499
1303    H  -0.00001920   -0.00000621   -0.00001490
1304    H  -0.00001499   -0.00000350   -0.00001303
1305    O  -0.00006275   -0.00000133    0.00009792
1306    H   0.00002243    0.00000336   -0.00003846
1307    H   0.00002993   -0.00000634   -0.00004577
1308    O   0.00002291    0.00002047    0.00000283
1309    H  -0.00001030   -0.00000815   -0.00000190
1310    H  -0.00001146   -0.00000873   -0.00000035
1311    O   0.00002024    0.00000926    0.00002408
1312    H  -0.00001039   -0.00000457   -0.00001400
1313    H  -0.00000914   -0.00000700   -0.00001256
1314    O   0.00010229   -0.00004562    0.00009504
1315    H  -0.00005253    0.00003009   -0.00002445
1316    H  -0.00007184    0.00003283   -0.00007389
1317    O   0.00004607   -0.00000419    0.00005841
1318    H  -0.00003083    0.00000648   -0.00003588
1319    H  -0.00002229    0.00000580   -0.00002047
1320    O  -0.00000016    0.00000143   -0.00001538
1321    H   0.00000047   -0.00000066    0.00000696
1322    H  -0.00000016   -0.00000102    0.00000727
1323    O  -0.00000299    0.00000493    0.00001332
1324    H   0.00000179   -0.00000226   -0.00000723
1325    H   0.00000087   -0.00000218   -0.00000653
1326    O   0.00000811   -0.00000791   -0.00000059
1327    H  -0.00000391    0.00000396    0.00000030
1328    H  -0.00000433    0.00000331   -0.00000022
1329    O   0.00000970   -0.00000406    0.00000249
1330    H  -0.00000544    0.00000181   -0.00000160
1331    H  -0.00000426    0.00000163   -0.00000113
1332    O   0.00002584    0.00002937    0.00002079
1333    H  -0.00001408   -0.00001707   -0.00000933
1334    H  -0.00001542   -0.00001665   -0.00001385
1335    O   0.00000552    0.00000873    0.00000989
1336    H  -0.00000240   -0.00000376   -0.00000425
1337    H  -0.00000337   -0.00000401   -0.00000491
1338    O  -0.00000864    0.00001908    0.00001731
1339    H   0.00000419   -0.00001087   -0.00000840
1340    H   0.00000589   -0.00001026   -0.00000951
1341    O   0.00001386   -0.00000663    0.00000069
1342    H  -0.00000586    0.00000279   -0.00000024
1343    H  -0.00000692    0.00000360   -0.00000059
1344    O  -0.00000403    0.00000277    0.00001591
1345    H   0.00000264   -0.00000140   -0.00000763
1346    H   0.00000234   -0.00000166   -0.00000932
1347    O  -0.00001532   -0.00003328   -0.00002883
1348    H   0.00000904    0.00001361    0.00001432
1349    H   0.00000652    0.00001783    0.00001684
1350    O   0.00001081   -0.00000328    0.00001376
1351    H  -0.00000491    0.00000131   -0.00000799
1352    H  -0.00000578    0.00000234   -0.00000606
1353    O  -0.00006141    0.00020358    0.00002828
1354    H   0.00004078   -0.00013434   -0.00003222
1355    H   0.00002994   -0.00011160    0.00000356
1356    O   0.00000363   -0.00000326    0.00003021
1357    H  -0.00000228    0.00000130   -0.00001267
1358    H  -0.00000369    0.00000253   -0.00001661
1359    O   0.00000713    0.00000125    0.00000696
1360    H  -0.00000334   -0.00000082   -0.00000378
1361    H  -0.00000359   -0.00000103   -0.00000363
1362    O   0.00001081    0.00000898    0.00001028
1363    H  -0.00000574   -0.00000354   -0.00000511
1364    H  -0.00000465   -0.00000393   -0.00000428
1365    O   0.00000225    0.00000449    0.00001192
1366    H  -0.00000081   -0.00000202   -0.00000530
1367    H  -0.00000075   -0.00000282   -0.00000659
1368    O   0.00001804    0.00000118    0.00001103
1369    H  -0.00000970    0.00000013   -0.00000501
1370    H  -0.00001040   -0.00000116   -0.00000710
1371    O   0.00004511    0.00003688    0.00001007
1372    H  -0.00002273   -0.00002228   -0.00000245
1373    H  -0.00001814   -0.00001365   -0.00000369
1374    O  -0.00000866    0.00000803    0.00000841
1375    H   0.00000445   -0.00000367   -0.00000456
1376    H   0.00000451   -0.00000467   -0.00000471
1377    O   0.00000284    0.00000726   -0.00001572
1378    H  -0.00000205   -0.00000294    0.00000727
1379    H  -0.00000102   -0.00000366    0.00000694
1380    O  -0.00001200    0.00001334   -0.00001403
1381    H   0.00000481   -0.00000615    0.00000629
1382    H   0.00000603   -0.00000564    0.00000697
1383    O  -0.00000782   -0.00000232    0.00003326
1384    H   0.00000314    0.00000259   -0.00001575
1385    H   0.00000213    0.00000112   -0.00001722
1386    O   0.00002700   -0.00000914   -0.00000029
1387    H  -0.00001109    0.00000534   -0.00000073
1388    H  -0.00001265    0.00000223    0.00000136
1389    O   0.00000473    0.00000515    0.00000886
1390    H  -0.00000194   -0.00000285   -0.00000458
1391    H  -0.00000271   -0.00000305   -0.00000483
1392    O  -0.00025411   -0.00018118   -0.00017845
1393    H   0.00011615    0.00007261    0.00011903
1394    H   0.00013540    0.00014731    0.00011355
1395    O  -0.00000695    0.00000823   -0.00002185
1396    H   0.00000222   -0.00000376    0.00001047
1397    H   0.00000425   -0.00000538    0.00001267
1398    O  -0.00000458    0.00000411   -0.00001040
1399    H   0.00000197   -0.00000178    0.00000542
1400    H   0.00000274   -0.00000251    0.00000582
1401    O  -0.00001781    0.00000831    0.00001681
1402    H   0.00001080   -0.00000438   -0.00000928
1403    H   0.00000882   -0.00000525   -0.00000890
1404    O  -0.00000749    0.00002868    0.00001684
1405    H   0.00000376   -0.00001490   -0.00000692
1406    H   0.00000205   -0.00001401   -0.00000883
1407    O   0.00001131   -0.00000181   -0.00000312
1408    H  -0.00000549    0.00000133    0.00000099
1409    H  -0.00000511    0.00000102    0.00000135
1410    O   0.00001500   -0.00000052    0.00002284
1411    H  -0.00000599   -0.00000109   -0.00001201
1412    H  -0.00000675    0.00000073   -0.00000901
1413    O   0.00002118   -0.00000793    0.00000324
1414    H  -0.00001132    0.00000490   -0.00000134
1415    H  -0.00001220    0.00000456   -0.00000224
1416    O  -0.00000451    0.00000624    0.00000981
1417    H   0.00000236   -0.00000295   -0.00000438
1418    H   0.00000208   -0.00000268   -0.00000496
1419    O   0.00000334   -0.00001004    0.00000412
1420    H  -0.00000119    0.00000453   -0.00000209
1421    H  -0.00000209    0.00000450   -0.00000156
1422    O   0.00000810    0.00001655    0.00001335
1423    H  -0.00000471   -0.00000698   -0.00000645
1424    H  -0.00000343   -0.00000758   -0.00000549
1425    O  -0.00000037    0.00001034    0.00000931
1426    H  -0.00000014   -0.00000499   -0.00000510
1427    H  -0.00000007   -0.00000567   -0.00000462
1428    O   0.00002043    0.00002193   -0.00001739
1429    H  -0.00000961   -0.00000841    0.00000786
1430    H  -0.00000795   -0.00001169    0.00000880
1431    O  -0.00002669    0.00006379    0.00006106
1432    H   0.00001914   -0.00003364   -0.00002717
1433    H   0.00001549   -0.00003166   -0.00003864
1434    O   0.00005869   -0.00008163   -0.00000062
1435    H  -0.00004038    0.00005388   -0.00000487
1436    H  -0.00003469    0.00003406   -0.00000472
1437    O   0.00001156    0.00000176   -0.00000911
1438    H  -0.00000550   -0.00000095    0.00000400
1439    H  -0.00000635   -0.00000159    0.00000566
1440    O   0.00003378   -0.00003007   -0.00002285
1441    H  -0.00001478    0.00001525    0.00001089
1442    H  -0.00001821    0.00001400    0.00000552
1443    O   0.00002792    0.00001154   -0.00000819
1444    H  -0.00001326   -0.00000805    0.00000537
1445    H  -0.00001178   -0.00000510    0.00000319
1446    O   0.00000861   -0.00000347   -0.00000030
1447    H  -0.00000380    0.00000185   -0.00000012
1448    H  -0.00000404    0.00000145    0.00000027
1449    O   0.00000475    0.00002400    0.00004732
1450    H  -0.00000193   -0.00001587   -0.00002419
1451    H  -0.00000578   -0.00000976   -0.00002297
1452    O   0.00001008    0.00000163    0.00002310
1453    H  -0.00000420   -0.00000118   -0.00001353
1454    H  -0.00000578    0.00000035   -0.00001089
1455    O   0.00003470   -0.00002173    0.00000660
1456    H  -0.00001378    0.00000848   -0.00000297
1457    H  -0.00001749    0.00001065   -0.00000364
1458    O   0.00000014    0.00000907    0.00001413
1459    H   0.00000064   -0.00000461   -0.00000696
1460    H  -0.00000011   -0.00000550   -0.00000769
1461    O   0.00002422   -0.00000583   -0.00002065
1462    H  -0.00001029    0.00000308    0.00000828
1463    H  -0.00001447    0.00000534    0.00000956
1464    O  -0.00000729    0.00002878    0.00000779
1465    H   0.00000464   -0.00001525   -0.00000284
1466    H   0.00000325   -0.00001207   -0.00000341
1467    O  -0.00000557    0.00001063   -0.00001461
1468    H   0.00000302   -0.00000633    0.00000751
1469    H   0.00000244   -0.00000471    0.00000623
1470    O   0.00000884    0.00000278   -0.00000733
1471    H  -0.00000482   -0.00000121    0.00000410
1472    H  -0.00000383   -0.00000154    0.00000356
1473    O   0.00000853   -0.00000261    0.00000111
1474    H  -0.00000381    0.00000132   -0.00000034
1475    H  -0.00000421    0.00000165   -0.00000025
1476    O  -0.00000154    0.00002083   -0.00000856
1477    H   0.00000051   -0.00001193    0.00000423
1478    H   0.00000097   -0.00000950    0.00000335
1479    O   0.00000206    0.00000623    0.00000961
1480    H  -0.00000082   -0.00000366   -0.00000545
1481    H  -0.00000092   -0.00000268   -0.00000466
1482    O   0.00003719   -0.00002171    0.00001422
1483    H  -0.00001932    0.00001122   -0.00000509
1484    H  -0.00002347    0.00001359   -0.00001034
1485    O   0.00000905   -0.00000847    0.00000165
1486    H  -0.00000421    0.00000467   -0.00000115
1487    H  -0.00000411    0.00000340   -0.00000060
1488    O   0.00004048    0.00000350    0.00003156
1489    H  -0.00001596   -0.00000234   -0.00001587
1490    H  -0.00001909   -0.00000271   -0.00001358
1491    O   0.00005536   -0.00000533    0.00001124
1492    H  -0.00002536   -0.00000223   -0.00000940
1493    H  -0.00002174    0.00000431   -0.00000280
1494    O   0.00001212   -0.00000488   -0.00000134
1495    H  -0.00000589    0.00000243    0.00000074
1496    H  -0.00000647    0.00000311   -0.00000012
1497    O  -0.00001797   -0.00002064    0.00003196
1498    H   0.00000747    0.00001189   -0.00001771
1499    H   0.00000698    0.00001001   -0.00001291
1500    O  -0.00006636    0.00019145    0.00007695
1501    H   0.00003650   -0.00008594   -0.00005226
1502    H   0.00005048   -0.00013771   -0.00004589
1503    O  -0.00002509   -0.00000645   -0.00001246
1504    H   0.00001402    0.00000469    0.00000702
1505    H   0.00001393    0.00000207    0.00000682
1506    O  -0.00009357    0.00006892    0.00000626
1507    H   0.00005305   -0.00003799   -0.00001112
1508    H   0.00003860   -0.00003765   -0.00000247
1509    O  -0.00001905    0.00001753    0.00001035
1510    H   0.00000923   -0.00000830   -0.00000620
1511    H   0.00000791   -0.00000811   -0.00000440
1512    O  -0.00005974    0.00004343    0.00003909
1513    H   0.00003279   -0.00002274   -0.00002635
1514    H   0.00002355   -0.00001645   -0.00001686
1515    O  -0.00001033    0.00002495    0.00001000
1516    H   0.00000474   -0.00001439   -0.00000541
1517    H   0.00000394   -0.00001091   -0.00000496
1518    O   0.00000617   -0.00000819   -0.00000364
1519    H  -0.00000270    0.00000393    0.00000217
1520    H  -0.00000293    0.00000458    0.00000222
1521    O  -0.00000982   -0.00001803    0.00000427
1522    H   0.00000605    0.00001047   -0.00000290
1523    H   0.00000555    0.00000888   -0.00000147
1524    O   0.00001010   -0.00000774    0.00002653
1525    H  -0.00000679    0.00000431   -0.00001218
1526    H  -0.00000434    0.00000247   -0.00001303
1527    O   0.00000355    0.00009879    0.00003207
1528    H   0.00000077   -0.00003960   -0.00001572
1529    H   0.00000573   -0.00006183   -0.00002083
1530    O   0.00000011   -0.00001778    0.00000010
1531    H  -0.00000084    0.00000937   -0.00000030
1532    H   0.00000071    0.00000818   -0.00000023
1533    O  -0.00000600    0.00000709    0.00001055
1534    H   0.00000259   -0.00000323   -0.00000458
1535    H   0.00000260   -0.00000347   -0.00000561
1536    O   0.00001336   -0.00000050    0.00001373
1537    H  -0.00000786    0.00000030   -0.00000692
1538    H  -0.00000698    0.00000022   -0.00000841
1539    O   0.00001667   -0.00002338   -0.00001828
1540    H  -0.00000648    0.00001262    0.00001198
1541    H  -0.00000728    0.00000954    0.00000844
1542    O  -0.00003613    0.00003162    0.00000113
1543    H   0.00001886   -0.00001489   -0.00000264
1544    H   0.00001497   -0.00001569   -0.00000095
1545    O  -0.00001370    0.00000997    0.00002381
1546    H   0.00000582   -0.00000582   -0.00001175
1547    H   0.00000564   -0.00000366   -0.00001081
1548    O  -0.00002290    0.00001464   -0.00000435
1549    H   0.00001243   -0.00000662    0.00000252
1550    H   0.00001297   -0.00000902    0.00000215
1551    O   0.00026572    0.00002369   -0.00021738
1552    H  -0.00020154    0.00001677    0.00008496
1553    H  -0.00011037    0.00000030    0.00013475
1554    O   0.00003817   -0.00000346   -0.00001557
1555    H  -0.00001527    0.00000144    0.00000586
1556    H  -0.00001897    0.00000577    0.00000669
1557    O   0.00001981    0.00000718    0.00002987
1558    H  -0.00000843   -0.00000244   -0.00001446
1559    H  -0.00000839   -0.00000380   -0.00001258
1560    O   0.00000948   -0.00002540    0.00000491
1561    H  -0.00000619    0.00001096   -0.00000231
1562    H  -0.00000411    0.00001094   -0.00000165
1563    O  -0.00002844    0.00002706   -0.00002086
1564    H   0.00001290   -0.00001143    0.00000818
1565    H   0.00001706   -0.00001642    0.00001045
1566    O   0.00005781   -0.00003477    0.00001211
1567    H  -0.00003506    0.00001192   -0.00000096
1568    H  -0.00002612    0.00001387   -0.00000434
1569    O  -0.00003324   -0.00006803   -0.00001601
1570    H   0.00001572    0.00002751    0.00000493
1571    H   0.00002234    0.00003459    0.00001236
1572    O  -0.00000440    0.00000547    0.00000700
1573    H   0.00000204   -0.00000233   -0.00000326
1574    H   0.00000189   -0.00000278   -0.00000331
1575    O  -0.00073045    0.00049121    0.00027145
1576    H   0.00031939   -0.00024416   -0.00024384
1577    H   0.00065925   -0.00030655   -0.00014447
1578    O  -0.00005990   -0.00008867   -0.00003366
1579    H   0.00002312    0.00005288    0.00001246
1580    H   0.00003009    0.00004848    0.00002379
1581    O  -0.00001470    0.00001464   -0.00000723
1582    H   0.00000813   -0.00000808    0.00000469
1583    H   0.00000760   -0.00000649    0.00000338
1584    O   0.00000167   -0.00000601   -0.00000394
1585    H  -0.00000092    0.00000291    0.00000205
1586    H  -0.00000056    0.00000278    0.00000186
1587    O   0.00000513   -0.00001501    0.00000468
1588    H  -0.00000161    0.00000791   -0.00000271
1589    H  -0.00000219    0.00000649   -0.00000225
1590    O   0.00000509   -0.00001084    0.00006032
1591    H   0.00000174    0.00000609   -0.00003633
1592    H  -0.00000492    0.00000866   -0.00002726
1593    O   0.00001209    0.00000559   -0.00002631
1594    H  -0.00000652   -0.00000211    0.00001088
1595    H  -0.00000612   -0.00000457    0.00001457
1596    O  -0.00009297    0.00000853   -0.00000549
1597    H   0.00004883   -0.00000913    0.00000723
1598    H   0.00005824   -0.00000235    0.00000054
1599    O  -0.00001357   -0.00000655   -0.00002084
1600    H   0.00000547    0.00000286    0.00000883
1601    H   0.00000688    0.00000439    0.00001046
1602    O  -0.00002089    0.00002221   -0.00000801
1603    H   0.00001226   -0.00001255    0.00000343
1604    H   0.00000928   -0.00001198    0.00000421
1605    O   0.00000829   -0.00001229    0.00000762
1606    H  -0.00000336    0.00000653   -0.00000480
1607    H  -0.00000481    0.00000656   -0.00000321
1608    O   0.00000574    0.00000166   -0.00001989
1609    H  -0.00000346   -0.00000154    0.00001135
1610    H  -0.00000337   -0.00000046    0.00000850
1611    O   0.00000063   -0.00000955    0.00000371
1612    H  -0.00000052    0.00000419   -0.00000164
1613    H   0.00000014    0.00000491   -0.00000222
1614    O  -0.00000065    0.00002286    0.00001407
1615    H   0.00000108   -0.00001335   -0.00000719
1616    H  -0.00000081   -0.00001077   -0.00000621
1617    O  -0.00000130    0.00000472   -0.00001315
1618    H   0.00000091   -0.00000270    0.00000764
1619    H   0.00000006   -0.00000210    0.00000637
1620    O  -0.00000633    0.00001075   -0.00000901
1621    H   0.00000288   -0.00000596    0.00000474
1622    H   0.00000271   -0.00000480    0.00000386
1623    O  -0.00000858   -0.00003041    0.00000290
1624    H   0.00000439    0.00001823   -0.00000214
1625    H   0.00000684    0.00001531   -0.00000125
1626    O  -0.00003207    0.00004719    0.00002117
1627    H   0.00001957   -0.00002268   -0.00001238
1628    H   0.00001388   -0.00001952   -0.00000780
1629    O  -0.00000919    0.00001985   -0.00000993
1630    H   0.00000541   -0.00001153    0.00000493
1631    H   0.00000450   -0.00001032    0.00000610
1632    O   0.00002599   -0.00002007    0.00000084
1633    H  -0.00001002    0.00001089   -0.00000013
1634    H  -0.00001187    0.00000989   -0.00000010
1635    O  -0.00001657    0.00000880   -0.00002270
1636    H   0.00000665   -0.00000438    0.00001025
1637    H   0.00000798   -0.00000311    0.00001023
1638    O  -0.00002688   -0.00001544   -0.00001074
1639    H   0.00001480    0.00000882    0.00000442
1640    H   0.00001557    0.00000812    0.00000719
1641    O  -0.00000677   -0.00002784    0.00001469
1642    H   0.00000287    0.00001703   -0.00000826
1643    H   0.00000594    0.00001405   -0.00000809
1644    O   0.00004941    0.00002418    0.00009878
1645    H  -0.00002267   -0.00000733   -0.00003492
1646    H  -0.00001440   -0.00001587   -0.00004988
1647    O   0.00001840   -0.00000156   -0.00000884
1648    H  -0.00000947    0.00000236    0.00000383
1649    H  -0.00000870    0.00000013    0.00000493
1650    O  -0.00000481    0.00001092   -0.00001430
1651    H   0.00000234   -0.00000530    0.00000617
1652    H   0.00000290   -0.00000502    0.00000720
1653    O   0.00001701   -0.00002383    0.00000097
1654    H  -0.00000861    0.00000976   -0.00000007
1655    H  -0.00001080    0.00001453   -0.00000032
1656    O   0.00000921   -0.00001139   -0.00000008
1657    H  -0.00000491    0.00000703    0.00000006
1658    H  -0.00000564    0.00000502   -0.00000004
1659    O  -0.00000364   -0.00001204   -0.00000745
1660    H   0.00000139    0.00000517    0.00000324
1661    H   0.00000163    0.00000631    0.00000433
1662    O   0.00001027   -0.00001593   -0.00000070
1663    H  -0.00000673    0.00000761    0.00000035
1664    H  -0.00000456    0.00000902    0.00000076
1665    O   0.00000384   -0.00000479   -0.00002782
1666    H  -0.00000127    0.00000149    0.00001217
1667    H  -0.00000048    0.00000239    0.00001623
1668    O   0.00001106   -0.00000176    0.00000434
1669    H  -0.00000561    0.00000143   -0.00000162
1670    H  -0.00000506    0.00000061   -0.00000247
1671    O  -0.00001500    0.00002904   -0.00000778
1672    H   0.00000822   -0.00001480    0.00000256
1673    H   0.00000565   -0.00001407    0.00000354
1674    O   0.00002764   -0.00002462    0.00000593
1675    H  -0.00001490    0.00000918   -0.00000183
1676    H  -0.00001061    0.00001076   -0.00000254
1677    O  -0.00000552    0.00000231   -0.00001294
1678    H   0.00000310   -0.00000078    0.00000646
1679    H   0.00000328   -0.00000171    0.00000693
1680    O  -0.00000441    0.00003569    0.00001412
1681    H   0.00000232   -0.00001974   -0.00000590
1682    H   0.00000313   -0.00002043   -0.00000938
1683    O  -0.00005596    0.00008376   -0.00001930
1684    H   0.00003316   -0.00005010    0.00001693
1685    H   0.00002871   -0.00004814    0.00000454
1686    O  -0.00001058    0.00001306    0.00000794
1687    H   0.00000481   -0.00000680   -0.00000351
1688    H   0.00000479   -0.00000636   -0.00000446
1689    O  -0.00007285    0.00003400    0.00000593
1690    H   0.00002971   -0.00001289   -0.00000134
1691    H   0.00003452   -0.00001679   -0.00000765
1692    O  -0.00006609   -0.00012229   -0.00008311
1693    H   0.00001670    0.00005503    0.00003694
1694    H   0.00003927    0.00004526    0.00004482
1695    O  -0.00010015   -0.00001705   -0.00004304
1696    H   0.00004353    0.00000394    0.00001546
1697    H   0.00004014    0.00001276    0.00001974
1698    O   0.00000203   -0.00001449    0.00000632
1699    H  -0.00000085    0.00000704   -0.00000266
1700    H  -0.00000057    0.00000862   -0.00000391
1701    O  -0.00000126   -0.00001033   -0.00000462
1702    H   0.00000120    0.00000515    0.00000235
1703    H   0.00000041    0.00000586    0.00000237
1704    O   0.00000835   -0.00000294   -0.00000158
1705    H  -0.00000451    0.00000101    0.00000100
1706    H  -0.00000417    0.00000193    0.00000059
1707    O   0.00015250   -0.00004218   -0.00000420
1708    H  -0.00008739   -0.00000542   -0.00000990
1709    H  -0.00006096    0.00001455    0.00000034
1710    O  -0.00017287   -0.00000491    0.00011369
1711    H   0.00009384    0.00002100   -0.00007058
1712    H   0.00006704   -0.00000487   -0.00005736
1713    O  -0.00003756    0.00000989   -0.00001493
1714    H   0.00001557   -0.00000377    0.00000632
1715    H   0.00001833   -0.00000640    0.00000896
1716    O   0.00000252   -0.00000876   -0.00000594
1717    H  -0.00000151    0.00000511    0.00000329
1718    H  -0.00000123    0.00000410    0.00000252
1719    O  -0.00001111   -0.00002253   -0.00001709
1720    H   0.00000742    0.00001355    0.00000953
1721    H   0.00000641    0.00000978    0.00000773
1722    O  -0.00001616   -0.00002627    0.00001034
1723    H   0.00000949    0.00001565   -0.00000696
1724    H   0.00000770    0.00001126   -0.00000547
1725    O  -0.00003094    0.00002011    0.00000827
1726    H   0.00001294   -0.00000963   -0.00000421
1727    H   0.00001650   -0.00000946   -0.00000573
1728    O   0.00000831   -0.00000795   -0.00000356
1729    H  -0.00000398    0.00000467    0.00000250
1730    H  -0.00000344    0.00000355    0.00000165
1731    O   0.00000174    0.00002606    0.00002525
1732    H   0.00000030   -0.00001298   -0.00001104
1733    H  -0.00000234   -0.00001524   -0.00001354
1734    O   0.00001471    0.00001035   -0.00000584
1735    H  -0.00000821   -0.00000682    0.00000329
1736    H  -0.00000661   -0.00000522    0.00000325
1737    O   0.00000277   -0.00002112   -0.00002522
1738    H   0.00000100    0.00001178    0.00001523
1739    H  -0.00000148    0.00000899    0.00001206
1740    O   0.00001321   -0.00000428    0.00000251
1741    H  -0.00000721    0.00000280   -0.00000115
1742    H  -0.00000582    0.00000172   -0.00000104
1743    O   0.00000694   -0.00000666   -0.00000006
1744    H  -0.00000413    0.00000374   -0.00000003
1745    H  -0.00000356    0.00000270   -0.00000012
1746    O   0.00001846   -0.00001254    0.00000380
1747    H  -0.00000998    0.00000631   -0.00000067
1748    H  -0.00000819    0.00000565   -0.00000319
1749    O  -0.00003377    0.00003907    0.00005791
1750    H   0.00001626   -0.00001606   -0.00002312
1751    H   0.00001642   -0.00001554   -0.00003154
1752    O  -0.00003270    0.00000211    0.00004570
1753    H   0.00002032    0.00000011   -0.00002315
1754    H   0.00001302    0.00000007   -0.00001856
1755    O   0.00002178    0.00000125    0.00000183
1756    H  -0.00000975   -0.00000169   -0.00000101
1757    H  -0.00001292   -0.00000138   -0.00000152
1758    O   0.00004687    0.00002098   -0.00001862
1759    H  -0.00002361   -0.00000829    0.00001132
1760    H  -0.00001961   -0.00000642    0.00000659
1761    O  -0.00003663    0.00001572    0.00001833
1762    H   0.00002250   -0.00000815   -0.00001035
1763    H   0.00001652   -0.00000622   -0.00001000
1764    O  -0.00000170    0.00000101    0.00001559
1765    H   0.00000089   -0.00000004   -0.00000714
1766    H   0.00000158   -0.00000091   -0.00000822
1767    O  -0.00001673   -0.00002355   -0.00001326
1768    H   0.00000753    0.00001245    0.00000769
1769    H   0.00000660    0.00001179    0.00000533
1770    O  -0.00000049    0.00002271    0.00003673
1771    H   0.00000080   -0.00001241   -0.00001648
1772    H   0.00000208   -0.00000986   -0.00001781
1773    O  -0.00004245    0.00000561    0.00004152
1774    H   0.00002244   -0.00000414   -0.00001755
1775    H   0.00002106   -0.00000549   -0.00002338
1776    O   0.00001271   -0.00001007   -0.00000080
1777    H  -0.00000695    0.00000402    0.00000101
1778    H  -0.00000628    0.00000602    0.00000001
1779    O   0.00004070    0.00004117    0.00001516
1780    H  -0.00001548   -0.00002197   -0.00000778
1781    H  -0.00001922   -0.00001649   -0.00000486
1782    O  -0.00001178   -0.00002359   -0.00000189
1783    H   0.00000555    0.00001004    0.00000046
1784    H   0.00000816    0.00001326    0.00000081
1785    O  -0.00002332    0.00000385   -0.00001996
1786    H   0.00001417   -0.00000299    0.00001110
1787    H   0.00001148   -0.00000121    0.00000856
1788    O  -0.00001338    0.00005647    0.00019830
1789    H   0.00000471   -0.00004499   -0.00014076
1790    H   0.00000231   -0.00001078   -0.00009903
1791    O  -0.00007564   -0.00002354    0.00003453
1792    H   0.00004085    0.00001836   -0.00001612
1793    H   0.00003387    0.00000843   -0.00001241
1794    O   0.00000633   -0.00000859    0.00000007
1795    H  -0.00000361    0.00000478   -0.00000000
1796    H  -0.00000248    0.00000423   -0.00000003
1797    O  -0.00000595    0.00001331    0.00001396
1798    H   0.00000218   -0.00000676   -0.00000656
1799    H   0.00000309   -0.00000597   -0.00000605
1800    O  -0.00048789   -0.00075744   -0.00011147
1801    H   0.00024844    0.00019994    0.00005378
1802    H   0.00005522    0.00027691    0.00001113
1803    O  -0.00000987   -0.00000672    0.00001711
1804    H   0.00000613    0.00000399   -0.00000920
1805    H   0.00000399    0.00000375   -0.00000769
1806    O  -0.00013207   -0.00002122    0.00003003
1807    H   0.00007425    0.00001324   -0.00002771
1808    H   0.00005131    0.00000601   -0.00001429
1809    O   0.00000217   -0.00000872   -0.00001748
1810    H  -0.00000127    0.00000465    0.00000766
1811    H  -0.00000132    0.00000528    0.00001042
1812    O  -0.00001387    0.00002207    0.00001920
1813    H   0.00000530   -0.00000937   -0.00000847
1814    H   0.00000795   -0.00001028   -0.00000866
1815    O  -0.00000385   -0.00000756    0.00001175
1816    H   0.00000181    0.00000389   -0.00000660
1817    H   0.00000149    0.00000325   -0.00000513
1818    O  -0.00004981    0.00009532    0.00001819
1819    H   0.00002757   -0.00005871   -0.00001617
1820    H   0.00002206   -0.00003800   -0.00001096
1821    O   0.00000256   -0.00000836   -0.00001202
1822    H  -0.00000043    0.00000401    0.00000645
1823    H  -0.00000175    0.00000487    0.00000697
1824    O   0.00011901   -0.00037173    0.00003213
1825    H  -0.00001244    0.00023936   -0.00010783
1826    H  -0.00003407    0.00016068   -0.00000758
1827    O  -0.00005146   -0.00000473    0.00004010
1828    H   0.00003177    0.00000520   -0.00002196
1829    H   0.00002398    0.00000098   -0.00001587
1830    O  -0.00001656    0.00001363    0.00001531
1831    H   0.00000969   -0.00000653   -0.00000829
1832    H   0.00000701   -0.00000566   -0.00000729
1833    O  -0.00001712    0.00000792   -0.00003541
1834    H   0.00000882   -0.00000625    0.00001967
1835    H   0.00000830   -0.00000412    0.00001494
1836    O   0.00001959   -0.00001397    0.00000019
1837    H  -0.00000954    0.00000701   -0.00000129
1838    H  -0.00000819    0.00000613   -0.00000056
1839    O  -0.00009327   -0.00003755   -0.00008773
1840    H   0.00004826    0.00001410    0.00003517
1841    H   0.00006095    0.00001448    0.00005950
1842    O  -0.00000838    0.00002866    0.00000200
1843    H   0.00000357   -0.00001220   -0.00000130
1844    H   0.00000583   -0.00001460   -0.00000082
1845    O   0.00000218    0.00000310   -0.00004260
1846    H  -0.00000104    0.00000010    0.00002355
1847    H  -0.00000046   -0.00000109    0.00001750
1848    O  -0.00000556   -0.00000747   -0.00001360
1849    H   0.00000252    0.00000311    0.00000650
1850    H   0.00000247    0.00000361    0.00000586
1851    O   0.00005758    0.00010280    0.00004812
1852    H  -0.00001681   -0.00005229   -0.00002219
1853    H  -0.00002800   -0.00003717   -0.00001625
1854    O  -0.00001881    0.00002896   -0.00000047
1855    H   0.00000861   -0.00001206    0.00000028
1856    H   0.00000961   -0.00001493   -0.00000129
1857    O  -0.00006531    0.00001658    0.00002074
1858    H   0.00002987   -0.00000981   -0.00000705
1859    H   0.00004091   -0.00001210   -0.00001314
1860    O  -0.00000565    0.00000524    0.00002921
1861    H   0.00000318   -0.00000133   -0.00001508
1862    H   0.00000448   -0.00000378   -0.00001537
1863    O   0.00000751    0.00001228    0.00001557
1864    H  -0.00000387   -0.00000641   -0.00000706
1865    H  -0.00000267   -0.00000646   -0.00000801
1866    O  -0.00001266    0.00000181   -0.00001760
1867    H   0.00000526   -0.00000051    0.00000764
1868    H   0.00000658   -0.00000022    0.00000979
1869    O  -0.00000872   -0.00001907    0.00000333
1870    H   0.00000439    0.00001128   -0.00000166
1871    H   0.00000410    0.00000934   -0.00000224
1872    O  -0.00004814    0.00009840    0.00011318
1873    H   0.00002893   -0.00004388   -0.00006902
1874    H   0.00002004   -0.00003581   -0.00004260
1875    O  -0.00000664   -0.00000380   -0.00003668
1876    H   0.00000461   -0.00000005    0.00001958
1877    H   0.00000375    0.00000208    0.00001565
1878    O  -0.00002200   -0.00013014    0.00001058
1879    H   0.00000033    0.00005450   -0.00000166
1880    H  -0.00000262    0.00007695   -0.00000467
1881    O   0.00003094   -0.00003324   -0.00000818
1882    H  -0.00001290    0.00001533    0.00000663
1883    H  -0.00001307    0.00001586    0.00000431
1884    O  -0.00001199   -0.00001131   -0.00001666
1885    H   0.00000456    0.00000505    0.00000754
1886    H   0.00000584    0.00000632    0.00000771
1887    O   0.00000817    0.00006295    0.00006391
1888    H  -0.00000410   -0.00002368   -0.00002935
1889    H   0.00000092   -0.00003884   -0.00004143
1890    O   0.00001591    0.00004442    0.00001528
1891    H  -0.00000813   -0.00002305   -0.00000555
1892    H  -0.00000728   -0.00001744   -0.00000642
1893    O  -0.00000203    0.00000635    0.00001980
1894    H   0.00000145   -0.00000291   -0.00001115
1895    H   0.00000012   -0.00000254   -0.00000914
1896    O   0.00000672   -0.00000129   -0.00000299
1897    H  -0.00000323    0.00000092    0.00000117
1898    H  -0.00000385    0.00000068    0.00000176
1899    O  -0.00000273    0.00000969   -0.00001920
1900    H   0.00000209   -0.00000520    0.00000904
1901    H   0.00000135   -0.00000595    0.00001117
1902    O  -0.00000635   -0.00001840   -0.00000204
1903    H   0.00000198    0.00000901    0.00000067
1904    H   0.00000301    0.00000782    0.00000101
1905    O   0.00001309   -0.00000611   -0.00000047
1906    H  -0.00000780    0.00000340    0.00000020
1907    H  -0.00000636    0.00000364    0.00000062
1908    O  -0.00000648    0.00000540    0.00001638
1909    H   0.00000302   -0.00000202   -0.00000733
1910    H   0.00000240   -0.00000272   -0.00000789
1911    O   0.00000292   -0.00000986    0.00000665
1912    H  -0.00000147    0.00000424   -0.00000290
1913    H  -0.00000080    0.00000491   -0.00000366
1914    O  -0.00002244    0.00001446   -0.00001066
1915    H   0.00001214   -0.00000671    0.00000460
1916    H   0.00001070   -0.00000818    0.00000471
1917    O   0.00000907    0.00000182   -0.00000604
1918    H  -0.00000441   -0.00000042    0.00000243
1919    H  -0.00000399   -0.00000093    0.00000301
1920    O  -0.00001890    0.00006772   -0.00002344
1921    H   0.00000697   -0.00003432    0.00000817
1922    H   0.00001544   -0.00003631    0.00001161
1923    O   0.00000971   -0.00000945   -0.00001893
1924    H  -0.00000426    0.00000371    0.00000821
1925    H  -0.00000431    0.00000458    0.00001179
1926    O  -0.00000584   -0.00000053    0.00001124
1927    H   0.00000240    0.00000026   -0.00000498
1928    H   0.00000301   -0.00000015   -0.00000598
1929    O   0.00000250   -0.00000941   -0.00001196
1930    H  -0.00000155    0.00000424    0.00000488
1931    H  -0.00000061    0.00000476    0.00000601
1932    O  -0.00000519   -0.00000291    0.00001719
1933    H   0.00000356    0.00000170   -0.00000927
1934    H   0.00000201    0.00000179   -0.00000940
1935    O  -0.00001101   -0.00001847   -0.00006250
1936    H   0.00000537    0.00000513    0.00002880
1937    H   0.00001060    0.00001021    0.00004009
1938    O  -0.00000231   -0.00001545   -0.00001997
1939    H   0.00000073    0.00000845    0.00000903
1940    H  -0.00000003    0.00000688    0.00000883
1941    O  -0.00002072    0.00000039   -0.00001641
1942    H   0.00001219   -0.00000020    0.00000992
1943    H   0.00000891   -0.00000027    0.00000822
1944    O  -0.00004652   -0.00000247   -0.00001963
1945    H   0.00002256   -0.00000151    0.00000930
1946    H   0.00002028    0.00000187    0.00001080
1947    O  -0.00001690   -0.00000682   -0.00001932
1948    H   0.00000721    0.00000254    0.00000841
1949    H   0.00000758    0.00000400    0.00001038
1950    O  -0.00000638   -0.00000553    0.00001458
1951    H   0.00000234    0.00000256   -0.00000690
1952    H   0.00000342    0.00000342   -0.00000839
1953    O  -0.00000117    0.00000681   -0.00001112
1954    H   0.00000101   -0.00000366    0.00000539
1955    H   0.00000080   -0.00000316    0.00000591
1956    O   0.00000217   -0.00001040    0.00002793
1957    H  -0.00000176    0.00000484   -0.00001126
1958    H  -0.00000225    0.00000488   -0.00001511
1959    O   0.00000106   -0.00000756    0.00000515
1960    H  -0.00000049    0.00000420   -0.00000267
1961    H  -0.00000036    0.00000400   -0.00000301
1962    O   0.00000242   -0.00000494    0.00000203
1963    H  -0.00000131    0.00000221   -0.00000082
1964    H  -0.00000106    0.00000238   -0.00000096
1965    O  -0.00001026   -0.00001884    0.00002071
1966    H   0.00000702    0.00000888   -0.00001026
1967    H   0.00000489    0.00000938   -0.00001191
1968    O  -0.00000203    0.00001934   -0.00002957
1969    H  -0.00000083   -0.00000917    0.00001553
1970    H   0.00000045   -0.00000889    0.00001230
1971    O  -0.00000842    0.00000724   -0.00001617
1972    H   0.00000383   -0.00000432    0.00000835
1973    H   0.00000431   -0.00000358    0.00000714
1974    O   0.00000273   -0.00000477    0.00000119
1975    H  -0.00000128    0.00000271   -0.00000078
1976    H  -0.00000114    0.00000219   -0.00000062
1977    O  -0.00000160   -0.00001611    0.00001159
1978    H   0.00000182    0.00000924   -0.00000712
1979    H   0.00000118    0.00000796   -0.00000511
1980    O   0.00000701   -0.00000649    0.00000079
1981    H  -0.00000416    0.00000341   -0.00000006
1982    H  -0.00000337    0.00000349   -0.00000078
1983    O  -0.00002893    0.00001307   -0.00002127
1984    H   0.00001198   -0.00000554    0.00001036
1985    H   0.00001541   -0.00000888    0.00001199
1986    O  -0.00001304    0.00000286    0.00002456
1987    H   0.00000663   -0.00000048   -0.00001146
1988    H   0.00000606   -0.00000101   -0.00001401
1989    O   0.00000071   -0.00000550    0.00001796
1990    H  -0.00000017    0.00000348   -0.00001006
1991    H  -0.00000132    0.00000286   -0.00000904
1992    O   0.00002207   -0.00002782    0.00000983
1993    H  -0.00000925    0.00001344   -0.00000726
1994    H  -0.00000991    0.00001080   -0.00000268
1995    O  -0.00001744   -0.00000017    0.00002357
1996    H   0.00000897    0.00000133   -0.00001134
1997    H   0.00000718   -0.00000010   -0.00001001
1998    O  -0.00001585    0.00002324   -0.00004502
1999    H   0.00001114   -0.00001377    0.00002247
2000    H   0.00000535   -0.00001144    0.00001939
2001    O   0.00001691   -0.00000795    0.00000045
2002    H  -0.00000998    0.00000286   -0.00000044
2003    H  -0.00000901    0.00000527   -0.00000008
2004    O  -0.00002144   -0.00001826   -0.00002746
2005    H   0.00001180    0.00000775    0.00001242
2006    H   0.00000864    0.00000746    0.00001291
2007    O   0.00000164   -0.00000913   -0.00000601
2008    H  -0.00000089    0.00000393    0.00000260
2009    H  -0.00000046    0.00000462    0.00000286
2010    O   0.00000354   -0.00000381    0.00000056
2011    H  -0.00000159    0.00000206   -0.00000043
2012    H  -0.00000195    0.00000185   -0.00000015
2013    O   0.00001307   -0.00002237   -0.00000119
2014    H  -0.00000574    0.00001311    0.00000126
2015    H  -0.00000464    0.00001065    0.00000077
2016    O   0.00000326   -0.00000443   -0.00000100
2017    H  -0.00000172    0.00000197    0.00000035
2018    H  -0.00000149    0.00000209    0.00000046
2019    O  -0.00000558    0.00000903    0.00002677
2020    H   0.00000241   -0.00000562   -0.00001329
2021    H   0.00000237   -0.00000428   -0.00001557
2022    O   0.00000280   -0.00001220    0.00001123
2023    H  -0.00000153    0.00000563   -0.00000457
2024    H  -0.00000047    0.00000637   -0.00000633
2025    O  -0.00005416   -0.00003792   -0.00003347
2026    H   0.00002466    0.00002065    0.00002001
2027    H   0.00002729    0.00002412    0.00001478
2028    O  -0.00000322    0.00000406    0.00000887
2029    H   0.00000141   -0.00000230   -0.00000453
2030    H   0.00000180   -0.00000203   -0.00000497
2031    O   0.00002159    0.00004665   -0.00005437
2032    H  -0.00000802   -0.00002063    0.00002143
2033    H  -0.00000656   -0.00002973    0.00003304
2034    O   0.00000721    0.00000749   -0.00001675
2035    H  -0.00000266   -0.00000407    0.00000807
2036    H  -0.00000345   -0.00000276    0.00000754
2037    O  -0.00001006   -0.00000276   -0.00001421
2038    H   0.00000428    0.00000096    0.00000657
2039    H   0.00000455    0.00000190    0.00000653
2040    O  -0.00001612    0.00006483   -0.00006445
2041    H   0.00000715   -0.00002949    0.00002473
2042    H   0.00001354   -0.00002902    0.00003290
2043    O  -0.00001697    0.00001399   -0.00000188
2044    H   0.00000749   -0.00000700    0.00000128
2045    H   0.00000982   -0.00000773    0.00000156
2046    O  -0.00000658   -0.00000475   -0.00001891
2047    H   0.00000236    0.00000227    0.00000946
2048    H   0.00000288    0.00000223    0.00000801
2049    O   0.00001845    0.00002127   -0.00005447
2050    H  -0.00000892   -0.00001118    0.00002289
2051    H  -0.00001353   -0.00000806    0.00002623
2052    O   0.00000242   -0.00002553   -0.00003556
2053    H  -0.00000031    0.00000999    0.00001510
2054    H   0.00000036    0.00001279    0.00002253
2055    O  -0.00000393    0.00000372   -0.00000747
2056    H   0.00000173   -0.00000171    0.00000387
2057    H   0.00000236   -0.00000202    0.00000412
2058    O  -0.00000732    0.00001314    0.00002107
2059    H   0.00000255   -0.00000542   -0.00000963
2060    H   0.00000358   -0.00000691   -0.00000936
2061    O  -0.00001134    0.00000778   -0.00001240
2062    H   0.00000558   -0.00000311    0.00000607
2063    H   0.00000509   -0.00000374    0.00000531
2064    O   0.00000318   -0.00000590    0.00000390
2065    H  -0.00000140    0.00000313   -0.00000230
2066    H  -0.00000141    0.00000310   -0.00000198
2067    O  -0.00022483   -0.00038468    0.00029131
2068    H   0.00002245    0.00015944   -0.00012521
2069    H   0.00012158    0.00025571   -0.00010951
2070    O  -0.00001340   -0.00000365    0.00002266
2071    H   0.00000697    0.00000220   -0.00001017
2072    H   0.00000722    0.00000274   -0.00001325
2073    O   0.00001007   -0.00001320   -0.00001445
2074    H  -0.00000516    0.00000654    0.00000872
2075    H  -0.00000410    0.00000544    0.00000621
2076    O  -0.00000681    0.00002221   -0.00007583
2077    H   0.00000589   -0.00001116    0.00003185
2078    H  -0.00000161   -0.00001182    0.00003462
2079    O  -0.00017282   -0.00001943    0.00002072
2080    H   0.00008863    0.00000819   -0.00002352
2081    H   0.00007541    0.00002303   -0.00000805
2082    O   0.00000780   -0.00001671   -0.00001302
2083    H  -0.00000436    0.00000732    0.00000476
2084    H  -0.00000466    0.00000865    0.00000726
2085    O   0.00001067   -0.00001174   -0.00000414
2086    H  -0.00000461    0.00000487    0.00000168
2087    H  -0.00000574    0.00000574    0.00000126
2088    O  -0.00003530    0.00003767   -0.00004373
2089    H   0.00002261   -0.00001810    0.00002237
2090    H   0.00001528   -0.00001754    0.00001712
2091    O  -0.00000245   -0.00000976    0.00000810
2092    H   0.00000115    0.00000565   -0.00000464
2093    H   0.00000188    0.00000477   -0.00000431
2094    O  -0.00001320    0.00004827    0.00002930
2095    H   0.00000975   -0.00002303   -0.00001352
2096    H   0.00000737   -0.00002636   -0.00001913
2097    O  -0.00001430   -0.00002843   -0.00003961
2098    H   0.00000802    0.00001519    0.00001770
2099    H   0.00001143    0.00001562    0.00002477
2100    O   0.00000412   -0.00004589   -0.00000829
2101    H  -0.00000547    0.00002313    0.00000531
2102    H   0.00000202    0.00002793    0.00000550
2103    O  -0.00001154   -0.00001119   -0.00002405
2104    H   0.00000490    0.00000430    0.00001135
2105    H   0.00000438    0.00000659    0.00001179
2106    O   0.00000493   -0.00000957   -0.00000155
2107    H  -0.00000185    0.00000446    0.00000086
2108    H  -0.00000277    0.00000439    0.00000051
2109    O  -0.00002402   -0.00002168   -0.00000343
2110    H   0.00001100    0.00000945    0.00000057
2111    H   0.00000976    0.00001019    0.00000223
2112    O  -0.00027770   -0.00010999   -0.00005510
2113    H   0.00011945    0.00002844    0.00001352
2114    H   0.00009794    0.00005108    0.00003109
2115    O   0.00001076   -0.00000938   -0.00000034
2116    H  -0.00000493    0.00000453    0.00000027
2117    H  -0.00000525    0.00000377   -0.00000043
2118    O  -0.00006926   -0.00000080    0.00002265
2119    H   0.00003303   -0.00000304   -0.00001302
2120    H   0.00002992    0.00000023   -0.00000723
2121    O  -0.00001464    0.00002522   -0.00001969
2122    H   0.00000956   -0.00001290    0.00001042
2123    H   0.00000618   -0.00001034    0.00000916
2124    O  -0.00000227   -0.00000712    0.00000857
2125    H   0.00000144    0.00000411   -0.00000497
2126    H   0.00000055    0.00000354   -0.00000409
2127    O   0.00015689    0.00006240   -0.00000766
2128    H  -0.00009149   -0.00005381   -0.00000071
2129    H  -0.00010229   -0.00002100    0.00000630
2130    O  -0.00000443   -0.00000343   -0.00001209
2131    H   0.00000225    0.00000177    0.00000543
2132    H   0.00000182    0.00000135    0.00000559
2133    O  -0.00004980   -0.00001541    0.00004182
2134    H   0.00002242    0.00000433   -0.00001799
2135    H   0.00003031    0.00000868   -0.00001973
2136    O  -0.00005342    0.00011406   -0.00015471
2137    H   0.00002533   -0.00005227    0.00009807
2138    H   0.00001050   -0.00004507    0.00006067
2139    O   0.00002030    0.00005325    0.00000407
2140    H  -0.00000837   -0.00002364    0.00000001
2141    H  -0.00001311   -0.00003320   -0.00000125
2142    O  -0.00000265   -0.00000990    0.00002828
2143    H   0.00000225    0.00000552   -0.00001362
2144    H  -0.00000054    0.00000599   -0.00001440
2145    O   0.00001047   -0.00001215    0.00000509
2146    H  -0.00000618    0.00000534   -0.00000192
2147    H  -0.00000435    0.00000567   -0.00000267
2148    O  -0.00001515   -0.00000689    0.00001790
2149    H   0.00000685    0.00000312   -0.00000745
2150    H   0.00000848    0.00000455   -0.00000953
2151    O  -0.00002235   -0.00001531    0.00002335
2152    H   0.00001389    0.00000820   -0.00001442
2153    H   0.00001192    0.00000676   -0.00001005
2154    O  -0.00002179    0.00000739    0.00002072
2155    H   0.00001103   -0.00000275   -0.00001166
2156    H   0.00000906   -0.00000389   -0.00000972
2157    O   0.00000437   -0.00000760   -0.00000756
2158    H  -0.00000194    0.00000397    0.00000447
2159    H  -0.00000291    0.00000395    0.00000360
2160    O  -0.00000314   -0.00002951   -0.00000066
2161    H   0.00000169    0.00001761    0.00000112
2162    H   0.00000364    0.00001436    0.00000037
2163    O   0.00014254    0.00004288   -0.00008267
2164    H  -0.00008964   -0.00001951    0.00005525
2165    H  -0.00008802   -0.00003544    0.00004557
2166    O  -0.00000559    0.00001097    0.00000628
2167    H   0.00000328   -0.00000538   -0.00000324
2168    H   0.00000268   -0.00000534   -0.00000260
2169    O   0.00001953   -0.00009849   -0.00006318
2170    H  -0.00000649    0.00003565    0.00002451
2171    H  -0.00001840    0.00004995    0.00001952
2172    O  -0.00003304   -0.00000662   -0.00002615
2173    H   0.00001769    0.00000220    0.00001580
2174    H   0.00001316    0.00000290    0.00001140
2175    O  -0.00000299   -0.00001932    0.00000332
2176    H   0.00000132    0.00000883   -0.00000101
2177    H   0.00000259    0.00000940   -0.00000194
2178    O   0.00000519   -0.00001012   -0.00000484
2179    H  -0.00000345    0.00000525    0.00000240
2180    H  -0.00000221    0.00000515    0.00000281
2181    O  -0.00004827    0.00001796   -0.00007897
2182    H   0.00002728   -0.00000602    0.00004926
2183    H   0.00001843   -0.00001230    0.00003895
2184    O  -0.00000619   -0.00001840   -0.00000660
2185    H   0.00000255    0.00000782    0.00000305
2186    H   0.00000221    0.00000922    0.00000263
2187    O   0.00000913   -0.00000318   -0.00000380
2188    H  -0.00000437    0.00000121    0.00000196
2189    H  -0.00000410    0.00000180    0.00000134
2190    O  -0.00009266   -0.00006771    0.00002157
2191    H   0.00004169    0.00004445   -0.00001235
2192    H   0.00003853    0.00003043   -0.00000477
2193    O  -0.00000135   -0.00002101    0.00003120
2194    H  -0.00000180    0.00001069   -0.00001379
2195    H   0.00000099    0.00000861   -0.00001625
2196    O   0.00000400    0.00003186   -0.00000625
2197    H  -0.00000126   -0.00001743    0.00000213
2198    H  -0.00000385   -0.00001712    0.00000361
2199    O   0.00001085   -0.00001096   -0.00000001
2200    H  -0.00000463    0.00000627    0.00000031
2201    H  -0.00000682    0.00000584   -0.00000025
2202    O   0.00000757   -0.00000227   -0.00000199
2203    H  -0.00000365    0.00000068    0.00000113
2204    H  -0.00000405    0.00000132    0.00000095
2205    O   0.00004796   -0.00000295   -0.00000524
2206    H  -0.00002043    0.00000389    0.00000289
2207    H  -0.00002410    0.00000555    0.00000141
2208    O   0.00001816    0.00001906    0.00001940
2209    H  -0.00000729   -0.00000833   -0.00000808
2210    H  -0.00000821   -0.00001187   -0.00001166
2211    O   0.00001494    0.00003923    0.00003044
2212    H  -0.00000749   -0.00002412   -0.00001992
2213    H  -0.00000811   -0.00002160   -0.00001362
2214    O   0.00001194   -0.00000777   -0.00000174
2215    H  -0.00000587    0.00000302    0.00000152
2216    H  -0.00000677    0.00000408    0.00000126
2217    O  -0.00000210    0.00002498   -0.00000975
2218    H   0.00000179   -0.00001229    0.00000395
2219    H   0.00000041   -0.00001446    0.00000520
2220    O  -0.00000120   -0.00001858    0.00000702
2221    H  -0.00000003    0.00000950   -0.00000289
2222    H   0.00000066    0.00001087   -0.00000435
2223    O   0.00000129    0.00001379    0.00001678
2224    H  -0.00000025   -0.00000843   -0.00000977
2225    H  -0.00000028   -0.00000609   -0.00000853
2226    O  -0.00020558    0.00010368   -0.00004782
2227    H   0.00011458   -0.00005374    0.00000602
2228    H   0.00007486   -0.00003574    0.00001756
2229    O  -0.00001773   -0.00002195    0.00001383
2230    H   0.00001064    0.00001224   -0.00000667
2231    H   0.00000677    0.00001016   -0.00000554
2232    O  -0.00001608    0.00001592   -0.00000199
2233    H   0.00000806   -0.00000701    0.00000063
2234    H   0.00000871   -0.00000827    0.00000192
2235    O  -0.00000685    0.00001224    0.00000388
2236    H   0.00000407   -0.00000686   -0.00000233
2237    H   0.00000355   -0.00000600   -0.00000144
2238    O  -0.00003061    0.00000618    0.00001815
2239    H   0.00001347   -0.00000281   -0.00000714
2240    H   0.00001519   -0.00000144   -0.00000946
2241    O  -0.00000316    0.00000619   -0.00000773
2242    H   0.00000135   -0.00000268    0.00000347
2243    H   0.00000148   -0.00000335    0.00000371
2244    O   0.00005240   -0.00003797   -0.00001046
2245    H  -0.00003145    0.00001887    0.00001058
2246    H  -0.00002088    0.00001729    0.00000114
2247    O   0.00000434   -0.00000613   -0.00000182
2248    H  -0.00000180    0.00000319    0.00000119
2249    H  -0.00000253    0.00000347    0.00000093
2250    O  -0.00003078   -0.00003916    0.00000623
2251    H   0.00001542    0.00002208   -0.00000137
2252    H   0.00001975    0.00001840   -0.00000355
2253    O   0.00001900   -0.00001135   -0.00000392
2254    H  -0.00001092    0.00000692    0.00000217
2255    H  -0.00000858    0.00000683    0.00000067
2256    O   0.00002175   -0.00004228    0.00000073
2257    H  -0.00001296    0.00002122   -0.00000022
2258    H  -0.00000585    0.00002040   -0.00000106
2259    O   0.00000966   -0.00000467   -0.00000208
2260    H  -0.00000437    0.00000252    0.00000072
2261    H  -0.00000436    0.00000189    0.00000099
2262    O   0.00001304   -0.00001613    0.00000198
2263    H  -0.00000696    0.00001025   -0.00000175
2264    H  -0.00000498    0.00000764   -0.00000155
2265    O  -0.00001613    0.00001449    0.00001651
2266    H   0.00000875   -0.00000842   -0.00000775
2267    H   0.00000651   -0.00000649   -0.00000733
2268    O  -0.00002070    0.00002906    0.00000887
2269    H   0.00000842   -0.00001396   -0.00000500
2270    H   0.00001042   -0.00001240   -0.00000449
2271    O  -0.00001416    0.00002051    0.00000126
2272    H   0.00000771   -0.00000970   -0.00000005
2273    H   0.00000588   -0.00000954   -0.00000015
2274    O   0.00000603   -0.00001360    0.00000600
2275    H  -0.00000269    0.00000638   -0.00000259
2276    H  -0.00000249    0.00000603   -0.00000307
2277    O  -0.00000423   -0.00001444    0.00001849
2278    H   0.00000200    0.00000600   -0.00000903
2279    H   0.00000218    0.00000852   -0.00001111
2280    O  -0.00000324    0.00000336    0.00000916
2281    H   0.00000168   -0.00000138   -0.00000455
2282    H   0.00000152   -0.00000180   -0.00000510
2283    O   0.00000106   -0.00002012   -0.00000918
2284    H  -0.00000104    0.00000943    0.00000358
2285    H  -0.00000062    0.00001227    0.00000540
2286    O  -0.00004191   -0.00002198    0.00000395
2287    H   0.00002171    0.00000825   -0.00000252
2288    H   0.00001684    0.00001027   -0.00000234
2289    O  -0.00000287   -0.00007935    0.00004253
2290    H  -0.00000583    0.00004930   -0.00001988
2291    H   0.00000134    0.00003617   -0.00002537
2292    O   0.00003558   -0.00004431   -0.00000157
2293    H  -0.00002533    0.00002065    0.00000423
2294    H  -0.00001502    0.00002329   -0.00000109
2295    O   0.00000925   -0.00000416    0.00000268
2296    H  -0.00000477    0.00000154   -0.00000190
2297    H  -0.00000480    0.00000217   -0.00000130
2298    O   0.00000622   -0.00007869   -0.00000832
2299    H  -0.00001204    0.00003531    0.00000131
2300    H  -0.00000136    0.00003062    0.00000454
2301    O   0.00003279   -0.00002726   -0.00000394
2302    H  -0.00001836    0.00001553    0.00000202
2303    H  -0.00001415    0.00001694   -0.00000097
2304    O  -0.00002337   -0.00006384    0.00002784
2305    H   0.00001705    0.00002824   -0.00001636
2306    H   0.00000863    0.00003462   -0.00001643
2307    O   0.00000385   -0.00000892    0.00000202
2308    H  -0.00000151    0.00000503   -0.00000136
2309    H  -0.00000189    0.00000409   -0.00000101
2310    O   0.00000486   -0.00001328   -0.00000139
2311    H  -0.00000209    0.00000758    0.00000074
2312    H  -0.00000193    0.00000578    0.00000061
2313    O  -0.00003173   -0.00001750   -0.00000779
2314    H   0.00001619    0.00000869    0.00000559
2315    H   0.00001920    0.00000871    0.00000360
2316    O   0.00008116    0.00003447    0.00003139
2317    H  -0.00005350   -0.00002574   -0.00001841
2318    H  -0.00003345   -0.00001982   -0.00001096
2319    O  -0.00000278    0.00000669    0.00001097
2320    H   0.00000117   -0.00000351   -0.00000612
2321    H   0.00000125   -0.00000366   -0.00000521
2322    O  -0.00000872   -0.00001222    0.00001487
2323    H   0.00000357    0.00000611   -0.00000780
2324    H   0.00000351    0.00000604   -0.00000630
2325    O  -0.00036713    0.00038800   -0.00062990
2326    H   0.00009789   -0.00009796    0.00027262
2327    H   0.00023787   -0.00012496    0.00024060
2328    O   0.00006490   -0.00000099   -0.00000072
2329    H  -0.00003014    0.00000708    0.00000011
2330    H  -0.00004100   -0.00000512    0.00000119
2331    O   0.00000531   -0.00000347   -0.00000044
2332    H  -0.00000300    0.00000162    0.00000043
2333    H  -0.00000276    0.00000203    0.00000013
2334    O   0.00000924   -0.00000557   -0.00000081
2335    H  -0.00000414    0.00000340    0.00000012
2336    H  -0.00000552    0.00000305    0.00000058
2337    O   0.00000447   -0.00000639    0.00000071
2338    H  -0.00000221    0.00000373   -0.00000053
2339    H  -0.00000239    0.00000325   -0.00000028
2340    O   0.00000332   -0.00002076   -0.00000163
2341    H  -0.00000154    0.00000972    0.00000045
2342    H  -0.00000088    0.00001255    0.00000106
2343    O   0.00000134   -0.00000715    0.00000379
2344    H  -0.00000045    0.00000330   -0.00000174
2345    H  -0.00000096    0.00000328   -0.00000163
2346    O   0.00001793    0.00000989   -0.00000167
2347    H  -0.00000792   -0.00000351    0.00000060
2348    H  -0.00001042   -0.00000460    0.00000111
2349    O  -0.00002731   -0.00000303    0.00001977
2350    H   0.00001176    0.00000196   -0.00001033
2351    H   0.00001246    0.00000197   -0.00000807
2352    O   0.00000242   -0.00000865   -0.00000076
2353    H  -0.00000143    0.00000415    0.00000024
2354    H  -0.00000155    0.00000403    0.00000037
2355    O  -0.00002844    0.00005343    0.00001930
2356    H   0.00001156   -0.00002386   -0.00000639
2357    H   0.00001832   -0.00003299   -0.00000930
2358    O  -0.00003564    0.00002552    0.00003411
2359    H   0.00001452   -0.00001294   -0.00001511
2360    H   0.00001591   -0.00001035   -0.00001855
2361    O   0.00000981   -0.00001225    0.00000030
2362    H  -0.00000507    0.00000655   -0.00000024
2363    H  -0.00000564    0.00000504    0.00000010
2364    O   0.00001634   -0.00000197   -0.00001277
2365    H  -0.00000745    0.00000176    0.00000493
2366    H  -0.00000968    0.00000167    0.00000742
2367    O   0.00001522    0.00003279    0.00000130
2368    H  -0.00000939   -0.00001504   -0.00000095
2369    H  -0.00000833   -0.00002052   -0.00000011
2370    O   0.00000485   -0.00000674    0.00000188
2371    H  -0.00000288    0.00000354   -0.00000084
2372    H  -0.00000215    0.00000301   -0.00000093
2373    O   0.00001309   -0.00000431   -0.00000335
2374    H  -0.00000593    0.00000250    0.00000136
2375    H  -0.00000581    0.00000175    0.00000143
2376    O   0.00000961   -0.00000064    0.00000617
2377    H  -0.00000430    0.00000005   -0.00000312
2378    H  -0.00000545   -0.00000000   -0.00000384
2379    O   0.00005366    0.00009213   -0.00000909
2380    H  -0.00002525   -0.00004280    0.00000948
2381    H  -0.00004035   -0.00005243    0.00000434
2382    O  -0.00001127    0.00001756   -0.00000489
2383    H   0.00000606   -0.00000804    0.00000238
2384    H   0.00000545   -0.00000892    0.00000332
2385    O  -0.00000309   -0.00001040    0.00000871
2386    H   0.00000188    0.00000459   -0.00000413
2387    H   0.00000125    0.00000505   -0.00000460
2388    O  -0.00000060   -0.00000888    0.00000860
2389    H   0.00000016    0.00000382   -0.00000370
2390    H   0.00000071    0.00000434   -0.00000487
2391    O  -0.00000509    0.00000527   -0.00000841
2392    H   0.00000236   -0.00000244    0.00000450
2393    H   0.00000243   -0.00000298    0.00000427
2394    O   0.00001655   -0.00004186    0.00001101
2395    H  -0.00000642    0.00002603   -0.00000933
2396    H  -0.00000606    0.00001715   -0.00000570
2397    O   0.00002592   -0.00000500   -0.00000438
2398    H  -0.00001213    0.00000215    0.00000257
2399    H  -0.00001160    0.00000117    0.00000178
2400    O  -0.00000675    0.00001013    0.00000944
2401    H   0.00000328   -0.00000450   -0.00000488
2402    H   0.00000312   -0.00000463   -0.00000402
2403    O   0.00009499   -0.00003151   -0.00003420
2404    H  -0.00004862    0.00002579    0.00001764
2405    H  -0.00004415    0.00000249    0.00001854
2406    O   0.00000513   -0.00000649    0.00000031
2407    H  -0.00000270    0.00000304   -0.00000008
2408    H  -0.00000206    0.00000340   -0.00000026
2409    O   0.00000144    0.00002995    0.00000751
2410    H  -0.00000162   -0.00001746   -0.00000456
2411    H   0.00000088   -0.00001588   -0.00000381
2412    O  -0.00001375    0.00001239    0.00000794
2413    H   0.00000745   -0.00000723   -0.00000479
2414    H   0.00000661   -0.00000640   -0.00000324
2415    O   0.00001853   -0.00001042    0.00001279
2416    H  -0.00000944    0.00000512   -0.00000573
2417    H  -0.00001146    0.00000659   -0.00000699
2418    O  -0.00001039    0.00000032    0.00001354
2419    H   0.00000436   -0.00000014   -0.00000660
2420    H   0.00000498   -0.00000036   -0.00000592
2421    O   0.00000975   -0.00000646   -0.00000026
2422    H  -0.00000438    0.00000391    0.00000003
2423    H  -0.00000422    0.00000277    0.00000012
2424    O  -0.00000569   -0.00003413   -0.00000309
2425    H   0.00000553    0.00002030    0.00000164
2426    H   0.00000413    0.00001468    0.00000175
2427    O  -0.00000603    0.00000989   -0.00000433
2428    H   0.00000314   -0.00000522    0.00000267
2429    H   0.00000288   -0.00000435    0.00000206
2430    O   0.00000201   -0.00000642   -0.00000243
2431    H  -0.00000104    0.00000294    0.00000120
2432    H  -0.00000130    0.00000307    0.00000104
2433    O   0.00002086   -0.00000291   -0.00000605
2434    H  -0.00000915    0.00000205    0.00000262
2435    H  -0.00000950    0.00000017    0.00000287
2436    O   0.00000582   -0.00000340    0.00000074
2437    H  -0.00000273    0.00000184   -0.00000022
2438    H  -0.00000265    0.00000139   -0.00000041
2439    O   0.00000691    0.00000640    0.00001137
2440    H  -0.00000367   -0.00000399   -0.00000610
2441    H  -0.00000296   -0.00000290   -0.00000490
2442    O   0.00001192   -0.00001437    0.00000404
2443    H  -0.00000502    0.00000725   -0.00000248
2444    H  -0.00000616    0.00000602   -0.00000079
2445    O  -0.00002911   -0.00006343   -0.00000300
2446    H   0.00002151    0.00003051    0.00000290
2447    H   0.00001095    0.00003488    0.00000332
2448    O   0.00000491   -0.00002021    0.00000349
2449    H  -0.00000388    0.00001152   -0.00000163
2450    H  -0.00000307    0.00000849   -0.00000135
2451    O   0.00000953   -0.00000622    0.00000210
2452    H  -0.00000453    0.00000269   -0.00000072
2453    H  -0.00000426    0.00000284   -0.00000094
2454    O  -0.00001488    0.00000988   -0.00001179
2455    H   0.00000623   -0.00000427    0.00000549
2456    H   0.00000756   -0.00000472    0.00000499
2457    O   0.00000223    0.00000819   -0.00001491
2458    H  -0.00000080   -0.00000359    0.00000646
2459    H  -0.00000048   -0.00000439    0.00000829
2460    O   0.00003743    0.00000492    0.00000771
2461    H  -0.00001698   -0.00000263   -0.00000463
2462    H  -0.00002356   -0.00000494   -0.00000533
2463    O   0.00000760   -0.00000801   -0.00000051
2464    H  -0.00000338    0.00000429    0.00000047
2465    H  -0.00000457    0.00000455    0.00000015
2466    O   0.00001477   -0.00000174    0.00000536
2467    H  -0.00000753    0.00000160   -0.00000223
2468    H  -0.00000669    0.00000011   -0.00000256
2469    O   0.00000527   -0.00000523    0.00000029
2470    H  -0.00000256    0.00000263   -0.00000015
2471    H  -0.00000242    0.00000299   -0.00000038
2472    O   0.00000652   -0.00000365   -0.00000111
2473    H  -0.00000289    0.00000193    0.00000026
2474    H  -0.00000340    0.00000207    0.00000049
2475    O   0.00002135   -0.00001364   -0.00000421
2476    H  -0.00001071    0.00000745    0.00000115
2477    H  -0.00000882    0.00000538    0.00000194
2478    O  -0.00000025   -0.00001429   -0.00000343
2479    H   0.00000029    0.00000626    0.00000144
2480    H  -0.00000072    0.00000731    0.00000141
2481    O   0.00005512   -0.00001719    0.00001663
2482    H  -0.00002699    0.00001017   -0.00000895
2483    H  -0.00003354    0.00000226   -0.00001203
2484    O  -0.00000094   -0.00000700   -0.00000673
2485    H   0.00000070    0.00000403    0.00000389
2486    H   0.00000080    0.00000320    0.00000333
2487    O   0.00001241   -0.00001606   -0.00000268
2488    H  -0.00000505    0.00000723    0.00000142
2489    H  -0.00000755    0.00000773    0.00000031
2490    O  -0.00000763   -0.00001677    0.00000653
2491    H   0.00000319    0.00000709   -0.00000279
2492    H   0.00000327    0.00000871   -0.00000373
2493    O  -0.00000790    0.00000838   -0.00000704
2494    H   0.00000383   -0.00000425    0.00000305
2495    H   0.00000387   -0.00000468    0.00000391
2496    O   0.00001080   -0.00000069    0.00000988
2497    H  -0.00000483   -0.00000033   -0.00000535
2498    H  -0.00000579    0.00000016   -0.00000503
2499    O  -0.00000850    0.00000331    0.00001533
2500    H   0.00000498   -0.00000166   -0.00000888
2501    H   0.00000476   -0.00000199   -0.00000718
2502    O  -0.00000362   -0.00000113   -0.00001423
2503    H   0.00000129    0.00000090    0.00000646
2504    H   0.00000227    0.00000092    0.00000797
2505    O   0.00000226   -0.00000625   -0.00000198
2506    H  -0.00000130    0.00000299    0.00000095
2507    H  -0.00000126    0.00000358    0.00000110
2508    O   0.00000312   -0.00000963   -0.00000304
2509    H  -0.00000211    0.00000535    0.00000149
2510    H  -0.00000136    0.00000490    0.00000183
2511    O  -0.00000644   -0.00001882   -0.00001515
2512    H   0.00000252    0.00000967    0.00000647
2513    H   0.00000308    0.00001104    0.00000896
2514    O  -0.00000846    0.00001157    0.00001221
2515    H   0.00000429   -0.00000663   -0.00000703
2516    H   0.00000339   -0.00000530   -0.00000544
2517    O   0.00000606   -0.00001209   -0.00000560
2518    H  -0.00000266    0.00000593    0.00000261
2519    H  -0.00000391    0.00000592    0.00000210
2520    O  -0.00002882   -0.00001705   -0.00001734
2521    H   0.00001293    0.00001002    0.00000772
2522    H   0.00001602    0.00000963    0.00001114
2523    O  -0.00000031   -0.00000920   -0.00001085
2524    H   0.00000085    0.00000430    0.00000568
2525    H   0.00000006    0.00000472    0.00000486
2526    O   0.00000246   -0.00000645   -0.00000109
2527    H  -0.00000145    0.00000303    0.00000050
2528    H  -0.00000101    0.00000357    0.00000072
2529    O   0.00000213   -0.00000725   -0.00000381
2530    H  -0.00000093    0.00000317    0.00000166
2531    H  -0.00000075    0.00000392    0.00000214
2532    O  -0.00000370   -0.00001068   -0.00001109
2533    H   0.00000191    0.00000632    0.00000587
2534    H   0.00000264    0.00000523    0.00000628
2535    O   0.00001780   -0.00002567   -0.00000750
2536    H  -0.00000760    0.00001093    0.00000286
2537    H  -0.00001008    0.00001606    0.00000451
2538    O  -0.00000325    0.00000765   -0.00000943
2539    H   0.00000161   -0.00000424    0.00000456
2540    H   0.00000159   -0.00000335    0.00000417
2541    O  -0.00000114   -0.00000467   -0.00001786
2542    H   0.00000005    0.00000312    0.00000890
2543    H   0.00000003    0.00000199    0.00000927
2544    O   0.00000455   -0.00000577   -0.00000304
2545    H  -0.00000191    0.00000281    0.00000166
2546    H  -0.00000209    0.00000287    0.00000145
2547    O  -0.00000018   -0.00000877   -0.00000518
2548    H   0.00000044    0.00000402    0.00000264
2549    H   0.00000017    0.00000447    0.00000239
2550    O   0.00000235   -0.00001190   -0.00000590
2551    H  -0.00000046    0.00000559    0.00000313
2552    H  -0.00000110    0.00000705    0.00000346
2553    O   0.00000675   -0.00000415    0.00000067
2554    H  -0.00000318    0.00000211   -0.00000026
2555    H  -0.00000358    0.00000260   -0.00000021
2556    O   0.00001948   -0.00001222    0.00000386
2557    H  -0.00001121    0.00000827   -0.00000144
2558    H  -0.00000808    0.00000624   -0.00000059
2559    O  -0.00000720    0.00004503   -0.00002931
2560    H   0.00000536   -0.00002602    0.00001372
2561    H   0.00000562   -0.00001976    0.00001416
2562    O   0.00000301   -0.00000521   -0.00000093
2563    H  -0.00000124    0.00000239    0.00000047
2564    H  -0.00000147    0.00000279    0.00000059
2565    O   0.00000868    0.00000701   -0.00001122
2566    H  -0.00000351   -0.00000340    0.00000517
2567    H  -0.00000441   -0.00000345    0.00000629
2568    O   0.00000476   -0.00000686    0.00000143
2569    H  -0.00000266    0.00000306   -0.00000039
2570    H  -0.00000239    0.00000336   -0.00000077
2571    O   0.00001165    0.00000296    0.00000758
2572    H  -0.00000533   -0.00000074   -0.00000321
2573    H  -0.00000682   -0.00000129   -0.00000431
2574    O   0.00001180   -0.00001268   -0.00000040
2575    H  -0.00000748    0.00000697   -0.00000021
2576    H  -0.00000548    0.00000613    0.00000022
2577    O   0.00002544   -0.00001805    0.00000347
2578    H  -0.00001653    0.00000970   -0.00000320
2579    H  -0.00001201    0.00000691   -0.00000224
2580    O  -0.00000349    0.00000890    0.00000728
2581    H   0.00000216   -0.00000487   -0.00000358
2582    H   0.00000138   -0.00000436   -0.00000333
2583    O  -0.00005686    0.00002231   -0.00004567
2584    H   0.00002376   -0.00000701    0.00001895
2585    H   0.00002814   -0.00001069    0.00002820
2586    O  -0.00000272    0.00000162   -0.00001223
2587    H   0.00000158   -0.00000092    0.00000556
2588    H   0.00000088   -0.00000051    0.00000561
2589    O   0.00002486    0.00000486    0.00000894
2590    H  -0.00001074   -0.00000079   -0.00000335
2591    H  -0.00001123   -0.00000332   -0.00000489
2592    O  -0.00000529    0.00001573   -0.00001420
2593    H   0.00000200   -0.00000829    0.00000796
2594    H   0.00000195   -0.00000704    0.00000605
2595    O  -0.00000314   -0.00000622   -0.00000964
2596    H   0.00000149    0.00000313    0.00000430
2597    H   0.00000185    0.00000268    0.00000477
2598    O   0.00000616   -0.00002410    0.00001102
2599    H  -0.00000115    0.00001170   -0.00000617
2600    H  -0.00000333    0.00000995   -0.00000456
2601    O   0.00004770   -0.00003494    0.00000540
2602    H  -0.00002399    0.00001580   -0.00000379
2603    H  -0.00001916    0.00001317   -0.00000169
2604    O  -0.00001753    0.00000809   -0.00001237
2605    H   0.00000975   -0.00000507    0.00000616
2606    H   0.00000775   -0.00000427    0.00000634
2607    O  -0.00001732    0.00001216    0.00003329
2608    H   0.00000629   -0.00000577   -0.00001558
2609    H   0.00000813   -0.00000437   -0.00001458
2610    O   0.00000457   -0.00000390   -0.00000020
2611    H  -0.00000228    0.00000229    0.00000033
2612    H  -0.00000198    0.00000179    0.00000017
2613    O   0.00000129    0.00000492    0.00000886
2614    H  -0.00000036   -0.00000282   -0.00000452
2615    H  -0.00000045   -0.00000213   -0.00000420
2616    O   0.00000215   -0.00001324    0.00000344
2617    H  -0.00000054    0.00000760   -0.00000182
2618    H  -0.00000091    0.00000581   -0.00000135
2619    O   0.00001575    0.00001449    0.00000623
2620    H  -0.00000741   -0.00000885   -0.00000337
2621    H  -0.00000807   -0.00000670   -0.00000384
2622    O   0.00002029   -0.00001081    0.00000451
2623    H  -0.00000942    0.00000353   -0.00000273
2624    H  -0.00001062    0.00000568   -0.00000258
2625    O   0.00000108   -0.00000619   -0.00000556
2626    H  -0.00000067    0.00000291    0.00000277
2627    H  -0.00000077    0.00000351    0.00000304
2628    O  -0.00000353    0.00000852    0.00001303
2629    H   0.00000201   -0.00000387   -0.00000586
2630    H   0.00000176   -0.00000398   -0.00000714
2631    O   0.00000308    0.00002405    0.00002112
2632    H  -0.00000315   -0.00001246   -0.00001198
2633    H  -0.00000196   -0.00001094   -0.00000869
2634    O   0.00001056    0.00002242    0.00000696
2635    H  -0.00000635   -0.00001294   -0.00000326
2636    H  -0.00000407   -0.00001113   -0.00000287
