#QM/MM gradient None (au/Bohr):
0    O  -0.04222680    0.02094463   -0.00002485
1    H   0.03629285    0.00455002    0.00000007
2    C   0.00542456   -0.00518459   -0.00007671
3    H   0.00603742   -0.00870228   -0.01128808
4    H  -0.01173885   -0.00300897   -0.00002472
5    H   0.00605300   -0.00867967    0.01122870
6    O   0.00964984    0.00079285    0.02145079
7    H  -0.00123635   -0.00548079   -0.00982933
8    H  -0.00317010    0.00528822   -0.01437711
9    O  -0.00584059   -0.00459135   -0.00051823
10    H   0.00605344    0.01124723   -0.00749243
11    H   0.01028279    0.00240222    0.00110861
12    O  -0.02256633    0.00098762   -0.00638903
13    H   0.01078799    0.00364320   -0.00015096
14    H   0.00813919   -0.00571492    0.00253822
15    O  -0.01073959    0.00041885    0.01221106
16    H   0.00955111    0.00512336   -0.00733301
17    H   0.00162355   -0.00525882   -0.00543432
18    O   0.01144681   -0.01199067   -0.03434876
19    H  -0.00476347    0.00327571    0.01353045
20    H  -0.00258394    0.00266635    0.01031653
21    O   0.02513187    0.02216476    0.02062125
22    H  -0.00340827   -0.00785953   -0.01161662
23    H  -0.01514265   -0.01144542   -0.01165101
24    O   0.01053674   -0.02470300    0.00727225
25    H   0.00246589    0.01458706   -0.00205916
26    H  -0.01442029    0.00531097   -0.00534678
27    O  -0.00464738    0.00364760   -0.00670162
28    H   0.00862636    0.01016413    0.00291026
29    H   0.00417966    0.00465246    0.01396234
30    O  -0.01857988    0.00778301   -0.01682751
31    H   0.01086381   -0.00819279    0.00831959
32    H   0.00552837    0.00388207    0.00876338
33    O  -0.02543801   -0.00581258    0.00827162
34    H   0.01560743    0.00899838   -0.01064445
35    H   0.00972287   -0.00265900    0.00741102
36    O  -0.00845585   -0.02433811    0.00599501
37    H   0.00611220    0.01248462   -0.00906958
38    H  -0.00125915    0.01184993    0.00732584
39    O  -0.00317588   -0.00985761    0.03240271
40    H   0.00901174    0.00129590   -0.01496927
41    H  -0.00677673    0.01012480   -0.01612494
42    O   0.02594679   -0.01374304   -0.00920526
43    H  -0.00678148    0.00583159   -0.00709892
44    H  -0.01421858    0.00418954    0.01097641
45    O   0.01406340    0.01373888   -0.00503737
46    H  -0.00174135   -0.00485612    0.00273857
47    H  -0.01422128   -0.00756168    0.00125842
48    O  -0.01128627    0.00755548    0.01095681
49    H   0.00066477   -0.00599801   -0.01447581
50    H   0.00710719   -0.00961334   -0.00363288
51    O   0.01899904    0.01841534   -0.00496507
52    H  -0.00141775   -0.01284331   -0.00311784
53    H  -0.01249652   -0.00551715    0.00359104
54    O   0.03058734    0.00917441   -0.00167840
55    H  -0.01770996   -0.00400302   -0.00529363
56    H  -0.01086684   -0.00368751    0.00811171
57    O   0.03999569   -0.01919735   -0.01388098
58    H  -0.02194054    0.00720840    0.00488029
59    H  -0.00413226    0.00563843    0.00412576
60    O  -0.00865714   -0.00986349   -0.00794144
61    H   0.01038103    0.00012051    0.00740020
62    H  -0.00036699    0.01215350    0.01029037
63    O  -0.00984849    0.00987783   -0.01262125
64    H   0.00728466   -0.01394984    0.01135652
65    H   0.00150757    0.00262229    0.00600499
66    O  -0.00080857    0.00723248    0.01202273
67    H  -0.00279623   -0.00442248   -0.00497925
68    H   0.00614890   -0.00278797   -0.00281174
69    O  -0.00372488   -0.01913379    0.00636955
70    H   0.00226632    0.01136769   -0.01327920
71    H   0.00123763    0.00490745    0.00437017
72    O  -0.00889828   -0.00164703    0.00112167
73    H   0.01068988    0.00153556   -0.00331825
74    H   0.00855506    0.00147109   -0.00890717
75    O   0.00966580   -0.01703200    0.02370143
76    H  -0.01477517    0.00073518   -0.00554377
77    H  -0.00291803    0.00931686   -0.01283757
78    O  -0.02057226   -0.00932017   -0.01163664
79    H   0.01864554    0.00538788    0.01203009
80    H   0.00675145    0.00554702    0.00227870
81    O  -0.02100461    0.00249422   -0.01782813
82    H   0.00920918    0.00427395    0.00875815
83    H   0.01395141   -0.00521362    0.01154630
84    O   0.02021120    0.00644832   -0.01546062
85    H  -0.00784689   -0.00761891    0.00596672
86    H  -0.01041447    0.00306226    0.00465470
87    O   0.00183856   -0.00526308   -0.01718507
88    H  -0.00093189    0.00477000    0.00791942
89    H   0.00121027    0.00292629    0.01752833
90    O   0.00608915    0.00782922   -0.01636973
91    H   0.00121559   -0.01072519    0.01203885
92    H  -0.00873391    0.00302697    0.01270056
93    O   0.00355084   -0.00727973   -0.00677483
94    H   0.00079872   -0.00047918    0.00541404
95    H   0.00068574    0.00657001    0.00121862
96    O   0.01334978   -0.00869549   -0.00083155
97    H  -0.00624756    0.00931201    0.00348707
98    H  -0.00690662    0.00551344   -0.00055428
99    O  -0.00634100   -0.00112382   -0.03139863
100    H   0.00827645   -0.00438532    0.01089457
101    H  -0.00343251   -0.00189401    0.01929601
102    O   0.01662881   -0.00107896   -0.01862143
103    H  -0.01428478    0.00310972   -0.00089168
104    H  -0.00455127   -0.00455756    0.01531455
105    O   0.01576623    0.02274323    0.00407813
106    H  -0.00562429   -0.01387133   -0.00359995
107    H  -0.01303466   -0.00698853   -0.01027197
108    O  -0.01212394   -0.00938108   -0.02775074
109    H  -0.00084805   -0.00537325    0.00806426
110    H   0.01275805    0.00709258    0.01603187
111    O   0.01530970    0.02797956   -0.00857595
112    H  -0.01094883   -0.01792376    0.00071786
113    H  -0.00106863   -0.00568872    0.00993685
114    O   0.00792876    0.02120265    0.00393510
115    H  -0.00016129   -0.01146657    0.00585291
116    H  -0.00230083   -0.00579554   -0.00859316
117    O  -0.00555954    0.03073561    0.00809994
118    H   0.00210011   -0.00912873    0.00968171
119    H   0.00448924   -0.01857368   -0.00950111
120    O   0.00620641    0.02631926    0.01605142
121    H  -0.00699603   -0.01518761    0.00099668
122    H   0.00399661   -0.01963022   -0.01026096
123    O  -0.00113418   -0.01411311    0.02642143
124    H  -0.00170289    0.01077958   -0.00486557
125    H  -0.00117508    0.00400893   -0.01939637
126    O   0.00312389   -0.02096821    0.01507803
127    H   0.00426082    0.00422168   -0.00919681
128    H  -0.00896911    0.01421418   -0.00884888
129    O   0.01574904    0.01721773   -0.00866555
130    H  -0.00920363   -0.01266102    0.00423199
131    H  -0.00634954   -0.00733192    0.00391608
132    O  -0.02467368   -0.00399564   -0.00704986
133    H   0.01166383   -0.00265959    0.00345327
134    H   0.01222548    0.00937343    0.00423422
135    O  -0.01803890    0.00653448    0.02524800
136    H   0.01016750   -0.01054559   -0.01493267
137    H   0.00397302    0.00598888   -0.01007064
138    O  -0.01482534    0.03767894   -0.02087825
139    H   0.01475457   -0.00189064    0.00890638
140    H   0.00211481   -0.02312373    0.00637695
141    O   0.02611862    0.03228515   -0.00220471
142    H  -0.00309617   -0.01222682   -0.01215597
143    H  -0.01630312   -0.01357991    0.00861065
144    O   0.02483176    0.01916344    0.00813890
145    H  -0.01302219   -0.01214860   -0.01375335
146    H  -0.01716998   -0.00199586    0.00714361
147    O  -0.01133562    0.01785956   -0.01324147
148    H   0.00713629   -0.01005557    0.00533687
149    H   0.00605342   -0.00476335    0.00199728
150    O   0.00918012    0.01128153    0.00727525
151    H  -0.00055368   -0.00799606   -0.00515661
152    H  -0.00716027   -0.00158820   -0.00683900
153    O  -0.01173021    0.03245857    0.00176966
154    H   0.01225163   -0.01329411    0.00058188
155    H  -0.00257887   -0.01611747   -0.00076445
156    O   0.02971283   -0.01248413   -0.00289914
157    H  -0.01213650    0.00848747    0.00701123
158    H  -0.01908057    0.00331661   -0.00120007
159    O   0.01297293    0.00082557   -0.00963706
160    H  -0.00304089   -0.00834707    0.00777793
161    H  -0.01626188    0.00329170    0.00236341
162    O   0.01009817    0.00132234   -0.01918740
163    H  -0.00918887   -0.00693161    0.00970925
164    H  -0.00335472    0.00276031    0.00714989
165    O  -0.03345449    0.00078700   -0.00098324
166    H   0.01162818    0.00305447   -0.00048594
167    H   0.01107403   -0.00633623    0.00560857
168    O  -0.00457597   -0.00485964    0.01617082
169    H   0.00092160    0.00476451   -0.00445992
170    H   0.00620823   -0.00309416   -0.00930939
171    O   0.01059368    0.00463933    0.01185671
172    H  -0.00499721   -0.00238013   -0.00493248
173    H  -0.00601350   -0.00382609   -0.00771233
174    O   0.02315243   -0.03618024    0.00752948
175    H  -0.00177402    0.00945275   -0.00505553
176    H  -0.01200533    0.02224867   -0.00260644
177    O  -0.00577350   -0.00992505   -0.01206989
178    H   0.00384273    0.00430573    0.00222911
179    H   0.00165544    0.00499141    0.00950010
180    O  -0.00955954    0.01774086    0.02631956
181    H   0.01405279   -0.00564376   -0.01204569
182    H  -0.00646518   -0.01542159   -0.00783485
183    O   0.00382689   -0.01761692    0.02819571
184    H  -0.00608670    0.00679804   -0.00123255
185    H   0.00350198    0.00689412   -0.01762279
186    O  -0.01994182    0.01441844   -0.00971971
187    H   0.00747562   -0.00234382    0.00839990
188    H  -0.00040607   -0.01395480   -0.00123791
189    O  -0.02172171    0.00538495    0.00018260
190    H   0.00434354    0.00228951   -0.00409658
191    H   0.01799661   -0.00641612   -0.00326117
192    O  -0.01854184   -0.02409069    0.00257786
193    H   0.00971157    0.01010899    0.00618677
194    H   0.00362364    0.00949723   -0.00707299
195    O   0.01076017   -0.00641839   -0.00217824
196    H  -0.00874531    0.00636479    0.01174574
197    H  -0.00460750    0.00590727   -0.00276354
198    O   0.02105980    0.00953850   -0.00517037
199    H  -0.01157198    0.00214172    0.00062406
200    H  -0.00732986   -0.01188700    0.00486895
201    O   0.00640358    0.00272155    0.00475064
202    H  -0.00825400   -0.00183534   -0.00717829
203    H  -0.00496798   -0.00422032   -0.00516834
204    O  -0.01810657   -0.01066094   -0.01369547
205    H   0.00404722    0.00494982    0.00733927
206    H   0.00877575    0.01252145    0.00701509
207    O  -0.01686072   -0.01218583    0.01122638
208    H   0.00288895    0.00261850   -0.01371713
209    H   0.01714413    0.00860821   -0.00194670
210    O   0.01445313   -0.01163677    0.00823553
211    H  -0.00435271    0.00821229   -0.00773538
212    H  -0.00905234   -0.00034308   -0.00156485
213    O   0.00864283   -0.00650842    0.00471623
214    H  -0.00788028    0.00334580   -0.00663641
215    H  -0.00627570    0.00640436    0.00014324
216    O  -0.01253546   -0.00238485    0.00195584
217    H   0.00784818    0.00058487    0.00039067
218    H   0.00409637    0.00180360   -0.00363187
219    O  -0.01222936   -0.02483613   -0.01885911
220    H  -0.00462061    0.01897601    0.00693037
221    H   0.00843412    0.01128444    0.01029955
222    O  -0.00785585    0.00082371   -0.02093628
223    H   0.00338853   -0.00453183    0.01481095
224    H  -0.00387477    0.00327576    0.01606226
225    O  -0.00755191   -0.01737860   -0.00357862
226    H   0.00391497    0.00944904   -0.00046196
227    H   0.00181023    0.00872414    0.00685141
228    O  -0.01422671   -0.01285135   -0.04113596
229    H  -0.00326209    0.00400724    0.01524650
230    H   0.01210884    0.00563134    0.01985634
231    O   0.00125698    0.01554923   -0.02499597
232    H   0.00203486   -0.01693244    0.02102215
233    H  -0.00205807   -0.00858310    0.00152982
234    O  -0.02459251    0.00846123    0.02636975
235    H   0.01608668   -0.00177671   -0.02211880
236    H   0.00616389   -0.00810094   -0.00669475
237    O   0.03356358    0.01145847   -0.00790081
238    H  -0.01299850    0.00458408    0.00601863
239    H  -0.00973886   -0.01160011    0.00583887
240    O   0.01992912   -0.00032962    0.00924238
241    H  -0.00644324    0.00406091   -0.00675548
242    H  -0.01319305   -0.00627390   -0.00546689
243    O   0.01157255    0.03154120   -0.01067299
244    H  -0.01122192   -0.02109564    0.00985804
245    H  -0.00534657   -0.00672827   -0.00684110
246    O  -0.00097088    0.02806740    0.01361747
247    H   0.00613467   -0.01222968   -0.01249213
248    H  -0.00611779   -0.01753359   -0.00194460
249    O   0.01671102   -0.00739961    0.01127824
250    H  -0.00813507    0.00634976   -0.00895936
251    H  -0.00946268    0.00359379   -0.00361612
252    O  -0.01868707   -0.01742073   -0.01307186
253    H   0.01115676    0.00656230    0.01129669
254    H   0.01081432    0.01089688    0.00095472
255    O   0.01750518    0.00968050   -0.01714996
256    H  -0.01543607   -0.00462105   -0.00262951
257    H  -0.00241435   -0.00589272    0.01124625
258    O  -0.00007082   -0.02308035    0.00515262
259    H   0.00870257    0.00806241   -0.00616225
260    H  -0.00299144    0.01695798    0.00287676
261    O   0.01056710    0.02669299   -0.01129538
262    H  -0.00864941   -0.02303329    0.00665833
263    H  -0.01223028   -0.00287593    0.00723189
264    O   0.00612733    0.00684799   -0.02149698
265    H  -0.00061103    0.00304579    0.00953335
266    H  -0.00569914   -0.01261366    0.00938887
267    O   0.00458121   -0.00991552   -0.00701208
268    H   0.00042890    0.01635471    0.00147706
269    H  -0.00323363    0.00202268    0.00996011
270    O   0.02377845    0.00356407    0.02984028
271    H  -0.01685500   -0.00258809   -0.01595038
272    H  -0.00117429   -0.00294505   -0.01251597
273    O   0.02191545    0.00668338   -0.00616962
274    H  -0.01567923   -0.00483944    0.01081909
275    H  -0.00659312   -0.00264370   -0.00118753
276    O   0.00220568    0.02117498   -0.00524948
277    H   0.00606861   -0.01296818    0.00933532
278    H  -0.00608467   -0.01439960   -0.00509833
279    O  -0.02045688    0.01143640    0.02686410
280    H  -0.00044756   -0.00711640   -0.00741121
281    H   0.01534937   -0.00597608   -0.01003172
282    O   0.02266574   -0.00834997    0.00988564
283    H  -0.01519835    0.00166508   -0.00394104
284    H  -0.00631101    0.00354777   -0.00484025
285    O   0.00092541   -0.02333702    0.01233435
286    H  -0.00965089    0.00971940    0.00147728
287    H   0.00486152    0.01186396   -0.00547861
288    O  -0.03209518    0.01335034    0.01610238
289    H   0.01019046   -0.01141526   -0.00904023
290    H   0.01912064   -0.00287809   -0.00159585
291    O   0.01865197   -0.00433900   -0.01408312
292    H  -0.00448436    0.00307892    0.01386357
293    H  -0.01145365    0.00117600    0.00012667
294    O   0.01131250   -0.01498439   -0.02032073
295    H  -0.01110120    0.00945585    0.01331170
296    H  -0.00252792   -0.00005471    0.01140570
297    O   0.00092172    0.00856315   -0.01385226
298    H   0.00572404    0.00087145    0.01504691
299    H  -0.00229906   -0.01187194    0.00678688
300    O  -0.00998302   -0.02438617    0.00261555
301    H   0.00835687    0.00513894    0.00387433
302    H  -0.00129405    0.01293122   -0.00660316
303    O  -0.01110914   -0.00677994    0.02181307
304    H   0.00942932   -0.00806882   -0.00925993
305    H   0.01046219    0.00619360   -0.01241541
306    O   0.01131786    0.01735769   -0.00072771
307    H  -0.01019008   -0.00945580    0.00203497
308    H  -0.00073064   -0.00873175    0.00101652
309    O  -0.01387198    0.01391121    0.01124716
310    H   0.00833453   -0.00976169   -0.00333918
311    H   0.00587417   -0.00293396   -0.00610279
312    O  -0.02342538    0.01339486   -0.02511448
313    H   0.00448866    0.00028360    0.01432004
314    H   0.00732072   -0.00527996    0.01033144
315    O   0.01636167   -0.00557729   -0.00565651
316    H  -0.00742623   -0.00223272    0.00704430
317    H  -0.00976177    0.00848622    0.00043084
318    O   0.01352910   -0.01074823   -0.02778797
319    H  -0.00962668    0.00616457    0.01504505
320    H  -0.00619275   -0.00193669    0.00837450
321    O  -0.00493237    0.00795195   -0.01091421
322    H   0.01046273   -0.00008955    0.00387138
323    H  -0.00323651   -0.00022270    0.01233440
324    O  -0.00856960    0.01523911    0.01454281
325    H   0.00981839   -0.00747676   -0.01558267
326    H  -0.00562329   -0.00921710    0.00083568
327    O   0.00311801    0.02067343    0.00978923
328    H   0.00611968   -0.01056526   -0.01662065
329    H  -0.00559955   -0.01438510    0.00377964
330    O  -0.00206157    0.00476249   -0.02210975
331    H   0.00236612    0.00481895    0.02081834
332    H  -0.00657335   -0.00995261    0.00844979
333    O   0.01720116    0.01626960    0.01279933
334    H  -0.00593912    0.00053121   -0.00601886
335    H  -0.01885208   -0.00999081   -0.00354668
336    O   0.03608700   -0.02256615   -0.03000346
337    H  -0.02030527    0.00332653   -0.00259594
338    H  -0.00927017    0.01182486    0.02097097
339    O  -0.01876573   -0.02114151   -0.00477859
340    H   0.00544295    0.00942069   -0.00522722
341    H   0.00985620    0.01306641    0.00813175
342    O  -0.03491279   -0.01823736    0.01174485
343    H   0.00911035    0.00635836   -0.01209047
344    H   0.01205202    0.00148770   -0.00355768
345    O   0.01032543    0.01520507    0.00652575
346    H  -0.01321204   -0.01457130   -0.00284319
347    H  -0.00380982   -0.00365776   -0.00302222
348    O   0.01240600    0.00736837   -0.00433350
349    H  -0.00590059   -0.00034641    0.00332189
350    H  -0.01144544   -0.00768534    0.00048508
351    O  -0.00380196   -0.00644245    0.02102652
352    H  -0.00312076    0.00439047   -0.01664291
353    H   0.00448507    0.00263757   -0.00268200
354    O  -0.00873510    0.01445020   -0.00211606
355    H   0.00360944   -0.01227093    0.00396245
356    H   0.00850161   -0.00887344   -0.00379381
357    O   0.01220407   -0.02489778    0.00285255
358    H  -0.00393768    0.01165018   -0.00627646
359    H  -0.00414932    0.00713894    0.00702852
360    O   0.01074767    0.01077165    0.01902150
361    H  -0.00200455   -0.00259113   -0.01173480
362    H  -0.00985275   -0.00498885   -0.00713310
363    O   0.02638915    0.01127404    0.02283551
364    H  -0.01052648   -0.00717177   -0.01838393
365    H  -0.01328573    0.00092913    0.00097758
366    O   0.02876010   -0.00323916   -0.00857744
367    H  -0.01213747    0.00907775    0.00810324
368    H  -0.01727659   -0.00355645   -0.00064108
369    O  -0.02255229    0.01551068   -0.00911937
370    H   0.00150295   -0.00267107   -0.00178294
371    H   0.01317019   -0.01186023    0.00920485
372    O   0.03486585   -0.00601742    0.00053714
373    H  -0.01324423    0.00089844   -0.00911250
374    H  -0.01774079    0.00811933    0.01294470
375    O   0.01608074    0.03337422    0.02036871
376    H  -0.01290438   -0.01032865   -0.01353595
377    H  -0.00743375   -0.01783115   -0.00431239
378    O   0.00403056    0.01710302    0.02967686
379    H   0.00206428   -0.00950410   -0.00981767
380    H  -0.00739895   -0.00761286   -0.01982659
381    O  -0.01853660   -0.00602921    0.00100322
382    H   0.00743421   -0.00124843    0.00034542
383    H   0.01271225    0.00770667   -0.00050853
384    O  -0.00225095    0.01905348    0.01658574
385    H   0.00044449   -0.00627206   -0.01708346
386    H   0.00303629   -0.01408193   -0.00089804
387    O   0.03042397    0.01798745    0.00524401
388    H  -0.01558085    0.00090140   -0.00187313
389    H  -0.01492106   -0.01329768   -0.00249029
390    O   0.01104738    0.00493745    0.00932779
391    H  -0.01092836   -0.00369849   -0.01161110
392    H  -0.00788166   -0.00721290    0.00083298
393    O   0.00204315   -0.02306476   -0.00782492
394    H   0.00075200    0.01464844   -0.00139250
395    H  -0.00223061    0.00876831    0.00556651
396    O   0.01768451    0.02261455   -0.00729842
397    H  -0.01375832   -0.01238159    0.01016235
398    H  -0.01160850   -0.00657378   -0.00436754
399    O  -0.00142983   -0.01379777   -0.01928341
400    H   0.00073494    0.00550564    0.01312028
401    H  -0.00214032    0.00390042    0.00704420
402    O   0.01094005    0.02449938    0.01176921
403    H  -0.00183209   -0.01109784    0.00244408
404    H  -0.01603869   -0.00791200   -0.00909765
405    O   0.02264253    0.00856375   -0.00149319
406    H  -0.01167072   -0.00479834    0.00311857
407    H  -0.00737213   -0.00487318   -0.00119848
408    O   0.00481731   -0.01996645   -0.00574005
409    H  -0.00796503    0.00347762   -0.00060166
410    H   0.00087594    0.01183415    0.00014770
411    O   0.00454882   -0.01967335    0.01251801
412    H  -0.00467279    0.00781851   -0.00471723
413    H  -0.00234725    0.01240308   -0.00847773
414    O   0.01120854    0.00522658    0.03179202
415    H  -0.01478745    0.00830548   -0.01215934
416    H   0.00268839   -0.00718896   -0.01584603
417    O   0.00164977   -0.01838232    0.00360132
418    H  -0.00977534    0.00822197   -0.00391238
419    H  -0.00030185    0.01661856   -0.00696355
420    O   0.02341935    0.01532705    0.00706715
421    H  -0.01197831    0.00229516    0.00136996
422    H  -0.01079709   -0.01226535   -0.00929632
423    O  -0.01290434    0.00219994    0.01188242
424    H   0.01320573    0.00350002   -0.00508602
425    H   0.00687250   -0.00359022   -0.00668116
426    O   0.00949995   -0.00586749   -0.00481708
427    H  -0.00546462    0.00331789    0.00049942
428    H  -0.00275939    0.00052138    0.00550222
429    O  -0.00660217    0.01507930    0.02067903
430    H   0.00219445   -0.01028412   -0.00643700
431    H   0.00606474   -0.01011987   -0.01738486
432    O   0.00667744    0.03787472   -0.01493015
433    H   0.00167583   -0.02102150    0.00722534
434    H  -0.00592166   -0.01238589    0.00594949
435    O  -0.02408654   -0.00713809   -0.01171065
436    H   0.01224489   -0.00121342   -0.00040471
437    H   0.00586821    0.00226436    0.01231591
438    O  -0.01496509    0.02927820   -0.00749262
439    H   0.01693764   -0.00718122    0.00130326
440    H   0.00852474   -0.01491789    0.00757468
441    O   0.01853581   -0.01976708   -0.00472476
442    H  -0.02124570    0.01381986    0.00034795
443    H  -0.00875565    0.01011826   -0.00474229
444    O   0.02889282   -0.00912426    0.01345636
445    H  -0.01487968    0.01245106   -0.00742800
446    H  -0.01355271   -0.00274560   -0.01383214
447    O   0.01458247    0.02911365    0.00013583
448    H  -0.00590242   -0.02204919    0.00294441
449    H  -0.00590647   -0.00166411   -0.00626510
450    O   0.01219296    0.01178859    0.02039806
451    H  -0.00398079    0.00411989   -0.01072779
452    H  -0.01490845   -0.00875448   -0.01184115
453    O   0.02478659   -0.00508578   -0.01201841
454    H  -0.00966611    0.00684821    0.00501358
455    H  -0.01302037   -0.00390101    0.00608897
456    O  -0.00276908   -0.01417354   -0.00637187
457    H   0.00154370    0.01499982   -0.00020192
458    H  -0.00773626    0.00664142    0.00467758
459    O   0.02017825    0.03744156   -0.02517839
460    H  -0.01911393   -0.01399958    0.00572112
461    H   0.00466611   -0.01514778    0.01431933
462    O  -0.01129565   -0.01040738    0.00472692
463    H   0.01197077   -0.00138470   -0.00595825
464    H   0.00485367    0.00803880   -0.00060460
465    O   0.00901807    0.02633421    0.01856789
466    H  -0.01109758   -0.01382846   -0.01222875
467    H   0.00278627   -0.01076130   -0.00260318
468    O  -0.02960022   -0.00200602   -0.00944677
469    H   0.01586559    0.00249221    0.01051088
470    H   0.01818974    0.00149838   -0.00167388
471    O   0.01242366    0.00278540   -0.01136520
472    H  -0.00750709   -0.00260985    0.00504510
473    H  -0.00749844    0.00071342    0.00806030
474    O  -0.02278548   -0.00448085   -0.01499933
475    H   0.01772356    0.00509916    0.01250494
476    H   0.01489045   -0.00265395    0.00605961
477    O  -0.00422071    0.01351967   -0.01836353
478    H   0.00720462   -0.00470252    0.01151220
479    H  -0.00135059   -0.00600131    0.00422113
480    O   0.00118644    0.00949271   -0.02324672
481    H   0.00038892   -0.00005350    0.01639676
482    H  -0.00479535   -0.00994555    0.00605706
483    O   0.01468392    0.02237721    0.00274633
484    H  -0.01289033    0.00067568   -0.00347419
485    H  -0.00334552   -0.01611487   -0.00432690
486    O   0.02500637    0.00393777    0.01279543
487    H  -0.00723682   -0.00010406   -0.00702908
488    H  -0.01496019   -0.00320925   -0.00615853
489    O  -0.00807374    0.01243212    0.02490559
490    H  -0.00143339   -0.00160202   -0.01646269
491    H   0.00560191   -0.01011408   -0.00861488
492    O   0.02678170   -0.02488546   -0.01724917
493    H  -0.00961600    0.01171981    0.00797928
494    H  -0.00387832    0.01059225    0.01166324
495    O  -0.00414775    0.01695018    0.00015642
496    H  -0.00094594   -0.01019180   -0.00182692
497    H   0.00187807   -0.01463823   -0.00603788
498    O  -0.00347658   -0.00310466   -0.01353837
499    H   0.01137550    0.00488294    0.00516753
500    H   0.00267398    0.00877414    0.00637368
501    O   0.00096763    0.01280461   -0.01449199
502    H  -0.00050209   -0.00362953    0.00492951
503    H  -0.00266369   -0.00325787    0.00858373
504    O  -0.01497722   -0.00006486    0.01649164
505    H   0.00642388   -0.00371851   -0.00593960
506    H   0.00378426   -0.00052073   -0.00665261
507    O  -0.00662722    0.02279861    0.00692534
508    H   0.01469813   -0.01550951   -0.00558269
509    H  -0.00803880   -0.01515265   -0.00412401
510    O   0.02443917   -0.01363989   -0.02819984
511    H  -0.01084020    0.01062965    0.01417760
512    H  -0.00964836   -0.00472262    0.00845091
513    O  -0.03068303   -0.03202168   -0.01567910
514    H   0.01973403    0.01416510    0.00614591
515    H   0.00519054    0.00813955    0.01638415
516    O   0.00265683   -0.02008429    0.02926682
517    H   0.00476678    0.01026948   -0.01944393
518    H  -0.00613001    0.01234550   -0.00596484
519    O  -0.01531007    0.02237452   -0.00090500
520    H   0.01256024   -0.00893969   -0.00128761
521    H   0.00729035   -0.00969868   -0.00666077
522    O   0.01128471    0.00413783   -0.01852890
523    H  -0.00696159    0.00100530    0.00986802
524    H  -0.00420363   -0.00403412    0.01439394
525    O   0.01172941    0.01374556   -0.00593249
526    H  -0.00891870   -0.00428036   -0.00533266
527    H  -0.00600241   -0.00550901    0.00411810
528    O   0.00324624   -0.01089359   -0.01667516
529    H   0.00051807    0.00575017    0.00534849
530    H  -0.00864697    0.00678096    0.00794146
531    O  -0.01889040    0.02739784    0.02616956
532    H   0.00184001   -0.01624532    0.00040201
533    H   0.00901712   -0.00797503   -0.01552958
534    O  -0.00679247   -0.03152210    0.00659549
535    H  -0.00091769    0.01242849   -0.01264079
536    H   0.00277995    0.01530537    0.00637266
537    O   0.01443603    0.00779149    0.00846989
538    H  -0.01198920   -0.00611458   -0.00639340
539    H  -0.00062337   -0.00316208   -0.00138195
540    O  -0.00990674   -0.00865983    0.02194930
541    H   0.00614363   -0.00147855   -0.01636288
542    H  -0.00063247    0.00701751   -0.00309374
543    O  -0.01679635   -0.03630072   -0.01317142
544    H   0.00664283    0.00123854   -0.00344051
545    H   0.00434939    0.01887542   -0.00113728
546    O   0.03039939   -0.00556474    0.02544810
547    H  -0.01815343   -0.00797631   -0.00565742
548    H  -0.01212852    0.01015297   -0.01141122
549    O   0.00484622   -0.00190289   -0.00286729
550    H  -0.00123776    0.00113263    0.00125835
551    H  -0.00253869    0.00438889    0.00209268
552    O  -0.02700097   -0.00735799   -0.00221074
553    H   0.01379405   -0.00256048   -0.00898537
554    H   0.01190262    0.01055263    0.00697491
555    O   0.01238215    0.00631482    0.00027298
556    H  -0.00221070   -0.00332724    0.00345769
557    H  -0.01191449   -0.00170337   -0.00444724
558    O  -0.00049880    0.01276253   -0.00071696
559    H  -0.00246888   -0.00796727    0.00394859
560    H   0.00386101   -0.00795337    0.00421912
561    O   0.02245072    0.02373292    0.01504056
562    H  -0.01092497   -0.01393928    0.00005540
563    H  -0.00188607   -0.00375089   -0.01320554
564    O  -0.01560433   -0.00357483    0.00748100
565    H   0.01135173    0.00247074    0.00066797
566    H   0.00524215   -0.00251207   -0.00394083
567    O   0.01732993    0.00415237    0.00885135
568    H  -0.00700293   -0.00475682    0.00396919
569    H  -0.00339134   -0.00812232   -0.01042030
570    O   0.01468517    0.01851266   -0.00121278
571    H  -0.01636115   -0.00383378    0.00315565
572    H  -0.00698362   -0.01467284    0.00900496
573    O   0.02080688   -0.00770932   -0.01658002
574    H  -0.01698032    0.00846998    0.00984125
575    H  -0.00063956    0.00390948    0.01072506
576    O   0.00972595    0.00132707   -0.01338062
577    H  -0.00586326    0.00363053    0.00929268
578    H  -0.00902914   -0.00226497    0.00948254
579    O   0.01070128   -0.00583045    0.03077162
580    H  -0.00793549   -0.00464984   -0.01763947
581    H  -0.00199925    0.01115805   -0.01361680
582    O  -0.01365548   -0.00921557    0.00935776
583    H   0.01421540    0.01197490   -0.00660925
584    H   0.00301032    0.00120695   -0.00255323
585    O   0.00893526    0.02183291    0.00767083
586    H  -0.00575484   -0.01633816    0.00165498
587    H  -0.00003444   -0.00020712   -0.00448171
588    O   0.00144925    0.01732313    0.01221653
589    H  -0.00139957   -0.00230257   -0.00160482
590    H   0.00034931   -0.00760167   -0.00683909
591    O   0.01584496    0.01366767    0.00670171
592    H  -0.00276640   -0.01321696   -0.01052464
593    H  -0.01160110   -0.00116364   -0.00644317
594    O   0.01159337   -0.00475393    0.02105909
595    H  -0.01366827    0.00537345   -0.01374880
596    H  -0.00060080   -0.00362615   -0.00993864
597    O  -0.00762007    0.01254853    0.00265496
598    H   0.00736265   -0.00957781   -0.00537004
599    H   0.00079862   -0.01131744    0.00301332
600    O  -0.01115553    0.01472650    0.00114660
601    H   0.00508687   -0.00822953   -0.00207489
602    H   0.00370042   -0.00838581    0.00256511
603    O  -0.01216497    0.02833281    0.01033009
604    H   0.01272132   -0.01125755   -0.00287737
605    H  -0.00461693   -0.01199253   -0.00772485
606    O  -0.01493396    0.01825281   -0.00707148
607    H   0.00936639   -0.00509340    0.00068915
608    H   0.00061512   -0.01123763    0.00347570
609    O  -0.00908671    0.01041687    0.01584510
610    H   0.00221271   -0.00727991   -0.00137435
611    H  -0.00086756   -0.00303702   -0.01664636
612    O   0.01090373    0.01353503    0.01702062
613    H  -0.00660739   -0.01103417   -0.00682810
614    H   0.00001745   -0.00924782   -0.00588109
615    O  -0.00366409    0.01379763   -0.01851970
616    H  -0.00186156   -0.00958895    0.00760243
617    H   0.00529970    0.00062840    0.00665685
618    O   0.00734212   -0.02637866    0.01561142
619    H  -0.00677835    0.01206338   -0.00376980
620    H   0.00516198    0.01412806   -0.00941910
621    O  -0.02841510    0.00543222   -0.01048164
622    H   0.01227604    0.00128732    0.00464144
623    H   0.01132098   -0.00422657    0.00287622
624    O  -0.00415024    0.01980804   -0.00754309
625    H   0.00569646   -0.01110205    0.00533720
626    H   0.00107413   -0.00488318    0.00232602
627    O  -0.00014924    0.00674396   -0.01795051
628    H  -0.00817740    0.00255659    0.01452757
629    H   0.01257066   -0.00028591    0.01178562
630    O  -0.00697532    0.01102830    0.01667461
631    H  -0.00102425   -0.00745926   -0.00266053
632    H   0.01097342    0.00122550   -0.00565653
633    O   0.04239774   -0.01026949    0.00864638
634    H  -0.02414744   -0.00359504    0.00090461
635    H  -0.01719233    0.00960939   -0.00446796
636    O   0.00871856   -0.00476009    0.00955023
637    H  -0.00627121   -0.00554055   -0.00351281
638    H  -0.00825135    0.00352892   -0.00930453
639    O   0.01678633    0.00921822    0.03707103
640    H  -0.00752053   -0.00969862   -0.00439837
641    H  -0.00821465    0.00010017   -0.02332146
642    O  -0.00688294   -0.02514471   -0.01323925
643    H  -0.00389826    0.01366345   -0.00070171
644    H   0.00626074    0.01253630    0.01177468
645    O  -0.00138809    0.01511501   -0.00286077
646    H  -0.00060838   -0.00393592    0.00188191
647    H   0.00052204   -0.01038755   -0.00140203
648    O  -0.03300944   -0.00235763    0.00239470
649    H   0.01950621    0.00394869    0.00564420
650    H   0.00887763    0.00180385   -0.01262240
651    O   0.00861486   -0.01734412    0.02053599
652    H  -0.00621773    0.01416686   -0.00552794
653    H  -0.00264359    0.00819599   -0.01719502
654    O  -0.01926568    0.01676762   -0.01919887
655    H   0.00601338   -0.01912360    0.01016992
656    H   0.01846126   -0.00224978    0.01068701
657    O   0.02464350   -0.01510453   -0.00355844
658    H  -0.00406214    0.00457020   -0.00585387
659    H  -0.01521822    0.01111974    0.00902990
660    O  -0.02330652   -0.00853382   -0.00020842
661    H   0.00711365   -0.00150908   -0.00672509
662    H   0.01533839    0.00775418    0.00289506
663    O  -0.00398152   -0.03291537   -0.00348969
664    H  -0.01193126    0.01626280   -0.00417309
665    H   0.01304028    0.01555404    0.00415345
666    O   0.00392768    0.00978249   -0.00542571
667    H  -0.00591935   -0.00424552    0.00176402
668    H  -0.00333552   -0.00744766    0.00382889
669    O   0.02561577   -0.01683560    0.01208681
670    H  -0.00353237    0.01279111   -0.00748878
671    H  -0.01730202    0.00470446    0.00013461
672    O  -0.00621087    0.01607648   -0.01397373
673    H   0.00535701   -0.00708360    0.01323573
674    H  -0.00372484   -0.01395498    0.01423084
675    O  -0.01885366    0.01325580   -0.00083567
676    H   0.01655315   -0.00832626    0.00518146
677    H   0.00346097   -0.00891047    0.00419784
678    O  -0.00181826   -0.00785418   -0.01181054
679    H  -0.00325163    0.00723186    0.01501518
680    H  -0.00043457    0.00904787    0.00079759
681    O   0.00806059    0.01563350    0.00914506
682    H  -0.00727021   -0.00488305   -0.00506681
683    H   0.00212446   -0.01369321   -0.00780974
684    O   0.01987174   -0.00421830   -0.00645783
685    H  -0.00541509   -0.00171313   -0.00168182
686    H  -0.01799041    0.00326638    0.01214329
687    O   0.01815512    0.00283769   -0.00040345
688    H  -0.00410239   -0.01176283   -0.00022576
689    H  -0.01491159    0.00502324    0.00081563
690    O  -0.00039633   -0.01840080    0.01052912
691    H  -0.00952716    0.00991569   -0.00853980
692    H   0.00502666    0.00969160   -0.00186278
693    O  -0.01431780   -0.00658218   -0.02874036
694    H   0.00137511    0.01479449    0.00387500
695    H   0.01624229    0.00068990    0.01916790
696    O  -0.02584402    0.02103984    0.01197870
697    H   0.01596075   -0.00270945   -0.00448083
698    H   0.00781065   -0.01548750   -0.00205436
699    O  -0.02400478    0.02305594    0.01953672
700    H   0.01044385   -0.00580217   -0.01667766
701    H   0.01197108   -0.01518090   -0.00257601
702    O   0.01384136   -0.02595237   -0.00006920
703    H  -0.00704373    0.01823803    0.00216514
704    H  -0.00799412    0.00269606   -0.00069809
705    O  -0.00516816    0.01912109   -0.01781471
706    H  -0.00212568   -0.01338338    0.00979965
707    H   0.00879895   -0.00767051    0.00901218
708    O   0.01465660    0.01230005   -0.01500669
709    H  -0.00821392   -0.00930863    0.00527369
710    H  -0.00191652   -0.00743569    0.01133221
711    O   0.02476034    0.01558521   -0.02444766
712    H  -0.01351174    0.00239108    0.01334311
713    H  -0.01630837   -0.01443057    0.01062577
714    O   0.02425107    0.01249179    0.00835718
715    H  -0.01418328   -0.00649844    0.00371606
716    H  -0.01037496   -0.00564134   -0.00534354
717    O  -0.04096829   -0.01477742   -0.00201617
718    H   0.01773127   -0.00797794   -0.00512812
719    H   0.01754749    0.01791115    0.00452869
720    O  -0.03041461    0.00992773    0.01565885
721    H   0.01274968   -0.00272238   -0.00633336
722    H   0.00108173    0.00053683   -0.00026332
723    O  -0.00242355    0.01355444   -0.03557705
724    H   0.00235692    0.00298225    0.02040410
725    H  -0.01384940   -0.00648716    0.00936757
726    O   0.00444877   -0.00373410   -0.03201395
727    H   0.00403650    0.00349363    0.01221477
728    H  -0.00654389   -0.00094316    0.01144052
729    O   0.00200347    0.03563048   -0.01541672
730    H   0.00412108   -0.00310732    0.01667821
731    H  -0.00072634   -0.02012432   -0.00200912
732    O  -0.00976048   -0.02952916    0.00110201
733    H   0.00976499    0.00778426    0.00113033
734    H  -0.00271352    0.01965512    0.00037443
735    O  -0.01245073   -0.00781383   -0.02733274
736    H   0.01664454    0.00002860    0.01123372
737    H  -0.00162292    0.00100214    0.01815421
738    O   0.00384766   -0.03121340    0.03024712
739    H   0.01008413    0.01352614   -0.00853586
740    H  -0.00757378    0.01143335   -0.01422788
741    O   0.00971785   -0.01370467   -0.01101808
742    H  -0.00463930    0.00219951    0.00344984
743    H  -0.00637230    0.01458811    0.00641229
744    O   0.00957770    0.00840463   -0.00511006
745    H  -0.00529631   -0.00016428   -0.00856350
746    H  -0.00843265   -0.00324445    0.00873705
747    O   0.00112284    0.02958340   -0.00163916
748    H  -0.01020704   -0.01286339   -0.00436984
749    H   0.00663740   -0.01495512    0.00336169
750    O  -0.00701861   -0.01360777    0.02134343
751    H   0.00172641    0.01403477   -0.00392330
752    H   0.00271884    0.00123260   -0.01474456
753    O   0.00797048    0.01846778    0.00175466
754    H  -0.00476917   -0.01683163    0.00635407
755    H   0.00282430   -0.00942252   -0.00495681
756    O  -0.00615358    0.02400801    0.00148408
757    H  -0.00441841   -0.00988683   -0.00000099
758    H   0.00888627   -0.01782692   -0.00131699
759    O  -0.01299427   -0.02330640   -0.00728272
760    H   0.00874445    0.01627711    0.00449046
761    H   0.00074052    0.00436386    0.00163456
762    O  -0.00148488    0.01468735   -0.02172928
763    H  -0.00298191   -0.00541644    0.01097413
764    H   0.00153889   -0.00938243    0.00684154
765    O  -0.00395289    0.00052158    0.02016468
766    H   0.00153664    0.00512510   -0.01299171
767    H   0.00364809   -0.00531325   -0.00975525
768    O  -0.03770427    0.00285879    0.00785300
769    H   0.01719385   -0.00478090   -0.00950870
770    H   0.00836636   -0.00158361    0.00698226
771    O   0.01879469   -0.01174082    0.01678282
772    H  -0.01292028    0.00644418   -0.00927072
773    H  -0.00738487    0.00642034   -0.01412941
774    O  -0.03082888   -0.02026446   -0.00647010
775    H   0.01300261    0.01457529   -0.00006214
776    H   0.01306051    0.00042274    0.00598753
777    O  -0.03169062   -0.01104113   -0.00693575
778    H   0.01398421    0.00032022   -0.00464152
779    H   0.01136256    0.01052846    0.00772424
780    O   0.02665361    0.00454841   -0.01433568
781    H  -0.00574725   -0.00872611   -0.00154210
782    H  -0.01438357   -0.00292133    0.01147553
783    O   0.01866296   -0.00107079   -0.01272374
784    H  -0.00703355    0.00266420    0.00395189
785    H  -0.01497768    0.00198522    0.01168503
786    O  -0.00434447   -0.01675898   -0.01784687
787    H  -0.00183792    0.00075004    0.00940778
788    H   0.00603883    0.01432909    0.00231699
789    O  -0.00693859    0.01220119    0.02290403
790    H  -0.00230471   -0.00482641   -0.01110686
791    H   0.00886112   -0.00538456   -0.01237413
792    O  -0.01405578   -0.00821105    0.02374407
793    H   0.00674934    0.00065039   -0.00360741
794    H   0.00356047    0.00615069   -0.01692110
795    O   0.00702882    0.01153783    0.00041646
796    H  -0.00160360   -0.00498256   -0.00146045
797    H  -0.00222432   -0.00803284   -0.00197342
798    O   0.01909152    0.04016285    0.02688316
799    H   0.00231918   -0.02104621   -0.00293862
800    H  -0.01961637   -0.01261919   -0.01450008
801    O   0.02658276   -0.00959481   -0.00774830
802    H  -0.01220139    0.00694555   -0.00298923
803    H  -0.00852051    0.00327886    0.01230663
804    O   0.02077521    0.01969044   -0.00606806
805    H  -0.01188193   -0.01405052    0.00428768
806    H  -0.00855980   -0.00099021    0.00381151
807    O   0.01763775   -0.02865914   -0.03364309
808    H  -0.00479530   -0.00022516    0.01642929
809    H  -0.00773585    0.02122877    0.01670564
810    O  -0.01636937   -0.00139363    0.00417789
811    H   0.00834135   -0.00164224    0.00572404
812    H   0.00927941    0.00144397   -0.00741450
813    O  -0.00740936   -0.01409979    0.01919738
814    H   0.00508831    0.00973634   -0.00844198
815    H   0.00047686    0.00811950   -0.01485597
816    O  -0.02310716   -0.00904715   -0.00032381
817    H   0.01551905    0.00906952    0.00033147
818    H   0.00789361    0.00220677   -0.00036673
819    O   0.02999211    0.00037257   -0.00773754
820    H  -0.01619103   -0.00035184   -0.00925266
821    H  -0.00840508    0.00105166    0.01345236
822    O   0.02365557    0.00350337    0.00794142
823    H  -0.01291675   -0.00157587   -0.00462620
824    H  -0.01017480   -0.00287828   -0.00459459
825    O  -0.01491899   -0.02656229    0.01434638
826    H   0.00236804    0.02008528   -0.00951115
827    H   0.01048558    0.00075210   -0.00420877
828    O  -0.00447661   -0.01067817    0.00646623
829    H   0.00285309    0.00313665   -0.00349729
830    H   0.00246325    0.00695025    0.00034139
831    O  -0.00161870    0.01917970    0.02074048
832    H   0.00276909   -0.00404456   -0.00657050
833    H  -0.00126792   -0.01314264   -0.01153434
834    O   0.00137687    0.03483474   -0.02131703
835    H  -0.00414493   -0.02429921    0.01259156
836    H  -0.00415129   -0.00819742    0.01193030
837    O  -0.00474966   -0.01471154   -0.01304281
838    H   0.00590458    0.00969208    0.01377836
839    H   0.00557776    0.00961720   -0.00147179
840    O   0.01105705   -0.00444013   -0.02569929
841    H  -0.00892751    0.00496134    0.01635066
842    H  -0.00619742    0.00649085    0.00813879
843    O   0.01044672    0.00653262    0.03219042
844    H   0.00505264    0.00679657   -0.01460899
845    H  -0.00759603   -0.01025448   -0.01369269
846    O   0.02020858    0.00234668    0.01787117
847    H  -0.01203861    0.00188928    0.00099193
848    H  -0.01337329   -0.00638043   -0.01778221
849    O   0.01873598    0.01682177   -0.01150717
850    H  -0.00135891   -0.00399810    0.00480816
851    H  -0.01471186   -0.01482128    0.00519100
852    O  -0.00426110    0.01675223    0.00729621
853    H   0.00643207   -0.00532545    0.00091446
854    H  -0.00108142   -0.01001344   -0.00962843
855    O  -0.01250827   -0.00573120    0.02870296
856    H   0.00623611    0.01092920   -0.01652696
857    H   0.00494000   -0.00401137   -0.01800332
858    O  -0.01874186   -0.01282985    0.01233229
859    H   0.01992870    0.00829348   -0.00363341
860    H   0.01023938    0.00549965   -0.01117096
861    O  -0.00435953    0.00256221   -0.01609789
862    H   0.00547630   -0.00072744    0.00746008
863    H   0.00004647   -0.00155749    0.01040443
864    O   0.02432108   -0.01689838    0.00878775
865    H  -0.02120018    0.00324032   -0.00210653
866    H  -0.00338636    0.01383702   -0.00139304
867    O   0.00647198    0.00035871   -0.01756858
868    H  -0.00743227    0.00219107    0.00231583
869    H   0.00168378    0.00425340    0.01713909
870    O  -0.00037948   -0.00207558    0.01240597
871    H  -0.00304072   -0.00027724   -0.00887110
872    H   0.00159872   -0.00080121   -0.00962989
873    O   0.01089735    0.00758740    0.01827665
874    H  -0.00715920   -0.00652451   -0.00508072
875    H  -0.00233977   -0.00529771   -0.01499193
876    O  -0.00815750    0.00823104   -0.03041329
877    H   0.01092729   -0.01259751    0.01245112
878    H  -0.00952672    0.00382381    0.01818139
879    O  -0.01089339    0.00808489    0.03696997
880    H  -0.00060275    0.00468714   -0.01102408
881    H   0.00579408   -0.00443408   -0.02250717
882    O   0.01576477    0.01694877   -0.00548164
883    H  -0.00385969   -0.01070045    0.00098860
884    H  -0.00928094   -0.00854178    0.00177934
885    O   0.01006057    0.01231188    0.02212886
886    H  -0.00812045   -0.00732627   -0.01435494
887    H  -0.00454131    0.00012955   -0.00894166
888    O   0.01767374   -0.01364629   -0.01101112
889    H  -0.01128423    0.01127011    0.00085915
890    H   0.00374794    0.00188916    0.01204582
891    O   0.00405268   -0.01830576   -0.02489359
892    H   0.00218620    0.01715495    0.01324971
893    H  -0.00823468    0.00126362    0.01370782
894    O   0.00443643    0.01887467   -0.01689679
895    H  -0.00211165   -0.01496535    0.01014356
896    H  -0.00517731   -0.00592351    0.00780579
897    O  -0.00789642   -0.02707607   -0.01744619
898    H   0.00474699    0.01320483    0.00280104
899    H   0.00471865    0.01302818    0.01340671
900    O  -0.02905819   -0.02873066   -0.00822983
901    H   0.01446373    0.01789532    0.00835648
902    H   0.00714709    0.00083743   -0.00764981
903    O  -0.00453719    0.00998791   -0.01876304
904    H   0.00552162   -0.00646667    0.00588341
905    H   0.00384301   -0.00554731    0.01387119
906    O  -0.00113882    0.00926574   -0.01744644
907    H   0.00364766   -0.00487430    0.01106326
908    H  -0.00675298   -0.00410322    0.00671384
909    O   0.02869462   -0.02229700    0.01574859
910    H  -0.01086463    0.01586389   -0.00278559
911    H  -0.01695058    0.00680001   -0.01265984
912    O  -0.00204638   -0.01342007   -0.01392937
913    H  -0.00013847    0.00927699   -0.00168869
914    H   0.00662778    0.01230687    0.01254168
915    O  -0.00899224    0.01603026   -0.02823090
916    H   0.00505816   -0.00367510    0.01155284
917    H  -0.00205678   -0.00942349    0.01456765
918    O   0.00263443   -0.02001492    0.02238408
919    H   0.00564771    0.01664883   -0.00652830
920    H  -0.00611063    0.00807202   -0.01873791
921    O  -0.01450498    0.01114653   -0.03669409
922    H   0.00946518   -0.00250397    0.01964894
923    H  -0.00049290   -0.00287504    0.00739275
924    O  -0.01375171   -0.03878666   -0.00995291
925    H  -0.00231710    0.02099191    0.00534778
926    H   0.00808727    0.00813352    0.00555432
927    O  -0.01829427    0.02266255   -0.01143097
928    H   0.00675044   -0.00870507   -0.00062441
929    H   0.01314457   -0.01135043    0.01012406
930    O   0.02824868    0.01989632    0.00544254
931    H  -0.01513887   -0.01594229   -0.00945474
932    H  -0.01242992   -0.00431721    0.00258220
933    O  -0.00571532   -0.02416476   -0.01842762
934    H  -0.00318648    0.01354154    0.00711799
935    H   0.00621347    0.00520041    0.01113521
936    O  -0.00846205    0.01928496    0.00153526
937    H   0.00852842   -0.00971365    0.00854921
938    H   0.00510710   -0.00951200   -0.00539490
939    O  -0.02095313    0.01545017    0.00005708
940    H   0.00559746   -0.00280895    0.00724950
941    H   0.01409972   -0.00948719   -0.00628819
942    O  -0.00541887   -0.02430440    0.00441121
943    H   0.00677014    0.02055767    0.00031855
944    H  -0.00539383    0.00812180   -0.01077552
945    O  -0.02225186    0.01259845    0.00395317
946    H   0.00694736   -0.00395436   -0.00273007
947    H   0.01778336   -0.00621223   -0.00044182
948    O  -0.01294964   -0.00753463    0.01445664
949    H   0.00622871   -0.00006814   -0.00259167
950    H   0.00747812    0.00728442   -0.01289885
951    O  -0.01092805    0.03434280    0.01319027
952    H   0.00085345   -0.01344576   -0.01608674
953    H   0.00417154   -0.01505319    0.00266163
954    O  -0.04548488    0.00747102    0.00025442
955    H   0.02422896    0.00290305    0.00844252
956    H   0.01648569   -0.00927415   -0.01028460
957    O   0.00807667   -0.01109358    0.03096136
958    H  -0.00909914    0.00785467   -0.01707925
959    H   0.00285952    0.00687370   -0.00786278
960    O   0.02311140    0.02784485   -0.01667593
961    H  -0.01288439   -0.00326495    0.00231090
962    H  -0.01339844   -0.02072475    0.01143182
963    O   0.01903945   -0.02851484   -0.01961535
964    H  -0.01553990    0.01108384    0.01111113
965    H   0.00481155    0.01325101    0.00477306
966    O  -0.04240559   -0.00664984    0.00408272
967    H   0.00929126    0.01188713    0.00170691
968    H   0.02398188    0.00172371   -0.00129956
969    O   0.01966519    0.01044565   -0.00449834
970    H  -0.01192425   -0.01159896    0.00329056
971    H  -0.00751012   -0.00394649    0.00107160
972    O  -0.03039042    0.00772354    0.01910880
973    H   0.01150708   -0.01352211   -0.01434269
974    H   0.00899900    0.00636650   -0.00593338
975    O   0.00238274   -0.00740787   -0.01402569
976    H   0.00729129    0.00962557    0.00942797
977    H  -0.00217311   -0.00406907    0.00895462
978    O   0.02041220    0.00012896    0.00956259
979    H  -0.00808561   -0.00090971   -0.00530277
980    H  -0.01306940    0.00514887   -0.00497540
981    O  -0.00527405    0.00816934    0.01046972
982    H  -0.00542704   -0.00133150   -0.01492275
983    H   0.00951512   -0.00710353   -0.01390819
984    O   0.00622038   -0.02796401   -0.00669923
985    H   0.00557160    0.01125699   -0.00173960
986    H  -0.00595344    0.01865769    0.01111483
987    O   0.00899907    0.01020476    0.02160325
988    H   0.00110826    0.00099689   -0.01498086
989    H  -0.01109809   -0.00024453   -0.01137505
990    O   0.00020535   -0.01420720    0.00930719
991    H   0.00218581    0.02007281   -0.00611654
992    H   0.00311929    0.00732388    0.00492128
993    O   0.02355905   -0.01634448   -0.03037182
994    H  -0.01227198    0.01360228    0.01283146
995    H  -0.00796489    0.00165772    0.01280872
996    O  -0.02585522    0.00058987   -0.01668744
997    H   0.00724828   -0.00923860    0.01054067
998    H   0.00938522    0.00565933    0.00274853
999    O  -0.02404765   -0.00764531    0.02122806
1000    H   0.00944089   -0.00063777    0.00193897
1001    H   0.01317457    0.00569271   -0.01485122
1002    O  -0.01067620   -0.00419567   -0.01555745
1003    H   0.00654819    0.00740784    0.01227095
1004    H   0.00818195   -0.00068582    0.00664435
1005    O   0.02570795    0.02106959    0.01767442
1006    H  -0.01413321   -0.01472586   -0.00442513
1007    H  -0.00816150   -0.00378673   -0.01265642
1008    O  -0.00521683   -0.01828187   -0.00508442
1009    H   0.00296853    0.00424864   -0.00121558
1010    H   0.00277236    0.01401549    0.00260794
1011    O  -0.00637903   -0.01663760   -0.01748734
1012    H  -0.00660111    0.00487536    0.01261392
1013    H   0.00064911    0.01804031    0.01235471
1014    O  -0.00197368   -0.01100492   -0.03791994
1015    H   0.00134222   -0.00151451    0.01636627
1016    H  -0.00393739    0.01892178    0.00812904
1017    O   0.00194240    0.01556755    0.01731299
1018    H   0.00171882   -0.01083823   -0.01032847
1019    H  -0.00590925   -0.00018811   -0.01234107
1020    O   0.02314024    0.01183326    0.00936377
1021    H  -0.01096962   -0.00699563    0.00037342
1022    H  -0.01169459   -0.00824848   -0.00616613
1023    O  -0.00514197   -0.01226859   -0.02620952
1024    H  -0.00406319   -0.00045886    0.01993163
1025    H   0.00235473    0.01338981    0.01106793
1026    O  -0.00468070    0.00980282    0.01167532
1027    H  -0.00883149    0.00155353   -0.01294364
1028    H   0.00262684   -0.01344436   -0.01595342
1029    O  -0.02403481    0.00337140   -0.01464721
1030    H   0.00466527    0.00204559    0.01569373
1031    H   0.01750876   -0.00608204    0.00207392
1032    O   0.00079431   -0.02660232   -0.01577548
1033    H  -0.00149991    0.02034162    0.01147134
1034    H   0.00229740    0.00444823    0.00543330
1035    O  -0.00647282   -0.00060415   -0.02479985
1036    H  -0.00585742    0.00582539    0.00882157
1037    H   0.00883637   -0.00264942    0.01105424
1038    O   0.01883053    0.00751112   -0.00258681
1039    H  -0.01172732   -0.00238963   -0.00505596
1040    H  -0.01413732   -0.00199359    0.00470332
1041    O   0.01856751    0.02848787    0.00718069
1042    H  -0.00642836   -0.01821659   -0.00468678
1043    H  -0.00973044   -0.00870961   -0.00663421
1044    O  -0.00360135    0.02074055   -0.00249392
1045    H   0.00187034   -0.01210355   -0.00249566
1046    H   0.00380040   -0.00792795    0.00308523
1047    O   0.01794650   -0.00702808    0.02015944
1048    H  -0.00794408    0.00399036   -0.00953312
1049    H  -0.00642065    0.00067275   -0.01053944
1050    O  -0.00488419   -0.00584192   -0.01369659
1051    H   0.00344020    0.00485233    0.00964093
1052    H   0.00047953    0.00022265    0.00525768
1053    O   0.00602161    0.02543980    0.01454624
1054    H   0.00348640   -0.01409272   -0.00382985
1055    H  -0.01309579   -0.01275035   -0.00872971
1056    O   0.01819565   -0.00752779   -0.00013387
1057    H  -0.00462437    0.00139243    0.00367905
1058    H  -0.01439080    0.00301392   -0.00113440
1059    O   0.00617911   -0.00776768    0.03848396
1060    H   0.00182956    0.00041966   -0.02343450
1061    H  -0.01249984    0.00625461   -0.00883588
1062    O   0.00409923    0.01210699   -0.00334078
1063    H  -0.00361334   -0.00663777    0.00103612
1064    H  -0.00479814   -0.00872645    0.00390608
1065    O  -0.00664201    0.01992588   -0.03875754
1066    H   0.00086901   -0.00282060    0.02236561
1067    H   0.00840354   -0.01422430    0.00751098
1068    O   0.02351292    0.01508994    0.01460918
1069    H  -0.01245676   -0.01402324   -0.00045106
1070    H  -0.00972451   -0.00388965   -0.01293987
1071    O  -0.01241531   -0.01805436   -0.00074367
1072    H   0.00131457    0.00920609    0.00362182
1073    H   0.01019367    0.01314283   -0.00287309
1074    O  -0.01055592    0.00693439    0.00371190
1075    H   0.00645479   -0.00375657   -0.00517220
1076    H   0.00372807   -0.00485913   -0.00588462
1077    O  -0.04224227   -0.00371209   -0.00615397
1078    H   0.01719567   -0.00386803   -0.00427242
1079    H   0.02065578    0.00600322    0.00842893
1080    O   0.00967797    0.00239078    0.00071158
1081    H  -0.01179607   -0.00016120    0.00799992
1082    H  -0.00964961   -0.00191464   -0.00425576
1083    O  -0.03203043    0.00515005    0.00249849
1084    H   0.02032853    0.00717221   -0.00982431
1085    H   0.01401731   -0.00849367    0.00090746
1086    O  -0.00030404    0.02665702   -0.01966845
1087    H   0.00011779   -0.01655808    0.00683037
1088    H   0.00258483   -0.00991136    0.01362426
1089    O   0.01605829    0.02442139    0.03459092
1090    H  -0.00648909   -0.01280942   -0.01909400
1091    H  -0.00807340   -0.01287067   -0.00676003
1092    O   0.02588584    0.01405271    0.00464036
1093    H  -0.01129603   -0.00373457    0.00606741
1094    H  -0.01223687   -0.01093286   -0.01044448
1095    O  -0.00903153    0.01323572    0.02035103
1096    H   0.00629086   -0.00301764   -0.00971392
1097    H  -0.00136266   -0.01100033   -0.01453532
1098    O  -0.02362318    0.01034557   -0.00053380
1099    H   0.00991607   -0.00921342   -0.00746323
1100    H   0.01408001    0.00200076   -0.00438153
1101    O  -0.01585881    0.02000521    0.01554198
1102    H   0.00148040   -0.01051663   -0.00864816
1103    H   0.00964216   -0.01002067   -0.00407776
1104    O   0.00881595   -0.01876370   -0.00980879
1105    H  -0.00757768    0.00956867    0.01313398
1106    H   0.00594924    0.01878410    0.00756503
1107    O  -0.01728921   -0.00863371    0.01267686
1108    H   0.00955237   -0.00880876   -0.00609253
1109    H   0.01070242    0.01127661   -0.00809707
1110    O  -0.01732047    0.00461995    0.01758357
1111    H   0.01423396   -0.00054172   -0.01446426
1112    H   0.00943879   -0.00057897    0.00311725
1113    O  -0.01118749    0.00271424   -0.02255993
1114    H   0.01423826    0.00185292    0.01467658
1115    H  -0.00113821   -0.00323228    0.00943831
1116    O   0.00940815   -0.02053505   -0.01011382
1117    H  -0.00728976    0.00884213    0.00800870
1118    H   0.00045165    0.01626491   -0.00069761
1119    O   0.01043122    0.00935869    0.01530659
1120    H  -0.00066979   -0.00397649   -0.00504493
1121    H  -0.01426312   -0.00227094   -0.01308649
1122    O  -0.02664579    0.02233908   -0.00117192
1123    H   0.01227442    0.00238871    0.00202907
1124    H   0.00969673   -0.01213481   -0.00508666
1125    O   0.02022271    0.02476922    0.00656027
1126    H  -0.01825295   -0.00954104   -0.00082189
1127    H  -0.00680135   -0.01564711   -0.00686495
1128    O  -0.00936529   -0.00167804    0.02338710
1129    H   0.01135216    0.00229140   -0.00602948
1130    H  -0.00552453   -0.00421157   -0.01122905
1131    O  -0.01917977    0.00919630    0.01980466
1132    H   0.01064272   -0.00045616   -0.00677078
1133    H   0.01240629   -0.01081796   -0.01415665
1134    O  -0.02843483   -0.02666503   -0.01126354
1135    H   0.01492746    0.00093392   -0.00154788
1136    H   0.00958016    0.02375214    0.01137965
1137    O   0.01851190    0.02287496   -0.01452360
1138    H  -0.01022359   -0.00138321   -0.00213176
1139    H  -0.00813854   -0.01674880    0.00758738
1140    O  -0.02267932    0.00409325   -0.02782991
1141    H   0.01807045   -0.00563175    0.01293980
1142    H   0.00127604   -0.00295690    0.01166530
1143    O   0.00433653   -0.00756972    0.01150001
1144    H  -0.00578008    0.00485259    0.00187330
1145    H   0.00174381    0.00605589   -0.01345870
1146    O   0.01164788   -0.01305584    0.01181405
1147    H  -0.00157133    0.01038801   -0.00827190
1148    H  -0.01004208    0.00163609   -0.00103567
1149    O   0.00398476   -0.01497990    0.00362870
1150    H  -0.00797565    0.00885787   -0.00228380
1151    H   0.00317941    0.00684052   -0.00343071
1152    O   0.00320437   -0.00663126    0.00665468
1153    H   0.00106697    0.00475786   -0.00213115
1154    H  -0.00332420    0.00598776   -0.00932736
1155    O  -0.01710647   -0.01204282    0.00028066
1156    H   0.01184915    0.00478042   -0.00460688
1157    H   0.00715108    0.00767940    0.00064752
1158    O  -0.00340693    0.00628560   -0.03902497
1159    H   0.00769037   -0.00222224    0.01731183
1160    H  -0.00190338   -0.00064578    0.02531904
1161    O   0.00602445   -0.00124168   -0.01347403
1162    H  -0.01200064    0.00394195    0.01551125
1163    H  -0.00368460   -0.01011847    0.00485783
1164    O   0.00738421   -0.01350331    0.01599590
1165    H  -0.00405054    0.00501539   -0.01594042
1166    H   0.01079772    0.00070762   -0.00967727
1167    O   0.00616087   -0.02273730    0.01013858
1168    H  -0.00322397    0.01406622   -0.00425325
1169    H   0.00318590    0.01540885   -0.00544089
1170    O  -0.01715762    0.00154970    0.01110644
1171    H   0.00579502   -0.00004573   -0.00208538
1172    H   0.01136493   -0.00114701   -0.01228369
1173    O  -0.00405641    0.01184818   -0.02703871
1174    H  -0.00497443   -0.00843080    0.01149111
1175    H   0.00901903   -0.00567212    0.01881253
1176    O  -0.01426080   -0.00797287    0.02038298
1177    H   0.00828622    0.00798099   -0.01768390
1178    H   0.00812639    0.00502120   -0.00213571
1179    O  -0.01286706    0.00062242    0.01801143
1180    H   0.00980454    0.00118409   -0.01002295
1181    H   0.00087859    0.00077416   -0.00470020
1182    O   0.00090593    0.00831406    0.02857768
1183    H  -0.00594956   -0.01249110   -0.01284572
1184    H   0.00396604    0.00382325   -0.01105670
1185    O   0.00138141    0.01588339    0.00613088
1186    H  -0.00234283   -0.01563113    0.00110260
1187    H   0.00196365   -0.00779534   -0.00314683
1188    O  -0.00875074    0.01667609   -0.01505352
1189    H   0.00679620   -0.00758206    0.00763776
1190    H  -0.00120686   -0.01185843    0.00361578
1191    O   0.01647084    0.00919767    0.01963606
1192    H  -0.00265727    0.00412183   -0.01003550
1193    H  -0.01334765   -0.01337876   -0.00830782
1194    O  -0.00835097    0.02030362    0.00442407
1195    H   0.01391434   -0.01344699   -0.00940739
1196    H   0.01510432   -0.01618123    0.00295642
1197    O  -0.01396868   -0.02544469   -0.00587842
1198    H   0.00571268    0.01512163   -0.00039192
1199    H   0.00677279    0.01541609    0.00760103
1200    O   0.02643219    0.00716557   -0.01970929
1201    H  -0.00417984   -0.01078416    0.00751295
1202    H  -0.01764758   -0.00286486    0.01263230
1203    O   0.01221352   -0.03255496   -0.00328930
1204    H  -0.00802440    0.02067549    0.00580058
1205    H   0.00128736    0.00509616   -0.00495126
1206    O  -0.01565531   -0.00409043   -0.01645023
1207    H   0.00327022    0.00581236    0.00463780
1208    H   0.00656775   -0.00155434    0.00809902
1209    O   0.00977470   -0.00460363    0.02001493
1210    H  -0.01190864    0.00360835   -0.00983484
1211    H   0.00009318   -0.00022075   -0.00569857
1212    O  -0.01219194    0.01473491    0.02652145
1213    H   0.00501263   -0.01060699   -0.00987796
1214    H   0.00807954   -0.00307335   -0.01175641
1215    O   0.00713596    0.01561734   -0.01245259
1216    H  -0.00730671   -0.00764036    0.00174479
1217    H  -0.00121962   -0.00832086    0.00822779
1218    O   0.02518224    0.00698674   -0.01698655
1219    H  -0.01329715   -0.00270658    0.01279214
1220    H  -0.00773433   -0.00282799    0.00636013
1221    O   0.02708894    0.02388209    0.03185049
1222    H  -0.00752907   -0.00663404    0.00135139
1223    H  -0.01218999   -0.01398165   -0.02006962
1224    O   0.00469814    0.01038065    0.00004652
1225    H  -0.00162026   -0.00776249   -0.00571635
1226    H  -0.00543592   -0.00509787    0.00816683
1227    O   0.01112015   -0.02204800   -0.00953772
1228    H  -0.01280839    0.00548779    0.00720944
1229    H   0.00737158    0.01200452   -0.00608870
1230    O   0.00612971   -0.02678156   -0.00767830
1231    H  -0.00300782    0.00447267    0.00877414
1232    H  -0.01057574    0.01497385   -0.00037089
1233    O   0.01221792   -0.02460071    0.01004247
1234    H  -0.00796190    0.00261808   -0.00766712
1235    H  -0.00415652    0.01693882   -0.00001873
1236    O   0.00719123    0.01801900   -0.00011189
1237    H  -0.00214009   -0.01509899   -0.00189697
1238    H  -0.00123066   -0.00344233    0.00307028
1239    O   0.01733110   -0.00245199   -0.02588888
1240    H  -0.01230835   -0.00091105    0.01808108
1241    H  -0.00367370    0.01100156    0.01237451
1242    O   0.02843008    0.01370200    0.00098503
1243    H  -0.01152796    0.00167777    0.00300835
1244    H  -0.01782575   -0.01403578   -0.00293371
1245    O   0.00281149    0.00880085    0.02262378
1246    H   0.00620333   -0.00655394   -0.01612631
1247    H  -0.00861697   -0.00381968   -0.00782392
1248    O  -0.00347826    0.00140235   -0.02226321
1249    H   0.00521633   -0.00770382    0.01567889
1250    H  -0.00098808    0.00096865    0.00861993
1251    O   0.00459697    0.01030579   -0.02071091
1252    H   0.00561126   -0.00325705    0.01495094
1253    H  -0.00379494   -0.01262060    0.00341797
1254    O  -0.01031937    0.00386900   -0.00988720
1255    H   0.00675472   -0.00096687    0.00022364
1256    H  -0.00078505   -0.00122067    0.00690996
1257    O  -0.00210911   -0.00496096   -0.02482929
1258    H  -0.00168685    0.00092546    0.01146114
1259    H   0.00702238    0.00259344    0.00845977
1260    O   0.01496159    0.00782086   -0.00416368
1261    H  -0.00719015   -0.00803065    0.00683890
1262    H  -0.00430645   -0.00096463   -0.00377915
1263    O  -0.00196722    0.03071885   -0.00353727
1264    H  -0.00786982   -0.02005946   -0.00170169
1265    H   0.01489847   -0.00755766    0.00798981
1266    O   0.00704643   -0.00386253   -0.01799873
1267    H  -0.00035098    0.00413941    0.01122769
1268    H  -0.00764419    0.00256029    0.00771800
1269    O  -0.01694027   -0.00582414    0.00222695
1270    H   0.01074797    0.00364098    0.00156271
1271    H   0.01410938   -0.00271108   -0.00353213
1272    O   0.00673329   -0.00744062   -0.00515334
1273    H   0.00109404    0.01053827   -0.00144838
1274    H   0.00027689    0.00479991   -0.00469013
1275    O   0.01998033    0.02510279   -0.01978835
1276    H  -0.00394291   -0.00894159    0.00591042
1277    H  -0.01402629   -0.01812764    0.01049730
1278    O  -0.01514445   -0.00069794    0.02768851
1279    H   0.00565443    0.00417474   -0.01638122
1280    H   0.00093027   -0.00489848   -0.00850666
1281    O   0.00629806    0.01089238   -0.00806981
1282    H  -0.00149232   -0.00892230    0.00320266
1283    H  -0.00843375   -0.00649224    0.00919148
1284    O  -0.00921241    0.01892136    0.01859680
1285    H   0.00799340   -0.00546946   -0.01957133
1286    H   0.00818117   -0.01690069   -0.00389243
1287    O   0.00320216   -0.01329550   -0.02042607
1288    H  -0.00199199   -0.00591756    0.00917836
1289    H  -0.00011212    0.01486824    0.00937455
1290    O   0.00795039   -0.01106339    0.01184982
1291    H  -0.00084977    0.00734184   -0.01191758
1292    H  -0.00576583    0.01299857    0.00015411
1293    O   0.00029660    0.00806314    0.00605866
1294    H   0.00155397   -0.00042179   -0.00667232
1295    H   0.00630705   -0.00300339   -0.00670938
1296    O   0.01346949    0.00441103    0.02327748
1297    H  -0.01122572   -0.00066434   -0.01102140
1298    H  -0.00236206   -0.00379910   -0.00448700
1299    O  -0.00438998   -0.02382837   -0.02503576
1300    H   0.00351041    0.01142331    0.01067086
1301    H   0.00297686    0.00468471    0.01274478
1302    O  -0.02313972   -0.00229414   -0.02499288
1303    H   0.01076043   -0.00370702    0.01833385
1304    H   0.01370040   -0.00396319   -0.00541343
1305    O  -0.00784735    0.02179936    0.00666177
1306    H   0.00398370   -0.00549895   -0.00561045
1307    H   0.00592909   -0.01531622   -0.00954520
1308    O   0.01288912    0.01450035    0.00590880
1309    H  -0.00371762   -0.00778882   -0.00859604
1310    H  -0.00709437   -0.00655919    0.00361172
1311    O  -0.03814031   -0.00948732   -0.01551845
1312    H   0.01836611    0.00910342   -0.00043861
1313    H   0.01540319   -0.00333489    0.01328736
1314    O   0.01643781   -0.02333697   -0.02037808
1315    H  -0.00898573    0.01080849   -0.00293616
1316    H  -0.00742661    0.01139035    0.01656519
1317    O   0.03094873   -0.02898762    0.00340915
1318    H  -0.00838127    0.01920609    0.00385457
1319    H  -0.02347348    0.00717098   -0.00448087
1320    O  -0.01002689    0.01845681   -0.00863878
1321    H   0.00763243   -0.00733363    0.00121420
1322    H   0.00518688   -0.00635506    0.00313558
1323    O   0.01595832   -0.01795734    0.01105617
1324    H  -0.00490432    0.01384896   -0.00244454
1325    H  -0.01013961    0.00433027   -0.01356180
1326    O  -0.00419069    0.02186441   -0.01106530
1327    H  -0.00396823   -0.01020607    0.00811418
1328    H   0.00714970   -0.01457774    0.00302557
1329    O  -0.00504606    0.01876527   -0.00704860
1330    H   0.00402039   -0.00663602    0.00805567
1331    H  -0.00112054   -0.01272170    0.00136481
1332    O   0.01400328   -0.02160739   -0.00344290
1333    H  -0.00169553    0.00622300    0.00550410
1334    H  -0.00854286    0.01927523    0.00437091
1335    O   0.00263574    0.01043127    0.00864383
1336    H  -0.00404760   -0.01466854   -0.00379984
1337    H  -0.00965780   -0.00208843   -0.00255451
1338    O   0.00870902   -0.00435610   -0.02990553
1339    H  -0.00649358   -0.00016514    0.01911580
1340    H  -0.00333162    0.00594649    0.01167431
1341    O   0.00153438    0.00404138    0.01855594
1342    H   0.00071734    0.00491739   -0.00594312
1343    H  -0.00405929   -0.00833934   -0.01379120
1344    O  -0.00540650   -0.01320493   -0.02325798
1345    H   0.01052533    0.00860390    0.01877783
1346    H  -0.00192004    0.00598998    0.00966343
1347    O   0.00647227   -0.02393055    0.01957839
1348    H  -0.01198532    0.02249855   -0.00615744
1349    H   0.00704279    0.00319554   -0.00705713
1350    O  -0.00775670   -0.01405253   -0.00880691
1351    H   0.00760402    0.00483047    0.00447951
1352    H   0.00060413    0.00635860    0.00041162
1353    O   0.00782895   -0.03608691   -0.00674161
1354    H  -0.00022253    0.01998270    0.00082888
1355    H  -0.00226506    0.01313572    0.01541564
1356    O   0.03095890    0.00253851    0.01170268
1357    H  -0.01100322   -0.00694056   -0.01184192
1358    H  -0.01850576    0.00593533   -0.00110589
1359    O  -0.02986360   -0.00869422   -0.00516292
1360    H   0.01249423    0.00766490    0.00382385
1361    H   0.00856651   -0.00058348    0.00760551
1362    O   0.02304549    0.00639166    0.02151536
1363    H  -0.01281509   -0.00164371   -0.01056783
1364    H  -0.00650572   -0.00760958   -0.00691719
1365    O  -0.01313789    0.00674225   -0.00337771
1366    H   0.00744652   -0.00710789    0.00036146
1367    H   0.00521313   -0.00329514    0.00613499
1368    O   0.00175165   -0.00688316   -0.00722424
1369    H  -0.00254276    0.00256513    0.00556370
1370    H  -0.00046944    0.01117458    0.01193588
1371    O  -0.00571127    0.01571420   -0.02557686
1372    H   0.00697974   -0.00711484    0.01750146
1373    H   0.00136903   -0.01135844    0.00602538
1374    O   0.01247418   -0.00702054    0.00441458
1375    H  -0.00236317    0.00816488   -0.00432240
1376    H  -0.01395565    0.00980998   -0.00482258
1377    O   0.00811982    0.01790382   -0.00249833
1378    H  -0.00856142   -0.00959376    0.00694523
1379    H   0.00068551   -0.01065208   -0.00147583
1380    O   0.01950923    0.00759112    0.01992565
1381    H  -0.00307023    0.00558934   -0.00453417
1382    H  -0.01170112   -0.00791267   -0.00993561
1383    O   0.02417997   -0.01506409    0.01924047
1384    H  -0.00811995    0.01386997   -0.00911563
1385    H  -0.01398435    0.00245224   -0.00996866
1386    O   0.00658271   -0.02604093    0.01004436
1387    H   0.00308318    0.00711046   -0.00440117
1388    H  -0.00341320    0.01845594   -0.00275949
1389    O  -0.01071522   -0.00411796   -0.02145425
1390    H   0.01282557    0.00332605    0.00768626
1391    H   0.00389789    0.00366674    0.00686773
1392    O   0.01697680   -0.00477611   -0.00603710
1393    H  -0.00884780   -0.00103810    0.00715732
1394    H  -0.00760941    0.00287963    0.00193043
1395    O   0.03151136   -0.00509059    0.03727336
1396    H  -0.01869984   -0.00029464    0.00152988
1397    H  -0.01536757    0.00865119   -0.01847377
1398    O  -0.00165446   -0.00996786    0.01499583
1399    H  -0.00762363    0.00383031   -0.00520956
1400    H  -0.00880094    0.00884438   -0.01101668
1401    O   0.01029037    0.01318505   -0.00165358
1402    H  -0.00563556    0.00427888    0.00548529
1403    H  -0.01626423   -0.01015358    0.01000859
1404    O   0.00640794    0.00969816   -0.02109923
1405    H  -0.00053035   -0.00760523    0.01526427
1406    H  -0.00741583   -0.00147282    0.00199236
1407    O  -0.02353187   -0.00222488    0.00824015
1408    H   0.01650364    0.00430634   -0.00476679
1409    H   0.00456115   -0.00293951   -0.00454656
1410    O  -0.01529276    0.00616571    0.02039860
1411    H   0.01559625   -0.01210505   -0.00516124
1412    H   0.00581124    0.00123224   -0.00954699
1413    O  -0.01177323   -0.01762375   -0.00693557
1414    H   0.00514574    0.00702996    0.00650081
1415    H   0.00133145    0.01052211    0.00232496
1416    O  -0.02002126   -0.00402540    0.00555708
1417    H   0.01605900    0.00029345    0.00027170
1418    H   0.00761504    0.00307669   -0.00587018
1419    O   0.02067269    0.01048831   -0.02455423
1420    H  -0.01478989   -0.00018443    0.01323864
1421    H  -0.00408527   -0.01047591    0.01033796
1422    O   0.01478258    0.00760135    0.01042847
1423    H  -0.01120617   -0.00324502   -0.00676462
1424    H  -0.00208928   -0.00361116   -0.00269907
1425    O   0.01513747   -0.00341422   -0.00872879
1426    H  -0.00703068    0.00232560    0.00254820
1427    H  -0.01237734    0.00171593    0.00785632
1428    O   0.00492027   -0.00757498    0.01643602
1429    H   0.00217252    0.00567393   -0.01437645
1430    H  -0.00111566    0.00303033   -0.00262009
1431    O  -0.00551298   -0.01161953    0.00154314
1432    H   0.00807123    0.00582242    0.00494231
1433    H   0.00381002    0.00659001   -0.00075674
1434    O  -0.01367150    0.00881482    0.00052573
1435    H   0.00458600   -0.00228501    0.00391553
1436    H   0.01155960   -0.00827970   -0.00064974
1437    O  -0.00013107   -0.01846559   -0.02197580
1438    H   0.00256799    0.01458657    0.00780990
1439    H  -0.00470512   -0.00013901    0.01403774
1440    O  -0.02617860    0.03252658   -0.00285695
1441    H  -0.00222567   -0.00739700    0.00072274
1442    H   0.01217944   -0.01820583    0.00261963
1443    O   0.01190892   -0.01041122   -0.00921768
1444    H  -0.00975717    0.00138409    0.00207099
1445    H  -0.00568402    0.01048804    0.00699621
1446    O  -0.00974820   -0.02431827    0.00585951
1447    H   0.00982628    0.00276271   -0.00199036
1448    H   0.00206797    0.01750124    0.00014827
1449    O   0.03000087    0.00414366   -0.01184244
1450    H  -0.01098941   -0.00906307    0.00916951
1451    H  -0.01542537   -0.00440589   -0.00463463
1452    O   0.01671008    0.01020000    0.00002383
1453    H  -0.00831241   -0.00910236   -0.00286249
1454    H  -0.00646697   -0.00805695   -0.00056339
1455    O  -0.00498967   -0.01035969    0.01691250
1456    H   0.00851604   -0.00244060   -0.01885542
1457    H   0.01298231    0.00713675   -0.00539569
1458    O  -0.00869514   -0.00676972   -0.03697928
1459    H   0.01292734    0.00308680    0.00886860
1460    H  -0.00208168    0.00329632    0.02133417
1461    O   0.01232965   -0.02435835   -0.01736591
1462    H  -0.00273234    0.00453938    0.01812101
1463    H  -0.00797443    0.01102687   -0.00367161
1464    O  -0.02939123   -0.00288865   -0.01800188
1465    H   0.01287357    0.00845730    0.01070739
1466    H   0.01218220   -0.00998839    0.00216634
1467    O  -0.00109773   -0.03311222   -0.01433013
1468    H   0.00395985    0.01332081    0.01357738
1469    H  -0.00419862    0.01428040   -0.00130787
1470    O  -0.01286389   -0.00959011   -0.01430807
1471    H   0.00683262    0.00438613    0.00356339
1472    H   0.00934283    0.00029246    0.00913962
1473    O  -0.01028839   -0.00425669    0.01314810
1474    H   0.01140370    0.01203259   -0.00119963
1475    H   0.00721671   -0.00500989    0.00312397
1476    O   0.01111312   -0.00079161    0.02194691
1477    H  -0.01496004    0.00013910   -0.01520098
1478    H   0.00481000   -0.00762888   -0.00701080
1479    O  -0.01264213   -0.02004025   -0.00351356
1480    H   0.00701470    0.01424345    0.00574970
1481    H   0.00577053    0.00956643   -0.00424167
1482    O  -0.00237649   -0.01136754   -0.02021362
1483    H   0.00027721    0.00922658    0.00403215
1484    H   0.00037654    0.00361669    0.01131892
1485    O  -0.01278109    0.00583987    0.02353538
1486    H   0.01178066   -0.00584326   -0.01599437
1487    H   0.00369036   -0.00001032   -0.00850664
1488    O   0.02375049   -0.02341151   -0.01649764
1489    H  -0.01705998    0.01433784    0.00928346
1490    H  -0.00413389    0.00631971    0.00307607
1491    O   0.00248960   -0.00164773   -0.00434995
1492    H  -0.00751823    0.00423615    0.00242646
1493    H   0.00179046    0.00053570    0.00384144
1494    O  -0.00521447    0.02047949   -0.00368603
1495    H   0.00028309   -0.01207927    0.00207286
1496    H   0.00493084   -0.01055872    0.00584377
1497    O  -0.00600517    0.00738908   -0.00994398
1498    H   0.00858874   -0.00238249    0.00341610
1499    H  -0.00019691   -0.00692913    0.00615525
1500    O  -0.01254518    0.02701502   -0.00160898
1501    H   0.00165666   -0.01169418    0.01238752
1502    H   0.00946622   -0.01038732   -0.00495518
1503    O  -0.01705224    0.00395892   -0.00453023
1504    H   0.01321137   -0.00640790    0.00070719
1505    H   0.00466860    0.00029623    0.00358782
1506    O  -0.02263791   -0.00329442   -0.00286591
1507    H   0.01061852   -0.00145178    0.00424108
1508    H   0.00735668    0.00377006    0.00115005
1509    O   0.00986544   -0.00806820   -0.03317732
1510    H  -0.00403170   -0.00053907    0.01819464
1511    H  -0.00675712    0.00984266    0.01310488
1512    O   0.00461199    0.00369123   -0.02805254
1513    H   0.00085303    0.00001169    0.00824428
1514    H  -0.00469122   -0.00117462    0.01619262
1515    O  -0.01420965   -0.00235898   -0.00517803
1516    H   0.01366884    0.00249921    0.00447897
1517    H   0.00443252    0.00386325    0.00543013
1518    O   0.00713984   -0.01695342   -0.01096769
1519    H  -0.00233311    0.00553011    0.00169499
1520    H  -0.00628309    0.00550508    0.00907170
1521    O   0.02315400    0.02646411   -0.00574644
1522    H  -0.01940834   -0.01509695   -0.00525365
1523    H   0.00297725   -0.00264926    0.01229110
1524    O  -0.01883567   -0.01518186    0.00197565
1525    H   0.01864172    0.00301895    0.00236126
1526    H  -0.00153375    0.00985949   -0.00318533
1527    O  -0.00313190    0.01555755   -0.00479152
1528    H  -0.00274140    0.00116191    0.00376449
1529    H  -0.00320967   -0.01645987   -0.00046836
1530    O  -0.00005053   -0.00795056   -0.02438017
1531    H   0.00526494    0.00397382    0.01388907
1532    H  -0.00694871    0.00270347    0.01523519
1533    O  -0.00002168   -0.01391695   -0.02025847
1534    H  -0.00881726    0.00889098    0.00888266
1535    H   0.00769293    0.00609952    0.00842029
1536    O  -0.00585862    0.00100867    0.02409376
1537    H   0.01250894    0.00154194   -0.01748284
1538    H  -0.00339752    0.00199621   -0.00604807
1539    O   0.02252952   -0.01584217    0.02102084
1540    H  -0.01083535    0.01065474    0.00628317
1541    H  -0.00549217    0.00746470   -0.01467697
1542    O   0.01302323   -0.00163392   -0.02863080
1543    H  -0.01088989    0.00095354    0.01427765
1544    H   0.00060769    0.00519751    0.00719029
1545    O  -0.01218191   -0.01765490   -0.02176826
1546    H   0.01172297    0.01565962    0.00785974
1547    H   0.00167432    0.00576181    0.01316292
1548    O   0.00751051   -0.02635128   -0.00551583
1549    H   0.00026379    0.01870603    0.00592884
1550    H  -0.01075047    0.01131941   -0.00299197
1551    O  -0.00610777    0.02121484   -0.00740026
1552    H   0.00961389   -0.01013920    0.00895519
1553    H   0.00511954   -0.01359798    0.00108355
1554    O   0.02091109   -0.00022633   -0.00781087
1555    H  -0.01262735   -0.00746767    0.00398860
1556    H  -0.00979930    0.00784728    0.00893483
1557    O   0.00804240   -0.01784763   -0.00422029
1558    H  -0.00851282    0.00205327    0.00536548
1559    H  -0.00638850    0.01413437    0.00385926
1560    O  -0.00058837   -0.02651445    0.00427150
1561    H  -0.00306309    0.01265056   -0.00415082
1562    H   0.00556750    0.01778243    0.00247918
1563    O   0.00786420   -0.00844609   -0.03334887
1564    H  -0.00934404    0.00225959    0.00906345
1565    H  -0.00397500   -0.00019040    0.02463920
1566    O   0.02330252   -0.00813965    0.01466365
1567    H  -0.01085862    0.00619181   -0.00686900
1568    H  -0.00662867   -0.00295231   -0.00922445
1569    O  -0.01369011    0.02178930   -0.00757316
1570    H   0.00852167   -0.00695796    0.00492256
1571    H   0.00211807   -0.00866928    0.00434412
1572    O   0.00130443   -0.02197976   -0.01489800
1573    H  -0.00344235    0.00216218    0.00795201
1574    H   0.00535118    0.01616450    0.00365564
1575    O  -0.00855915    0.00366797   -0.01510556
1576    H   0.00589547    0.00012879    0.01620569
1577    H   0.00311671   -0.00378025   -0.00069701
1578    O  -0.04481642   -0.00016551    0.03178972
1579    H   0.00757650   -0.00733200   -0.00320981
1580    H   0.02301717   -0.00031923   -0.00849477
1581    O  -0.00362015   -0.01714577   -0.00412806
1582    H  -0.00428927    0.00850853    0.00431092
1583    H   0.00832698    0.01247677    0.00358923
1584    O  -0.01254790    0.00519807   -0.00793999
1585    H   0.00362735   -0.00666322    0.00754921
1586    H   0.00768349    0.00122729    0.00477962
1587    O   0.02475768   -0.00965330   -0.01490812
1588    H  -0.01157899    0.00794680    0.00076303
1589    H  -0.01727217    0.00110898    0.01409503
1590    O  -0.00205701    0.02229864    0.00559897
1591    H   0.00032789   -0.00655257   -0.00298950
1592    H   0.00131568   -0.01309110   -0.00398467
1593    O  -0.00955030   -0.00922385   -0.00671914
1594    H   0.00688868    0.00442716    0.00015246
1595    H   0.00033289    0.00523089    0.00531025
1596    O  -0.02406844    0.00078892    0.00610579
1597    H   0.01404994    0.00840220   -0.01238124
1598    H   0.01692550   -0.00656652    0.00613610
1599    O  -0.00554057   -0.01092280   -0.00822420
1600    H   0.00229730    0.00359148    0.00328269
1601    H   0.00445182    0.00946709    0.00388552
1602    O  -0.02169754   -0.02202438   -0.00259473
1603    H   0.00883532    0.00158486    0.00262937
1604    H   0.01398305    0.00857260    0.00192477
1605    O   0.00929116    0.01126610    0.01557089
1606    H  -0.01472989   -0.00110869   -0.00740843
1607    H   0.00215796   -0.01090810   -0.01381560
1608    O  -0.02874180    0.00150408    0.00058877
1609    H   0.01678127    0.00140073    0.01033480
1610    H   0.01244901    0.00191621   -0.00691789
1611    O   0.00838944   -0.02164572   -0.02944351
1612    H  -0.00441646    0.00142208    0.01107486
1613    H  -0.00599856    0.01923047    0.01603722
1614    O  -0.01466302   -0.00046903    0.03611890
1615    H   0.00611421   -0.00329396   -0.02084348
1616    H   0.01292437    0.00670809   -0.01154657
1617    O  -0.01509740    0.01340111   -0.01019431
1618    H   0.00708909   -0.00429432    0.00710264
1619    H   0.00868853   -0.00534440    0.00328688
1620    O  -0.00226399   -0.01750331    0.00310601
1621    H   0.00434692    0.00380236    0.00189041
1622    H  -0.00448872    0.01039170   -0.00511892
1623    O  -0.00730057   -0.02141444   -0.00141758
1624    H   0.01230036    0.01354694    0.00659170
1625    H   0.00088285    0.01350780   -0.00507499
1626    O   0.02651562   -0.00822536    0.00032062
1627    H  -0.00675153   -0.00930749    0.00237027
1628    H  -0.01464333    0.00894871   -0.00451532
1629    O  -0.01193261    0.02287412   -0.00983283
1630    H   0.00265909   -0.01194169    0.00754466
1631    H   0.00501646   -0.01155318   -0.00100448
1632    O   0.02314371   -0.00524897    0.00146526
1633    H  -0.01159584    0.00294561   -0.00859539
1634    H  -0.01127294    0.00226750    0.00849291
1635    O   0.01165153   -0.00393194    0.02547713
1636    H  -0.00677448    0.00865522   -0.01483602
1637    H  -0.00870570   -0.00356409   -0.01305919
1638    O   0.02646715    0.01125609    0.00220256
1639    H  -0.00830143    0.00016115   -0.00562193
1640    H  -0.01573724   -0.01199442   -0.00153916
1641    O   0.00554542   -0.00847388    0.00871024
1642    H   0.00423348    0.00485484   -0.00597759
1643    H  -0.00236960    0.00819211   -0.00475941
1644    O   0.00606715   -0.01264485   -0.01637956
1645    H   0.00170437    0.00643511    0.00558660
1646    H  -0.00823779    0.00838385    0.00897591
1647    O   0.00394544   -0.01619025   -0.01053798
1648    H  -0.00981958    0.01372158    0.00324321
1649    H   0.01134070    0.00458588    0.00697377
1650    O  -0.02897936    0.00365497    0.00987986
1651    H   0.01353624   -0.01289988   -0.00686607
1652    H   0.01604540    0.00797317   -0.00354491
1653    O  -0.02401985   -0.00960543   -0.00101424
1654    H   0.00752784   -0.00092723    0.00155412
1655    H   0.01521971    0.00958798   -0.00207132
1656    O  -0.02249441    0.00197215   -0.00462185
1657    H   0.00820775    0.00451926    0.00110394
1658    H   0.01630138    0.00007883   -0.00080728
1659    O  -0.00588412   -0.00201657   -0.01626485
1660    H   0.00607438   -0.00080122    0.01370674
1661    H   0.00009850   -0.00392888    0.01210956
1662    O   0.02483392    0.02085448   -0.02014970
1663    H  -0.01478660    0.00041251    0.00330206
1664    H  -0.00049183   -0.01631246    0.01313419
1665    O   0.03491622   -0.02782129   -0.00867524
1666    H  -0.00739104    0.01823721   -0.00588199
1667    H  -0.01741332    0.00419363    0.01370826
1668    O  -0.00032584    0.02309350   -0.01336648
1669    H   0.00690030   -0.01966485    0.00629262
1670    H  -0.00651167   -0.00559977    0.00906380
1671    O   0.00253824   -0.00312977   -0.03875582
1672    H  -0.00028580   -0.00066917    0.02072132
1673    H   0.00369004    0.00983167    0.01086538
1674    O  -0.00667142   -0.03278684    0.02093690
1675    H  -0.00434668    0.00826986   -0.01328378
1676    H   0.00303118    0.01955949   -0.00857911
1677    O  -0.00307154    0.00284544   -0.01023816
1678    H   0.00045112   -0.00272601    0.00473523
1679    H   0.00378721    0.00088126    0.00701288
1680    O  -0.01297877    0.03199454   -0.00703036
1681    H   0.00670286   -0.00444615   -0.00251846
1682    H   0.00333954   -0.02344051    0.00427408
1683    O  -0.03104968    0.01842507    0.00570409
1684    H   0.01265429   -0.02210028   -0.00844628
1685    H   0.00922020   -0.00386899    0.01229793
1686    O  -0.00900077   -0.01278749   -0.00741312
1687    H   0.00557357    0.01106457    0.00026080
1688    H   0.00371029    0.00404799    0.00909762
1689    O  -0.01200148    0.00853459    0.01171559
1690    H   0.00821680   -0.00296199   -0.00001408
1691    H   0.01059775   -0.00121937   -0.01460118
1692    O   0.01605411   -0.01164560    0.00261445
1693    H   0.00542254    0.00189567   -0.01105775
1694    H  -0.00288933    0.01647620   -0.00986929
1695    O   0.01821929    0.01448993    0.01022650
1696    H  -0.00690274   -0.00093374   -0.00442651
1697    H  -0.01550105   -0.01436948   -0.00485979
1698    O  -0.00287502   -0.00000920   -0.02126282
1699    H   0.00410301    0.00667103    0.01740971
1700    H  -0.00206007   -0.00383401    0.00700247
1701    O   0.01997212   -0.02757964   -0.03750606
1702    H  -0.00764891    0.01651896    0.01663980
1703    H  -0.00003366    0.00181339    0.00598158
1704    O   0.00043388    0.00143389    0.03354542
1705    H   0.00676970   -0.00984578   -0.02029801
1706    H  -0.00650265    0.00632048   -0.01915775
1707    O   0.01243043   -0.01884903    0.01275795
1708    H  -0.00561026    0.00414738   -0.00487417
1709    H  -0.00563235    0.01119257   -0.00820478
1710    O  -0.00919450    0.01623318   -0.02700921
1711    H   0.00743556   -0.01110892    0.00949872
1712    H   0.00092954   -0.00410781    0.01392992
1713    O   0.00545008   -0.02391529    0.03611794
1714    H  -0.00842527    0.00725494   -0.01422674
1715    H   0.00052152    0.01179954   -0.01818666
1716    O   0.00420557    0.01924711   -0.01702985
1717    H   0.00486650   -0.00639327    0.00962196
1718    H  -0.00904943   -0.01372523    0.00757640
1719    O  -0.00047433    0.00800220    0.01384464
1720    H  -0.00298841   -0.00717257   -0.00931738
1721    H   0.00309609   -0.00162996   -0.00504905
1722    O   0.00198302    0.00587073    0.02960450
1723    H  -0.00808287   -0.00959233   -0.01034822
1724    H   0.00487225   -0.00788460   -0.01941530
1725    O  -0.00135879   -0.00299534   -0.02810722
1726    H  -0.00352803    0.00735275    0.01813538
1727    H   0.00034823   -0.00773468    0.01916481
1728    O  -0.01590633    0.01846791    0.00270713
1729    H   0.00650275   -0.01340692   -0.00551713
1730    H   0.01208631   -0.00106083    0.00739166
1731    O  -0.01421095   -0.00820064    0.01929309
1732    H   0.00024116    0.00801553   -0.01133175
1733    H   0.01105937    0.00214472   -0.01191248
1734    O  -0.03383497    0.00664574   -0.01340535
1735    H   0.01065622   -0.00023459   -0.00096591
1736    H   0.01844583   -0.00919159    0.00918692
1737    O   0.00295802    0.03362505    0.00413899
1738    H   0.00176195   -0.01648255   -0.01436077
1739    H  -0.00101353   -0.01259093    0.01159488
1740    O   0.01163296    0.00001784   -0.02168668
1741    H  -0.00223448    0.00402772    0.01187736
1742    H  -0.00279884   -0.00097043    0.00842967
1743    O  -0.02711676    0.00542704   -0.01294369
1744    H   0.01147478    0.00781728    0.00594250
1745    H   0.01024017   -0.01410517    0.00545691
1746    O  -0.01849171   -0.02234159   -0.01056338
1747    H   0.01302897    0.01174785    0.00413029
1748    H   0.00117534    0.00699072    0.01041749
1749    O   0.02924807    0.00592443   -0.01579556
1750    H  -0.01765725   -0.00072407    0.00477802
1751    H  -0.00596985   -0.00591194    0.01402812
1752    O   0.03408841    0.01318996    0.01638844
1753    H  -0.01976273   -0.00963665   -0.01613164
1754    H  -0.01273340   -0.00145272    0.00282387
1755    O  -0.01353225    0.01274478    0.02048532
1756    H   0.00617816   -0.01184654   -0.01197825
1757    H   0.00879852    0.00866877   -0.01443701
1758    O   0.01114520   -0.00339913   -0.02320688
1759    H  -0.00712487    0.00189019    0.01120850
1760    H  -0.00567400    0.00121557    0.00551387
1761    O  -0.00639939    0.02338522   -0.00093672
1762    H   0.00479470   -0.01568653   -0.00236165
1763    H  -0.00297708   -0.00729594    0.00566563
1764    O   0.02116101    0.00920054   -0.00138060
1765    H  -0.01934966   -0.00605287    0.00030498
1766    H  -0.00579568   -0.00233747    0.00157940
1767    O  -0.00276848    0.01878992    0.00704404
1768    H   0.00221685   -0.00401581   -0.00392629
1769    H  -0.00184730   -0.01309707   -0.00404557
1770    O   0.00573334   -0.01750515    0.00772673
1771    H  -0.00420083    0.01399470   -0.00607511
1772    H  -0.00690266    0.00369945   -0.00041011
1773    O  -0.00102927    0.01274124   -0.00605715
1774    H   0.00430920   -0.00620913    0.00098674
1775    H  -0.00531397   -0.00682810    0.00124604
1776    O  -0.02086847   -0.00057322   -0.02040885
1777    H   0.01205160   -0.00272610    0.01060673
1778    H   0.01097969    0.00898812    0.01137290
1779    O   0.01568570   -0.02798046    0.00073388
1780    H  -0.01433238    0.00978373    0.00079722
1781    H   0.00294625    0.01224916    0.00083518
1782    O  -0.02863367    0.00787235    0.01700380
1783    H   0.01772425   -0.00164251   -0.01153212
1784    H   0.00237673   -0.00661860   -0.00439807
1785    O  -0.00288577   -0.00134469    0.01221867
1786    H   0.00267627    0.00157049   -0.00560616
1787    H   0.00028859    0.00263232   -0.00442284
1788    O   0.01353034   -0.02483837   -0.01976322
1789    H  -0.01010764    0.01072533    0.01932209
1790    H   0.00569055    0.01621308   -0.00431394
1791    O   0.01781754    0.00116342    0.02841174
1792    H   0.00445850   -0.00910945   -0.01527635
1793    H  -0.01674130    0.00213082   -0.01455193
1794    O  -0.00261424   -0.02136452    0.04445537
1795    H   0.00689181    0.01294381   -0.02435597
1796    H  -0.01506199    0.00352205   -0.01787966
1797    O   0.01352834   -0.02289637    0.00000657
1798    H   0.00255986    0.01069071   -0.00102780
1799    H  -0.01339717    0.01097178   -0.00296560
1800    O   0.01846944    0.02407489    0.01481006
1801    H  -0.01391792    0.00034679   -0.00307586
1802    H  -0.00855127   -0.01728353   -0.00764326
1803    O   0.00343648    0.01434693    0.01664240
1804    H   0.00034413   -0.00443844   -0.01231594
1805    H  -0.00427112   -0.00891681   -0.00253516
1806    O  -0.01687611    0.01445201    0.02178260
1807    H  -0.00171237   -0.00499338   -0.00853962
1808    H   0.01322998   -0.01337230   -0.01006634
1809    O   0.01363399    0.01199074   -0.00175938
1810    H  -0.00308372   -0.02449290    0.00027855
1811    H   0.00321601   -0.00538662    0.00228655
1812    O   0.00863212   -0.00485745   -0.00844946
1813    H  -0.00294547    0.00384986    0.00710463
1814    H  -0.00507364   -0.00045704    0.00436963
1815    O  -0.00518693   -0.00636614   -0.01772441
1816    H   0.01014083    0.00528726    0.00908974
1817    H  -0.00012640    0.00196492    0.01380765
1818    O  -0.00494641    0.01056696   -0.02578869
1819    H   0.00942531   -0.01335515    0.00839713
1820    H  -0.00770155    0.00322307    0.01466471
1821    O   0.00289287    0.01578888    0.02499540
1822    H   0.00111501   -0.00754032   -0.00899825
1823    H  -0.00752267   -0.00737811   -0.01333555
1824    O   0.00829232   -0.02003183    0.00448281
1825    H  -0.00355271    0.01409569    0.00046336
1826    H  -0.00388896    0.00875880   -0.01016972
1827    O   0.00661112    0.00920277    0.02386458
1828    H  -0.00073325   -0.00676360   -0.01776124
1829    H  -0.00771437    0.00100380   -0.00505204
1830    O   0.01330557    0.01544205   -0.02072512
1831    H  -0.00611861   -0.00902626    0.00288989
1832    H  -0.00570106   -0.00724203    0.00810532
1833    O   0.01505370   -0.03093844   -0.01196017
1834    H   0.00714034    0.01488526    0.00396892
1835    H  -0.01279374    0.01362666    0.00543334
1836    O   0.00501804   -0.01322026   -0.02655066
1837    H   0.00331008    0.01342138    0.01108108
1838    H  -0.00981848    0.00187833    0.01521345
1839    O   0.01162374   -0.01992282   -0.01837406
1840    H  -0.00411931    0.01098602    0.01297963
1841    H   0.00081314    0.00820047    0.00418268
1842    O   0.02143013   -0.00819607   -0.00563697
1843    H  -0.01034327    0.01048717    0.00606567
1844    H  -0.00730084   -0.00085152   -0.00154495
1845    O  -0.00980459   -0.00640239   -0.00090325
1846    H   0.00788109    0.00748890   -0.00120508
1847    H   0.01058234    0.00371436    0.00539809
1848    O  -0.01315807    0.01115160   -0.01572437
1849    H   0.00801495   -0.01197463    0.00589359
1850    H   0.00789791    0.00405567    0.00353201
1851    O   0.03163194   -0.03780413    0.01034763
1852    H  -0.01652694    0.01380395   -0.00870633
1853    H   0.00036166    0.01842158   -0.00118427
1854    O   0.00530725    0.00102508   -0.00579746
1855    H  -0.00869417    0.00291331    0.00435428
1856    H  -0.00390776   -0.00385066    0.01783075
1857    O  -0.00599023   -0.02127884    0.02062485
1858    H  -0.00044986    0.00956125   -0.01299541
1859    H   0.00622295    0.00305648   -0.00126561
1860    O   0.01110133    0.01356123    0.00687378
1861    H  -0.01115996   -0.01693784   -0.00213645
1862    H  -0.00588691   -0.00318010   -0.00740886
1863    O   0.01127114   -0.01770513    0.00890704
1864    H   0.00420668    0.01072520   -0.01168210
1865    H  -0.01674342   -0.00067343   -0.00594168
1866    O   0.00465520    0.01365136    0.02534576
1867    H  -0.00536387   -0.00558689   -0.01392376
1868    H   0.00007215   -0.00735888   -0.00709434
1869    O  -0.03985941    0.00025829   -0.00440270
1870    H   0.02283078   -0.00189517   -0.00373047
1871    H   0.00616029    0.00211214    0.01495132
1872    O   0.02017398    0.01063342   -0.02031151
1873    H  -0.00271479   -0.01289662    0.00940956
1874    H  -0.01880047   -0.00133031    0.01099821
1875    O   0.00890146   -0.00678230    0.00285801
1876    H  -0.00876657    0.00846721    0.00424215
1877    H  -0.00822160    0.00250254    0.00225745
1878    O  -0.00303596    0.01769372    0.00413028
1879    H   0.00231652   -0.00927087   -0.00257323
1880    H   0.00144546   -0.00518099   -0.00101444
1881    O   0.02629422    0.00038861    0.01425545
1882    H  -0.01325538    0.00464133   -0.01237367
1883    H  -0.01550274   -0.00519643   -0.00799263
1884    O  -0.00652638   -0.01196977   -0.01567546
1885    H   0.00303621    0.00296789    0.01033894
1886    H   0.00293161    0.00458720    0.00514436
1887    O   0.00430403    0.01168616   -0.01462925
1888    H   0.00231261   -0.00220773    0.01307442
1889    H  -0.00636899   -0.01254961   -0.00449277
1890    O  -0.00813736   -0.01993736    0.03165361
1891    H   0.00110621    0.00266507   -0.01935063
1892    H   0.00420867    0.01804211    0.00119168
1893    O  -0.01219827    0.02071134    0.00102708
1894    H   0.00313544   -0.01835378   -0.00430869
1895    H   0.00659823   -0.00794270    0.01080116
1896    O   0.02048999   -0.01032505    0.01460421
1897    H  -0.01417019    0.00442252   -0.00330214
1898    H  -0.00386835    0.00428060   -0.01574073
1899    O   0.00997842   -0.00453677   -0.01833581
1900    H  -0.00854267    0.00859942    0.00901153
1901    H   0.00095148   -0.00435339    0.01169287
1902    O   0.00723823    0.01570496   -0.00177177
1903    H   0.00175437   -0.00788446    0.00388043
1904    H  -0.01036023   -0.00786074   -0.00539384
1905    O   0.00261787    0.02007566    0.00297694
1906    H  -0.00710972   -0.00648477   -0.00615139
1907    H   0.00121861   -0.01121005    0.00045541
1908    O  -0.00070138   -0.00132151   -0.01026140
1909    H  -0.00634425   -0.00279920    0.00645137
1910    H   0.00460341   -0.00001140    0.00559043
1911    O   0.03332468   -0.01375362   -0.02382644
1912    H  -0.01432333   -0.00082633    0.02086901
1913    H  -0.01851842    0.00827667    0.00395754
1914    O   0.00623487    0.00267459   -0.02635314
1915    H  -0.01012775   -0.00620065    0.01318615
1916    H   0.00499166    0.00870893    0.01075164
1917    O  -0.00982608   -0.00088092    0.01130988
1918    H   0.00935784    0.00341876   -0.00045569
1919    H  -0.00006102    0.00395750   -0.00898842
1920    O   0.01613664    0.02090240   -0.02528267
1921    H   0.00089147    0.00037607    0.01558434
1922    H  -0.01013789   -0.01044418    0.01545333
1923    O   0.00886629   -0.03130042    0.01170850
1924    H  -0.00096361    0.01164158   -0.00922766
1925    H  -0.00721922    0.01876697    0.00109681
1926    O  -0.00095135   -0.02225869   -0.00460909
1927    H   0.00143833    0.00497672    0.00379280
1928    H   0.00450772    0.01744674    0.00580986
1929    O   0.04465950    0.03621434    0.00408837
1930    H  -0.00734235   -0.01745297   -0.01013002
1931    H  -0.02571113   -0.01774370    0.00116100
1932    O   0.01086925   -0.00767696   -0.01900492
1933    H  -0.00041132    0.00340290    0.01508693
1934    H  -0.00977374    0.00405446    0.00169539
1935    O   0.00275700   -0.01504535   -0.00689684
1936    H  -0.00306150    0.00676990   -0.00251491
1937    H   0.00070180    0.00524923    0.00991421
1938    O  -0.00039239    0.02206106    0.00765059
1939    H   0.00152983   -0.01123232   -0.00107563
1940    H   0.00045386   -0.00961253   -0.00557731
1941    O  -0.00723119   -0.00040993    0.01093850
1942    H   0.00465307    0.00252356   -0.00319406
1943    H   0.00264758    0.00100008   -0.00726497
1944    O  -0.00187260   -0.01311379    0.02222478
1945    H  -0.00164427    0.01774811   -0.00345057
1946    H   0.00770185   -0.00260612   -0.01471633
1947    O  -0.00662720   -0.00130917    0.02496449
1948    H  -0.00084304    0.00795307   -0.01578215
1949    H   0.00814975   -0.00147811   -0.01265200
1950    O   0.03365137   -0.00429018   -0.00519710
1951    H  -0.00425045    0.00064829   -0.00705205
1952    H  -0.01806632    0.00379327    0.00832192
1953    O   0.02394556    0.01496438   -0.01381583
1954    H  -0.01753418   -0.00296562    0.01027987
1955    H  -0.00553406   -0.01468916   -0.00125306
1956    O  -0.02133682   -0.00830477   -0.01348162
1957    H   0.00457586   -0.00014785    0.00589144
1958    H   0.01684666    0.00765410    0.00640780
1959    O   0.00033140    0.00834516   -0.02387794
1960    H  -0.00146713    0.00175880    0.01514966
1961    H   0.00188713   -0.00741987    0.00694698
1962    O  -0.00467156    0.01865745   -0.00621883
1963    H   0.00188781   -0.01228219    0.00587283
1964    H  -0.00258807   -0.00638980    0.00179445
1965    O  -0.00852469    0.02721868   -0.01100074
1966    H   0.00610458   -0.01802458    0.01012398
1967    H  -0.00294452   -0.01214776    0.00337518
1968    O  -0.02240809   -0.02019181    0.00238184
1969    H   0.01574308    0.00335720   -0.00251139
1970    H   0.00483014    0.01661973    0.00228110
1971    O  -0.00176442   -0.01528258   -0.00306471
1972    H   0.00301914    0.01126664    0.00016349
1973    H  -0.00290898    0.00591784    0.00403648
1974    O   0.01719601   -0.01923681    0.00432888
1975    H  -0.00786841    0.01582323   -0.00325237
1976    H  -0.01233759    0.00693007    0.00590754
1977    O   0.00162166    0.00278413   -0.02190739
1978    H   0.00024922   -0.00608042    0.00800756
1979    H   0.00233814   -0.00032120    0.00676699
1980    O  -0.00966505   -0.02534168   -0.00397528
1981    H   0.00809863    0.01031552   -0.00597221
1982    H   0.00164089    0.01649261    0.00428208
1983    O   0.00152442   -0.01477594    0.01043639
1984    H   0.00319809    0.00461232   -0.00832323
1985    H   0.00544922    0.00892054   -0.00344214
1986    O   0.00891718   -0.03103577    0.00227266
1987    H   0.00055175    0.01827130    0.00037904
1988    H  -0.00974624    0.01599692   -0.00494353
1989    O   0.01463612   -0.00913287   -0.01441501
1990    H  -0.00482265    0.00419852    0.01142254
1991    H  -0.00996980    0.00143677    0.00110729
1992    O   0.00214062   -0.00681864   -0.03073930
1993    H   0.00018816    0.00894726    0.01186699
1994    H  -0.00053319   -0.00610863    0.00889304
1995    O   0.01298578    0.01103260   -0.00736566
1996    H  -0.00527329   -0.01086230   -0.00019529
1997    H  -0.00854052   -0.00159777    0.00344693
1998    O   0.00505182   -0.03050455   -0.01767859
1999    H  -0.00566216    0.00887159    0.01905858
2000    H   0.00490879    0.01788510   -0.00319387
2001    O  -0.02168429   -0.00611247   -0.00620571
2002    H   0.01817012   -0.00164017    0.00010673
2003    H   0.00527604    0.00595580    0.00545188
2004    O   0.00436575   -0.01460001    0.03023933
2005    H  -0.00458605    0.00707306   -0.00458336
2006    H   0.00020006    0.00920559   -0.01770581
2007    O  -0.03845035   -0.03350227    0.00994075
2008    H   0.01128336    0.01120036    0.00627122
2009    H   0.01637162    0.01574101   -0.00953861
2010    O   0.01078919    0.00215804    0.02315660
2011    H  -0.00496481    0.00104132   -0.01286872
2012    H   0.00152533   -0.00216094   -0.00973093
2013    O   0.01290259   -0.01848865    0.00211426
2014    H   0.00124248    0.01124883   -0.00264265
2015    H  -0.01394750    0.00422036    0.00243580
2016    O   0.01227168    0.03375394   -0.00605043
2017    H   0.00002628   -0.00690440   -0.00368076
2018    H  -0.01155580   -0.01811131    0.00537531
2019    O   0.04152637    0.00948348   -0.01991262
2020    H  -0.02007223   -0.01189468    0.00826772
2021    H  -0.01989163    0.00759359    0.00278500
2022    O   0.03009704    0.02157982    0.00385105
2023    H  -0.01629176   -0.01485170   -0.00274226
2024    H  -0.00947363   -0.00083666   -0.00773215
2025    O  -0.02233341    0.01876306   -0.00869263
2026    H   0.00496496   -0.00468353   -0.00213939
2027    H   0.01276020   -0.01191420    0.00474507
2028    O  -0.02315263   -0.00447481    0.00397458
2029    H   0.01310673    0.00232881   -0.00408643
2030    H   0.00858243   -0.00158942    0.00076845
2031    O   0.03154182   -0.00921662   -0.00560912
2032    H  -0.01616531    0.01053886   -0.00096282
2033    H  -0.01578959    0.00405725    0.00683337
2034    O   0.03041339   -0.00210872    0.01845526
2035    H  -0.02051843    0.00319352   -0.00680101
2036    H  -0.00191635   -0.00467389   -0.01271381
2037    O   0.00930240   -0.00056800    0.01710145
2038    H  -0.00147599    0.00150747   -0.00752053
2039    H  -0.00912829   -0.00891975   -0.00745596
2040    O   0.01913501   -0.00430026   -0.00790844
2041    H  -0.00569555    0.00955182    0.00223933
2042    H  -0.01166457    0.00084016    0.00201698
2043    O  -0.01149369   -0.01862897    0.01662887
2044    H   0.01118528    0.01218940   -0.01614049
2045    H   0.00507829    0.00256019   -0.00589339
2046    O   0.00799361    0.00058491    0.03555810
2047    H   0.01082586   -0.00361347   -0.01574295
2048    H  -0.01442061   -0.00139883   -0.01571488
2049    O  -0.01504564   -0.01593903    0.00227416
2050    H   0.00146005    0.01217533   -0.00056232
2051    H   0.01224556    0.00362889   -0.00651027
2052    O   0.00501752   -0.02762986   -0.00843811
2053    H  -0.00708820    0.00564438    0.00172545
2054    H  -0.00112833    0.02141196    0.00767187
2055    O  -0.01404113    0.02285373    0.00507074
2056    H   0.01322051   -0.00518026   -0.00798974
2057    H   0.00278925   -0.01212069    0.00641906
2058    O   0.00066311   -0.02095881   -0.00310543
2059    H   0.00289773    0.00601773    0.00327619
2060    H  -0.00263298    0.01614465   -0.00221500
2061    O   0.03186517   -0.00240370    0.00534801
2062    H  -0.01318725   -0.01106111   -0.00857494
2063    H  -0.02130210    0.00736680   -0.00271901
2064    O  -0.00908842    0.01025103   -0.01000558
2065    H   0.00201838   -0.00756072    0.00115699
2066    H   0.00762238   -0.00435903    0.00477064
2067    O   0.01004362   -0.02513961   -0.00713855
2068    H  -0.00310109    0.01453319   -0.00270851
2069    H  -0.00367583    0.01504647    0.00850680
2070    O  -0.01138789   -0.02661647   -0.01784125
2071    H   0.00926706    0.01719034    0.00777894
2072    H   0.00020024    0.00671175    0.00694817
2073    O   0.00629520   -0.01489172    0.02229586
2074    H   0.00191412    0.01724224   -0.01113411
2075    H  -0.00667232    0.00308102   -0.01894882
2076    O  -0.00366660   -0.02513266    0.00739779
2077    H  -0.00396855    0.01456140   -0.00443039
2078    H   0.00715170    0.01700929   -0.00590025
2079    O  -0.00319893    0.02020335   -0.02531156
2080    H   0.00367601   -0.00359482    0.01560108
2081    H  -0.00348290   -0.01499712    0.01363750
2082    O  -0.02136218    0.01445113    0.01062225
2083    H   0.01219164   -0.01200901   -0.00841529
2084    H   0.00842006   -0.00465192   -0.00467134
2085    O   0.01229947    0.01817541    0.01128559
2086    H  -0.00708187   -0.00760518   -0.00925087
2087    H  -0.00439780   -0.00705214   -0.00133534
2088    O   0.02273884    0.00760593   -0.01485800
2089    H  -0.00992953   -0.00946385    0.00768241
2090    H  -0.01135622    0.00309340    0.00695657
2091    O   0.00710637    0.02448296   -0.00498472
2092    H  -0.00750431   -0.00868275    0.00480129
2093    H  -0.00019926   -0.00890543    0.00121885
2094    O   0.02229245    0.00830040    0.00202090
2095    H  -0.01398908   -0.00919231   -0.00474396
2096    H  -0.00335700   -0.00496365    0.00335796
2097    O   0.00505802    0.01769336    0.02884694
2098    H   0.00303685   -0.00309186   -0.01057834
2099    H  -0.00088795   -0.01250561   -0.01876372
2100    O   0.02129594    0.01349705   -0.03659686
2101    H  -0.00951312   -0.00120051    0.02079029
2102    H  -0.00276105   -0.01729290    0.00541980
2103    O  -0.01560567    0.00597836    0.01215750
2104    H   0.00276505    0.00680626   -0.01478104
2105    H   0.00965819   -0.00997951   -0.01104328
2106    O   0.01535504    0.00374819   -0.00497851
2107    H  -0.00964056    0.00213262   -0.00060308
2108    H  -0.00037542   -0.00899138    0.00822450
2109    O  -0.02356139   -0.01064958    0.02040865
2110    H   0.02201911   -0.00117773   -0.01914026
2111    H   0.01175187    0.00298436   -0.00218499
2112    O   0.02390770   -0.00788513    0.00043146
2113    H  -0.01002692    0.00681539    0.00457434
2114    H  -0.00952336   -0.00125866   -0.00485430
2115    O   0.00730929    0.02573532   -0.00255974
2116    H  -0.00845968   -0.01196124    0.00388864
2117    H   0.00124633   -0.01174187   -0.00516075
2118    O  -0.01439195    0.01491031   -0.00589089
2119    H   0.00473269   -0.00945491   -0.00012176
2120    H   0.01280587   -0.00705413    0.00249652
2121    O   0.02745320    0.01760373   -0.00228455
2122    H  -0.01353128   -0.00890161    0.00581634
2123    H  -0.00893128   -0.00148931   -0.00515476
2124    O   0.02105513   -0.00294555   -0.01344853
2125    H  -0.01578036    0.00113363    0.01170314
2126    H  -0.01021679    0.00415097    0.00204365
2127    O  -0.00049999    0.02012389   -0.00089760
2128    H  -0.00267539   -0.00992197    0.00773395
2129    H   0.00004988   -0.00723656   -0.00632652
2130    O   0.00267047   -0.00437803    0.01287741
2131    H  -0.00768486   -0.00186027   -0.00360517
2132    H  -0.00040828    0.00106613   -0.00709294
2133    O  -0.00517015    0.01357986   -0.01148545
2134    H   0.00422982   -0.00940901    0.00297912
2135    H   0.00395483   -0.00321422    0.00441485
2136    O  -0.00930713   -0.00327675    0.01659999
2137    H   0.00499018   -0.00850047   -0.00575548
2138    H   0.00091204    0.00316812   -0.00416254
2139    O  -0.00025463    0.01199035    0.00285532
2140    H  -0.00086675   -0.00169933   -0.00947266
2141    H   0.00639654   -0.01266580   -0.00986665
2142    O   0.02300068   -0.02445367    0.00340439
2143    H   0.00438932    0.00695117   -0.00226202
2144    H  -0.01885901    0.01121778   -0.00243253
2145    O   0.01799572   -0.00515018    0.01749769
2146    H  -0.01230233    0.00804183   -0.00665709
2147    H  -0.00257463    0.00077790   -0.01278892
2148    O  -0.00915072   -0.02077686   -0.00419340
2149    H   0.01148191    0.00707872    0.00188798
2150    H  -0.00254308    0.01261839    0.00673247
2151    O  -0.01045555    0.01171206   -0.02780148
2152    H  -0.00403021   -0.00741767    0.01100613
2153    H   0.01407096   -0.00544562    0.02030382
2154    O   0.00257188    0.00636710   -0.02037249
2155    H   0.00085909   -0.00702256    0.01048863
2156    H   0.00054371   -0.00093308    0.00908406
2157    O   0.03300900    0.01995092   -0.00252916
2158    H  -0.00336602   -0.01744185   -0.00553436
2159    H  -0.01893340   -0.00465928    0.00751945
2160    O  -0.00622432    0.01213991   -0.00760107
2161    H  -0.00159800   -0.00293064    0.00572463
2162    H   0.00742472   -0.00586119    0.00258301
2163    O   0.00788535    0.03309169   -0.01524852
2164    H  -0.00589306   -0.02057291    0.00344599
2165    H   0.00051911   -0.00504431    0.01241854
2166    O  -0.01088255    0.00253594   -0.02120142
2167    H   0.01030872    0.00394113    0.00498957
2168    H   0.00095474   -0.00167948    0.01358304
2169    O   0.00228750    0.02385078   -0.00613945
2170    H  -0.00574796   -0.00844896   -0.00630331
2171    H  -0.00505347   -0.01652174    0.00449476
2172    O  -0.00636152    0.00177258    0.01961127
2173    H   0.00950937    0.00542722   -0.01033763
2174    H  -0.00139693   -0.00597553   -0.01585488
2175    O  -0.01987078    0.01057354   -0.01418059
2176    H   0.00719310    0.00365010    0.00865222
2177    H   0.01304549   -0.01036304    0.00333605
2178    O   0.01177163    0.01339673   -0.00576709
2179    H  -0.01252062   -0.00615397   -0.00121403
2180    H   0.00387549   -0.00847229    0.00418071
2181    O  -0.01568623    0.00281922    0.00364698
2182    H   0.01335138   -0.00538575    0.00150430
2183    H   0.01036298   -0.00086498   -0.00118233
2184    O   0.00916939    0.03138219    0.00462782
2185    H  -0.00474512   -0.00787297   -0.00190551
2186    H  -0.00509490   -0.01370629   -0.00263049
2187    O   0.01018747    0.00871566   -0.02106350
2188    H  -0.00228491   -0.00556748    0.00187337
2189    H  -0.01008737   -0.00467468    0.01270734
2190    O   0.00632250    0.01946806    0.02187932
2191    H   0.00542488   -0.01331344   -0.00254546
2192    H  -0.00280920   -0.00702220   -0.01526459
2193    O  -0.01687474   -0.00990846   -0.01084118
2194    H   0.00457883    0.00217843    0.00371156
2195    H   0.00750896    0.00874229    0.00875594
2196    O  -0.03481881    0.02512407   -0.00610774
2197    H   0.00247201   -0.00873049    0.00846007
2198    H   0.02075664   -0.01637590    0.00089540
2199    O   0.00423569   -0.01420834   -0.01516160
2200    H  -0.01092055    0.00725767    0.00871576
2201    H   0.00457164    0.00566126    0.00732429
2202    O  -0.00769638    0.04402536    0.04180375
2203    H   0.00653929   -0.02229495   -0.00954205
2204    H  -0.00616698   -0.01232253   -0.02179055
2205    O   0.01394045    0.00137020   -0.01080279
2206    H  -0.00806141   -0.00449808    0.00878305
2207    H  -0.00558805    0.00224078    0.00032087
2208    O   0.03178046   -0.00216359    0.02104645
2209    H  -0.00928690    0.00611997    0.00210724
2210    H  -0.01250149   -0.00246673   -0.01275143
2211    O  -0.01231930    0.01969057    0.01131084
2212    H  -0.00028747   -0.01863394   -0.00637867
2213    H   0.00320217   -0.00021089   -0.01051113
2214    O  -0.01469645    0.00328520    0.02166115
2215    H   0.00830499   -0.00306591    0.00034424
2216    H   0.00504639   -0.00022735   -0.01441837
2217    O  -0.00573437    0.00158218   -0.01367491
2218    H  -0.00161249    0.00266831    0.01220724
2219    H   0.00580836    0.00160126    0.01269880
2220    O  -0.02037737   -0.01529051    0.00929450
2221    H   0.00965181   -0.00163547   -0.00901958
2222    H   0.00782634    0.01362102   -0.00253788
2223    O   0.01080903    0.01329089    0.00091506
2224    H   0.00238631   -0.00985775   -0.00734387
2225    H  -0.00821741   -0.01311861    0.00844420
2226    O   0.01857486   -0.00563666   -0.02140463
2227    H  -0.00640318    0.00677379    0.01594494
2228    H  -0.01634555    0.00730694    0.00205252
2229    O   0.00796588    0.00425907    0.00624519
2230    H  -0.00053660   -0.00287062   -0.00823530
2231    H  -0.00438311   -0.00872957   -0.00672716
2232    O  -0.00990621   -0.02105270   -0.01971807
2233    H   0.00566738    0.01020768    0.00505288
2234    H   0.00538501    0.00718892    0.01042511
2235    O   0.00422595   -0.01160400   -0.01099544
2236    H  -0.00174733    0.00621230    0.00439115
2237    H   0.00146424    0.00727058    0.01006421
2238    O  -0.01558924   -0.02317948    0.00757459
2239    H   0.00816532    0.00290930   -0.00195766
2240    H   0.00588679    0.01711706   -0.00742183
2241    O   0.00464570    0.03181905   -0.00605097
2242    H   0.00108942   -0.00955936    0.00963408
2243    H  -0.00683364   -0.01652249   -0.00255108
2244    O  -0.01314299   -0.00957127   -0.01558516
2245    H   0.01085428    0.00379545    0.00647967
2246    H   0.00079603    0.00077050    0.00904946
2247    O   0.00876738   -0.01480473   -0.01255930
2248    H  -0.00564656    0.01114991    0.00388120
2249    H   0.00219795    0.00429209    0.00657688
2250    O  -0.00663368   -0.00636129    0.01705251
2251    H   0.00758096    0.00258855   -0.00979994
2252    H  -0.00164822    0.00443794   -0.00341711
2253    O   0.02005507   -0.02320578    0.01117618
2254    H  -0.00300342    0.01087456   -0.00513065
2255    H  -0.01520531    0.00748294   -0.00860449
2256    O   0.00503051   -0.01378156   -0.01525656
2257    H  -0.00019265    0.00246521    0.01220743
2258    H  -0.00273775    0.00607703    0.00701233
2259    O   0.00700372    0.01833918   -0.00947886
2260    H  -0.00430401   -0.00399039    0.00973028
2261    H  -0.00304940   -0.01712505    0.00774319
2262    O   0.01737179   -0.01736366   -0.00101848
2263    H  -0.00702365    0.00763571    0.00002077
2264    H  -0.01407732    0.00905710   -0.00090992
2265    O   0.00164548    0.02334256   -0.01076642
2266    H  -0.00228674   -0.00974604    0.01077853
2267    H  -0.00020317   -0.01206056   -0.00296457
2268    O  -0.00151949   -0.01974654   -0.03489238
2269    H   0.00237681    0.01945770    0.01793200
2270    H  -0.01007728    0.00207652    0.01262999
2271    O  -0.02192023    0.01364094   -0.01633164
2272    H   0.01479309    0.00190531    0.01025499
2273    H   0.00391920   -0.01447869    0.00993235
2274    O   0.03166524    0.00470495   -0.01772139
2275    H  -0.01468944   -0.00368230    0.00669899
2276    H  -0.01676506    0.00232005    0.01357708
2277    O  -0.01414582   -0.01510406   -0.00481057
2278    H   0.00694110    0.01088252    0.00893663
2279    H   0.01241749    0.00617406    0.00233392
2280    O   0.00854675   -0.00847515   -0.00276354
2281    H   0.00026543    0.00366658    0.00096163
2282    H  -0.01232970    0.00447599    0.00498944
2283    O  -0.00843961    0.02148131   -0.02836583
2284    H  -0.00054181   -0.01846689    0.01312056
2285    H   0.00950615    0.00005023    0.01135635
2286    O   0.01229753   -0.01295675   -0.00439490
2287    H  -0.00026997    0.00810595    0.00341352
2288    H  -0.00737518    0.00116553    0.00124902
2289    O  -0.02574006   -0.00561182   -0.00649162
2290    H   0.01751887   -0.00076985    0.00228319
2291    H   0.01081048    0.00707013    0.00986772
2292    O  -0.01716977   -0.00975764   -0.01421291
2293    H   0.01395120    0.00343169    0.00219667
2294    H   0.00287649    0.00766633    0.01259285
2295    O  -0.00438788    0.02165232   -0.02365191
2296    H   0.01174357   -0.00682201    0.00870758
2297    H  -0.00316515   -0.01344295    0.01528425
2298    O   0.00491801    0.02779589    0.01314537
2299    H   0.00220281   -0.01261185   -0.00129520
2300    H  -0.00443071   -0.01615885   -0.01055014
2301    O   0.01635471   -0.02754876   -0.00049270
2302    H   0.00576824    0.01163217    0.00216028
2303    H  -0.01131087    0.01301581   -0.00375227
2304    O  -0.01766496   -0.01957711   -0.01633822
2305    H  -0.00171885    0.01379859    0.00511683
2306    H   0.01552482    0.00639485    0.00975425
2307    O   0.00936138   -0.01463902   -0.01876114
2308    H  -0.01019893    0.01225772    0.01004313
2309    H   0.00090186    0.00612075    0.01064031
2310    O   0.00968910   -0.00603444   -0.02286153
2311    H  -0.00050114    0.00911328    0.01495189
2312    H  -0.00831902   -0.00371528    0.00594192
2313    O  -0.01351949   -0.01476948    0.00372643
2314    H   0.00662113    0.00601850   -0.00608783
2315    H   0.00957672    0.01020882    0.00180120
2316    O  -0.01165737    0.00488274   -0.03382018
2317    H   0.00411445    0.00989143    0.01304847
2318    H   0.00952075   -0.01461490    0.01494954
2319    O  -0.02142759   -0.01820818    0.00991281
2320    H   0.01047400    0.00274498   -0.00179719
2321    H   0.01245152    0.01436928   -0.00751314
2322    O  -0.00941933    0.01270717   -0.01981083
2323    H   0.00935255   -0.00783652    0.00790149
2324    H   0.00036750   -0.00955713    0.00740388
2325    O   0.02036584    0.01248197    0.00968555
2326    H  -0.00397090   -0.00209154   -0.00720777
2327    H  -0.01664036   -0.00464100   -0.00290054
2328    O  -0.00088811    0.02026311    0.01791742
2329    H   0.00893981   -0.00619967   -0.01085408
2330    H  -0.00550617   -0.01089793   -0.00857112
2331    O  -0.01114328   -0.00979528    0.02502473
2332    H   0.01352710    0.00063013   -0.00869085
2333    H  -0.00459951    0.00405615   -0.01721557
2334    O  -0.00072742   -0.01155700   -0.00030451
2335    H  -0.00382288    0.00567898   -0.00134693
2336    H   0.00051712    0.00766291   -0.00112020
2337    O   0.00459692   -0.02277235    0.00905851
2338    H  -0.00128788    0.01420777    0.00212308
2339    H  -0.00130871    0.00290965   -0.01170721
2340    O   0.00904425   -0.02084858   -0.02906945
2341    H  -0.00982807    0.00783555    0.01688787
2342    H  -0.00004845    0.01801660    0.01509456
2343    O   0.03098080    0.01031696   -0.00187311
2344    H  -0.01706578   -0.00274189   -0.00134530
2345    H  -0.00001031   -0.00735097    0.00536987
2346    O   0.02229041    0.00254867   -0.00741195
2347    H  -0.01271671   -0.00581247    0.00079480
2348    H  -0.01163445    0.00914770    0.00271933
2349    O  -0.00969539   -0.00926809    0.00891622
2350    H   0.00337221    0.00414543   -0.00682322
2351    H   0.00745197    0.00666423   -0.00196569
2352    O  -0.01594361    0.04012000    0.01301410
2353    H   0.00359722   -0.00773570    0.00622574
2354    H   0.00556407   -0.02281468   -0.00471897
2355    O   0.00358751    0.00429297   -0.00840246
2356    H  -0.00209974   -0.00987511    0.00543403
2357    H  -0.00267957    0.00338791    0.00713469
2358    O   0.00614455    0.01139415    0.02315266
2359    H  -0.00223250   -0.00807017   -0.00690536
2360    H  -0.00173257   -0.00509783   -0.01316943
2361    O  -0.00958822    0.00904424   -0.00905431
2362    H   0.00365577    0.00097587    0.00768938
2363    H   0.00430213   -0.00980922    0.00173952
2364    O  -0.00293769   -0.02741047   -0.00635546
2365    H  -0.00027667    0.00802847    0.00486539
2366    H   0.00164594    0.01633738   -0.00073430
2367    O   0.01259623   -0.02512271   -0.00760144
2368    H  -0.01389337    0.00489789    0.00059837
2369    H  -0.00269796    0.01403512    0.00701826
2370    O  -0.00877007   -0.00706299   -0.01842176
2371    H   0.01118046    0.00520940    0.01145718
2372    H   0.00248706    0.00300889    0.01414712
2373    O   0.00750094    0.00560007   -0.03126325
2374    H  -0.00074979   -0.00044829    0.02103006
2375    H  -0.00369648   -0.00777552    0.00537418
2376    O  -0.03819032   -0.01068222   -0.00340165
2377    H   0.01930465    0.00070322   -0.00484165
2378    H   0.01611269    0.00780862    0.00996532
2379    O  -0.00984243    0.01311863    0.01138001
2380    H   0.00152556   -0.00408982   -0.00817973
2381    H   0.00684662   -0.00460754   -0.00475908
2382    O  -0.00259652   -0.01592947   -0.04155069
2383    H   0.00599976    0.00771649    0.00950594
2384    H  -0.00306884    0.00665938    0.02127446
2385    O   0.01069056   -0.01361262   -0.02824818
2386    H  -0.01082588    0.01219102    0.01172993
2387    H   0.00317860   -0.00035422    0.01484948
2388    O   0.00878009   -0.00495919   -0.01460660
2389    H  -0.00923039   -0.00001622    0.01319411
2390    H  -0.00370399    0.00954222    0.00511550
2391    O   0.02380145   -0.01117049   -0.01449916
2392    H  -0.00951612    0.00868737    0.00820519
2393    H  -0.01173202   -0.00486243    0.00077376
2394    O   0.00889722   -0.02549745   -0.01728542
2395    H  -0.00221158    0.01928056    0.00095942
2396    H  -0.01360410    0.00759980    0.01642836
2397    O  -0.00745901    0.01226962   -0.01361420
2398    H   0.00432144   -0.00316106    0.01497016
2399    H   0.00308323   -0.00428191   -0.00105334
2400    O   0.01956159   -0.00494854   -0.01469083
2401    H  -0.00784909   -0.00508208    0.00953789
2402    H  -0.01412056    0.00612225    0.00170702
2403    O  -0.02716221   -0.00150536   -0.01023765
2404    H   0.01004493   -0.00051739    0.00858992
2405    H   0.01097408   -0.00253023    0.00942467
2406    O   0.00732661    0.00237045    0.02392995
2407    H  -0.00138804   -0.00670383   -0.01713965
2408    H  -0.00774494    0.00327479   -0.00527268
2409    O  -0.00026183   -0.01767556   -0.00097254
2410    H  -0.00542843    0.01330333    0.00558199
2411    H   0.00822636    0.00885371    0.00067024
2412    O   0.01144459    0.01575877   -0.01565002
2413    H  -0.01261393   -0.00223964    0.00635514
2414    H   0.00022049   -0.01292673    0.01118632
2415    O   0.01339788    0.00017613   -0.02581283
2416    H  -0.00953127   -0.00709553    0.00760403
2417    H  -0.00620236    0.00233149    0.01795944
2418    O   0.01182780   -0.01881602   -0.01939327
2419    H  -0.00552455    0.00487024    0.01138703
2420    H  -0.00660087    0.01004288   -0.00097597
2421    O   0.03463044   -0.00427188    0.00836562
2422    H  -0.01834998    0.00024472   -0.00824763
2423    H  -0.01106924   -0.00393625    0.00146507
2424    O   0.00757582   -0.01433283   -0.01214461
2425    H   0.00004787    0.00731447    0.00569977
2426    H  -0.01077680    0.00570617    0.00393665
2427    O  -0.00482088   -0.01599599   -0.01396981
2428    H   0.00061631    0.01182210    0.01282281
2429    H   0.00413295    0.00219500    0.00704091
2430    O   0.01173348   -0.01480959   -0.00472559
2431    H  -0.00159944    0.00127544    0.00925070
2432    H  -0.00857589    0.00623014   -0.00444490
2433    O  -0.00128114    0.02752667   -0.01975354
2434    H   0.00051944   -0.01045585    0.01567415
2435    H   0.00589308   -0.01839709    0.00557279
2436    O   0.00904376    0.01324165    0.02826664
2437    H  -0.00496031    0.00482577   -0.01770493
2438    H  -0.00106395   -0.01072590   -0.00767796
2439    O   0.00833903   -0.01023735    0.03757056
2440    H  -0.00539889    0.00179625   -0.01847272
2441    H  -0.00384087    0.01016580   -0.00253520
2442    O   0.00731980    0.02345304    0.00366636
2443    H  -0.01134914   -0.00771546   -0.00411421
2444    H   0.00253734   -0.01556843    0.00224980
2445    O  -0.01152061   -0.02236052    0.01093300
2446    H   0.00220621    0.01777890   -0.00824088
2447    H   0.00906878    0.00104195   -0.00738445
2448    O  -0.03541606    0.02350046   -0.01255757
2449    H   0.02161722   -0.00488736    0.00352410
2450    H   0.01069379   -0.01592813    0.01005344
2451    O  -0.00690395   -0.00887132    0.01684236
2452    H  -0.00095215    0.00301172   -0.01217958
2453    H   0.00777011    0.00782991   -0.00835481
2454    O  -0.01758531    0.00842558   -0.00161682
2455    H   0.00990747   -0.00228808    0.00962035
2456    H   0.00871720   -0.00623447   -0.00618246
2457    O   0.02004971    0.01438236    0.00523423
2458    H  -0.01037437   -0.00031494   -0.00382054
2459    H  -0.01597337   -0.00706728   -0.00060012
2460    O  -0.01404755   -0.00421072    0.02284615
2461    H   0.00724309   -0.00526370   -0.01593610
2462    H   0.00447277    0.00332722   -0.00359690
2463    O   0.00069067   -0.01898955   -0.03149487
2464    H  -0.00811748    0.00694396    0.01307573
2465    H   0.00271852    0.00994080    0.01947709
2466    O   0.00654864    0.01463299   -0.01012728
2467    H  -0.01156870   -0.00802051    0.00925053
2468    H  -0.00105976   -0.00461760    0.00207072
2469    O   0.02526298   -0.01002814    0.01786496
2470    H  -0.01156482    0.00231125   -0.01252029
2471    H  -0.01315170    0.00514123   -0.00784999
2472    O   0.01186559   -0.00597967   -0.01664880
2473    H  -0.00822583    0.00193473    0.01066262
2474    H  -0.00551424    0.00684010    0.00828019
2475    O   0.00455582   -0.00426059   -0.02224283
2476    H   0.00100273    0.00258689    0.00797167
2477    H  -0.00702992    0.00257153    0.01308333
2478    O   0.01754044    0.02229679   -0.01267198
2479    H  -0.01131777   -0.01788121    0.00428317
2480    H  -0.00060347   -0.01264073    0.00534510
2481    O  -0.03406198   -0.00952675    0.00010579
2482    H   0.01891163    0.00968483   -0.00998792
2483    H   0.01684017    0.00101863    0.00628555
2484    O   0.01477595   -0.01179645   -0.01077250
2485    H  -0.00156509    0.00471797    0.01075111
2486    H  -0.01361226    0.00806120    0.00063885
2487    O  -0.00394150    0.01702543   -0.01025816
2488    H  -0.00053925   -0.00367769    0.00407205
2489    H   0.00451672   -0.01034555    0.00612168
2490    O   0.00497451    0.01162412   -0.01896099
2491    H  -0.00392926   -0.00419969    0.00788870
2492    H   0.00405761   -0.01139943    0.01229985
2493    O  -0.01535783   -0.00975869   -0.00543665
2494    H   0.00251744    0.00288932    0.00307224
2495    H   0.01211618    0.00427831    0.00020784
2496    O  -0.01769949    0.02248619   -0.00923411
2497    H   0.01221937   -0.01597424    0.00007948
2498    H   0.00212034   -0.00863850    0.00911022
2499    O   0.00494643   -0.01392139   -0.02315167
2500    H  -0.00715195    0.00993455    0.01304571
2501    H  -0.00123579    0.00400256    0.01236640
2502    O   0.00211885    0.01712277    0.00499155
2503    H   0.00123015   -0.01248939   -0.00675783
2504    H  -0.00215379   -0.00535563    0.00102142
2505    O  -0.01656832   -0.01461772   -0.00501692
2506    H   0.00752494    0.00077085   -0.00338999
2507    H   0.01145162    0.01213639    0.00800858
2508    O  -0.01557489   -0.01189640   -0.01174907
2509    H   0.00426238    0.00503311    0.00587752
2510    H   0.00791126    0.01000987   -0.00064446
2511    O  -0.01762790    0.00881460   -0.01644159
2512    H   0.00696141   -0.01000954    0.00283856
2513    H   0.00665373   -0.00275196    0.00614619
2514    O   0.02065198    0.00893459    0.00927699
2515    H  -0.01336962   -0.00569610   -0.00213945
2516    H  -0.00653438   -0.00411203   -0.00475308
2517    O  -0.00406299    0.01469257   -0.01062038
2518    H  -0.00534539   -0.00739805    0.00823417
2519    H   0.00858691   -0.00624080    0.00517643
2520    O  -0.02481615    0.01327947    0.00512145
2521    H   0.01031579   -0.01609345   -0.00375517
2522    H   0.01148513   -0.00249857    0.00309408
2523    O   0.00618831    0.00137912   -0.00493429
2524    H  -0.01346939    0.00061853    0.00431359
2525    H  -0.00662361   -0.00380751    0.00370168
2526    O  -0.01031595   -0.03326113    0.03584620
2527    H   0.00369081    0.00338927   -0.01936798
2528    H   0.00632623    0.01739423   -0.01233314
2529    O   0.01659623   -0.00708900   -0.00937678
2530    H  -0.00525817   -0.00310073   -0.00257321
2531    H  -0.00996924    0.00729907    0.01104252
2532    O  -0.00762486   -0.00741580   -0.01840102
2533    H   0.00498347    0.00273963    0.01461449
2534    H   0.00099557    0.00187445    0.00603971
2535    O   0.02044840    0.00665254   -0.00856290
2536    H  -0.01529842   -0.00784064    0.00441656
2537    H  -0.01189200   -0.00344166    0.01198292
2538    O   0.00736939   -0.01740192   -0.00452990
2539    H  -0.00077589    0.00760855    0.00585545
2540    H  -0.01068770    0.00644411    0.00004465
2541    O  -0.03681862    0.04351546    0.00221893
2542    H   0.02021422   -0.01993340   -0.00106557
2543    H   0.00665100   -0.00117385   -0.00287868
2544    O  -0.01852335    0.00391456   -0.00495918
2545    H   0.00631791   -0.00514933    0.00609934
2546    H   0.00753294    0.00114639   -0.00260179
2547    O   0.01294877   -0.00429226   -0.01271511
2548    H  -0.00854728    0.00657921    0.00001700
2549    H  -0.00729240   -0.00316686    0.01389693
2550    O   0.01973327   -0.01472157   -0.00649078
2551    H  -0.01236922    0.00443579   -0.00041642
2552    H   0.00013641    0.00922185    0.01222526
2553    O  -0.00716305   -0.02501598    0.01817669
2554    H   0.00856841    0.00714344   -0.01443429
2555    H   0.00103055    0.01880473   -0.00135805
2556    O   0.02212065   -0.00880735    0.00231980
2557    H  -0.00415548    0.01292954   -0.00336218
2558    H  -0.01457668    0.00099910   -0.00542937
2559    O   0.01583163    0.00629540   -0.04342761
2560    H  -0.00603304   -0.00451284    0.02687653
2561    H  -0.01100472    0.00111698    0.00311210
2562    O   0.02706520   -0.00009991    0.02372716
2563    H  -0.01325397   -0.00487523   -0.01196784
2564    H  -0.00744949    0.00960823   -0.01062910
2565    O   0.02073109   -0.00335296    0.01626739
2566    H  -0.00955104    0.00604504   -0.01019442
2567    H  -0.00623980   -0.00648078   -0.00273539
2568    O  -0.01915617    0.00243005   -0.02536699
2569    H   0.00889449   -0.00279584    0.00677253
2570    H   0.00949729    0.00528134    0.02075740
2571    O   0.00737989   -0.02936935   -0.00229294
2572    H  -0.00293397    0.00416785   -0.00090384
2573    H  -0.00500068    0.02015276    0.00090929
2574    O   0.00121697    0.00701903   -0.02238761
2575    H   0.00389104    0.00351407    0.00984269
2576    H  -0.00129591   -0.00733359    0.01474613
2577    O  -0.02747888   -0.00358171    0.00957688
2578    H   0.01617626    0.00378597    0.00843628
2579    H   0.01229377   -0.00080977   -0.01634889
2580    O   0.00530377    0.00983504   -0.04441303
2581    H   0.00079415   -0.00483256    0.02410794
2582    H  -0.00737975   -0.00917006    0.01592834
2583    O  -0.00262575    0.01778916    0.03234355
2584    H  -0.00218424   -0.00519402   -0.01157620
2585    H   0.00849268   -0.01022464   -0.01433370
2586    O  -0.00040137   -0.00255572   -0.01325741
2587    H   0.00190148    0.00665999    0.00048843
2588    H  -0.00164312    0.00126928    0.01565196
2589    O  -0.00446101    0.01149476    0.00619366
2590    H  -0.00285284   -0.00466622   -0.00114915
2591    H   0.00876632   -0.00596207   -0.00447395
2592    O  -0.02665406   -0.01075379    0.01646935
2593    H   0.01500042   -0.00048312   -0.00618850
2594    H   0.00643320    0.01338690   -0.00964549
2595    O   0.02137169    0.00052758   -0.00676944
2596    H  -0.01113041   -0.00247398    0.00012852
2597    H  -0.00983964    0.00417001    0.00298624
2598    O   0.01581370    0.00612226   -0.02273783
2599    H  -0.00820966    0.00064065    0.00459660
2600    H  -0.00740602   -0.00510957    0.01501050
2601    O   0.00221422    0.02815296    0.01279800
2602    H   0.00795030   -0.00675409   -0.00860661
2603    H  -0.00747362   -0.01506127    0.00242477
2604    O  -0.02246339   -0.01798063   -0.00438639
2605    H   0.01108203    0.00981489    0.01228628
2606    H   0.00647252    0.00840240   -0.00544053
2607    O  -0.00579350    0.00885396    0.03751752
2608    H  -0.00064528   -0.00844105   -0.01710173
2609    H   0.00832841    0.00376736   -0.01132018
2610    O   0.02155038   -0.01269850    0.00141093
2611    H  -0.00966943    0.01568566    0.00251010
2612    H  -0.01386092   -0.00027379   -0.00835014
2613    O   0.01499802   -0.00334056   -0.00436503
2614    H  -0.00340669    0.00147323    0.00026747
2615    H  -0.00995819   -0.00369533    0.00363469
2616    O  -0.00317138   -0.00800237   -0.01756443
2617    H   0.00196257   -0.00263882    0.01113774
2618    H   0.00134778    0.00422779    0.00674279
2619    O  -0.00879707   -0.00982486    0.01622734
2620    H   0.01137046    0.00206368   -0.00564957
2621    H   0.00261762    0.00937102   -0.01190713
2622    O  -0.01535189   -0.00902807    0.02619283
2623    H   0.00487310   -0.00606622   -0.00785978
2624    H   0.01136931    0.00215799   -0.01779872
2625    O   0.03085512    0.01192183   -0.00519380
2626    H  -0.01503203   -0.00523965    0.00829970
2627    H  -0.02306322   -0.00275537   -0.00193526
2628    O  -0.03242330   -0.01150710    0.01122164
2629    H   0.02107658    0.00540587   -0.00418533
2630    H   0.01041805    0.00748502   -0.00593326
2631    O   0.02619777    0.00004695    0.00016503
2632    H  -0.01353486   -0.00006967    0.00018417
2633    H  -0.01595000   -0.00420618    0.00027260
2634    O  -0.01194220   -0.00391704   -0.01587327
2635    H   0.00658909    0.00376494    0.01138369
2636    H   0.00564022    0.00093930    0.00650963
